<?xml version="1.0" encoding="UTF-8"?>
<gpx version="1.1" creator="Garmin Edge 530"
  xmlns="http://www.topografix.com/GPX/1/1"
  xmlns:gpxtpx="http://www.garmin.com/xmlschemas/TrackPointExtension/v1">
  <trk><name>Morning commute</name><trkseg>
    <trkpt lat="45.523100" lon="-122.676500">
      <ele>200.0</ele>
      <time>2024-03-12T07:30:00.000Z</time>
      <extensions><gpxtpx:TrackPointExtension><gpxtpx:hr>128</gpxtpx:hr><gpxtpx:cad>0</gpxtpx:cad></gpxtpx:TrackPointExtension></extensions>
    </trkpt>
    <trkpt lat="45.523120" lon="-122.676420">
      <ele>200.0</ele>
      <time>2024-03-12T07:30:01.000Z</time>
      <extensions><gpxtpx:TrackPointExtension><gpxtpx:hr>134</gpxtpx:hr><gpxtpx:cad>83</gpxtpx:cad></gpxtpx:TrackPointExtension></extensions>
    </trkpt>
    <trkpt lat="45.523140" lon="-122.676339">
      <ele>200.0</ele>
      <time>2024-03-12T07:30:02.000Z</time>
      <extensions><gpxtpx:TrackPointExtension><gpxtpx:hr>134</gpxtpx:hr><gpxtpx:cad>86</gpxtpx:cad></gpxtpx:TrackPointExtension></extensions>
    </trkpt>
    <trkpt lat="45.523160" lon="-122.676258">
      <ele>200.0</ele>
      <time>2024-03-12T07:30:03.000Z</time>
      <extensions><gpxtpx:TrackPointExtension><gpxtpx:hr>134</gpxtpx:hr><gpxtpx:cad>78</gpxtpx:cad></gpxtpx:TrackPointExtension></extensions>
    </trkpt>
    <trkpt lat="45.523180" lon="-122.676177">
      <ele>200.0</ele>
      <time>2024-03-12T07:30:04.000Z</time>
      <extensions><gpxtpx:TrackPointExtension><gpxtpx:hr>134</gpxtpx:hr><gpxtpx:cad>83</gpxtpx:cad></gpxtpx:TrackPointExtension></extensions>
    </trkpt>
    <trkpt lat="45.523199" lon="-122.676097">
      <ele>200.0</ele>
      <time>2024-03-12T07:30:05.000Z</time>
      <extensions><gpxtpx:TrackPointExtension><gpxtpx:hr>133</gpxtpx:hr><gpxtpx:cad>82</gpxtpx:cad></gpxtpx:TrackPointExtension></extensions>
    </trkpt>
    <trkpt lat="45.523218" lon="-122.676016">
      <ele>200.0</ele>
      <time>2024-03-12T07:30:06.000Z</time>
      <extensions><gpxtpx:TrackPointExtension><gpxtpx:hr>136</gpxtpx:hr><gpxtpx:cad>81</gpxtpx:cad></gpxtpx:TrackPointExtension></extensions>
    </trkpt>
    <trkpt lat="45.523237" lon="-122.675934">
      <ele>200.0</ele>
      <time>2024-03-12T07:30:07.000Z</time>
      <extensions><gpxtpx:TrackPointExtension><gpxtpx:hr>135</gpxtpx:hr><gpxtpx:cad>84</gpxtpx:cad></gpxtpx:TrackPointExtension></extensions>
    </trkpt>
    <trkpt lat="45.523255" lon="-122.675853">
      <ele>200.0</ele>
      <time>2024-03-12T07:30:08.000Z</time>
      <extensions><gpxtpx:TrackPointExtension><gpxtpx:hr>131</gpxtpx:hr><gpxtpx:cad>79</gpxtpx:cad></gpxtpx:TrackPointExtension></extensions>
    </trkpt>
    <trkpt lat="45.523274" lon="-122.675772">
      <ele>200.0</ele>
      <time>2024-03-12T07:30:09.000Z</time>
      <extensions><gpxtpx:TrackPointExtension><gpxtpx:hr>132</gpxtpx:hr><gpxtpx:cad>81</gpxtpx:cad></gpxtpx:TrackPointExtension></extensions>
    </trkpt>
    <trkpt lat="45.523292" lon="-122.675690">
      <ele>200.0</ele>
      <time>2024-03-12T07:30:10.000Z</time>
      <extensions><gpxtpx:TrackPointExtension><gpxtpx:hr>132</gpxtpx:hr><gpxtpx:cad>83</gpxtpx:cad></gpxtpx:TrackPointExtension></extensions>
    </trkpt>
    <trkpt lat="45.523310" lon="-122.675609">
      <ele>200.0</ele>
      <time>2024-03-12T07:30:11.000Z</time>
      <extensions><gpxtpx:TrackPointExtension><gpxtpx:hr>130</gpxtpx:hr><gpxtpx:cad>83</gpxtpx:cad></gpxtpx:TrackPointExtension></extensions>
    </trkpt>
    <trkpt lat="45.523327" lon="-122.675527">
      <ele>200.0</ele>
      <time>2024-03-12T07:30:12.000Z</time>
      <extensions><gpxtpx:TrackPointExtension><gpxtpx:hr>134</gpxtpx:hr><gpxtpx:cad>81</gpxtpx:cad></gpxtpx:TrackPointExtension></extensions>
    </trkpt>
    <trkpt lat="45.523344" lon="-122.675445">
      <ele>200.0</ele>
      <time>2024-03-12T07:30:13.000Z</time>
      <extensions><gpxtpx:TrackPointExtension><gpxtpx:hr>136</gpxtpx:hr><gpxtpx:cad>85</gpxtpx:cad></gpxtpx:TrackPointExtension></extensions>
    </trkpt>
    <trkpt lat="45.523362" lon="-122.675363">
      <ele>200.0</ele>
      <time>2024-03-12T07:30:14.000Z</time>
      <extensions><gpxtpx:TrackPointExtension><gpxtpx:hr>135</gpxtpx:hr><gpxtpx:cad>80</gpxtpx:cad></gpxtpx:TrackPointExtension></extensions>
    </trkpt>
    <trkpt lat="45.523378" lon="-122.675281">
      <ele>200.0</ele>
      <time>2024-03-12T07:30:15.000Z</time>
      <extensions><gpxtpx:TrackPointExtension><gpxtpx:hr>134</gpxtpx:hr><gpxtpx:cad>80</gpxtpx:cad></gpxtpx:TrackPointExtension></extensions>
    </trkpt>
    <trkpt lat="45.523395" lon="-122.675199">
      <ele>200.0</ele>
      <time>2024-03-12T07:30:16.000Z</time>
      <extensions><gpxtpx:TrackPointExtension><gpxtpx:hr>130</gpxtpx:hr><gpxtpx:cad>84</gpxtpx:cad></gpxtpx:TrackPointExtension></extensions>
    </trkpt>
    <trkpt lat="45.523412" lon="-122.675117">
      <ele>200.0</ele>
      <time>2024-03-12T07:30:17.000Z</time>
      <extensions><gpxtpx:TrackPointExtension><gpxtpx:hr>137</gpxtpx:hr><gpxtpx:cad>80</gpxtpx:cad></gpxtpx:TrackPointExtension></extensions>
    </trkpt>
    <trkpt lat="45.523428" lon="-122.675035">
      <ele>200.0</ele>
      <time>2024-03-12T07:30:18.000Z</time>
      <extensions><gpxtpx:TrackPointExtension><gpxtpx:hr>131</gpxtpx:hr><gpxtpx:cad>84</gpxtpx:cad></gpxtpx:TrackPointExtension></extensions>
    </trkpt>
    <trkpt lat="45.523444" lon="-122.674952">
      <ele>200.0</ele>
      <time>2024-03-12T07:30:19.000Z</time>
      <extensions><gpxtpx:TrackPointExtension><gpxtpx:hr>132</gpxtpx:hr><gpxtpx:cad>83</gpxtpx:cad></gpxtpx:TrackPointExtension></extensions>
    </trkpt>
    <trkpt lat="45.523459" lon="-122.674870">
      <ele>200.0</ele>
      <time>2024-03-12T07:30:20.000Z</time>
      <extensions><gpxtpx:TrackPointExtension><gpxtpx:hr>134</gpxtpx:hr><gpxtpx:cad>85</gpxtpx:cad></gpxtpx:TrackPointExtension></extensions>
    </trkpt>
    <trkpt lat="45.523475" lon="-122.674787">
      <ele>200.0</ele>
      <time>2024-03-12T07:30:21.000Z</time>
      <extensions><gpxtpx:TrackPointExtension><gpxtpx:hr>130</gpxtpx:hr><gpxtpx:cad>85</gpxtpx:cad></gpxtpx:TrackPointExtension></extensions>
    </trkpt>
    <trkpt lat="45.523490" lon="-122.674704">
      <ele>200.0</ele>
      <time>2024-03-12T07:30:22.000Z</time>
      <extensions><gpxtpx:TrackPointExtension><gpxtpx:hr>136</gpxtpx:hr><gpxtpx:cad>81</gpxtpx:cad></gpxtpx:TrackPointExtension></extensions>
    </trkpt>
    <trkpt lat="45.523505" lon="-122.674622">
      <ele>200.0</ele>
      <time>2024-03-12T07:30:23.000Z</time>
      <extensions><gpxtpx:TrackPointExtension><gpxtpx:hr>130</gpxtpx:hr><gpxtpx:cad>78</gpxtpx:cad></gpxtpx:TrackPointExtension></extensions>
    </trkpt>
    <trkpt lat="45.523520" lon="-122.674539">
      <ele>200.0</ele>
      <time>2024-03-12T07:30:24.000Z</time>
      <extensions><gpxtpx:TrackPointExtension><gpxtpx:hr>136</gpxtpx:hr><gpxtpx:cad>82</gpxtpx:cad></gpxtpx:TrackPointExtension></extensions>
    </trkpt>
    <trkpt lat="45.523534" lon="-122.674456">
      <ele>200.0</ele>
      <time>2024-03-12T07:30:25.000Z</time>
      <extensions><gpxtpx:TrackPointExtension><gpxtpx:hr>134</gpxtpx:hr><gpxtpx:cad>80</gpxtpx:cad></gpxtpx:TrackPointExtension></extensions>
    </trkpt>
    <trkpt lat="45.523548" lon="-122.674373">
      <ele>200.0</ele>
      <time>2024-03-12T07:30:26.000Z</time>
      <extensions><gpxtpx:TrackPointExtension><gpxtpx:hr>133</gpxtpx:hr><gpxtpx:cad>84</gpxtpx:cad></gpxtpx:TrackPointExtension></extensions>
    </trkpt>
    <trkpt lat="45.523562" lon="-122.674290">
      <ele>200.0</ele>
      <time>2024-03-12T07:30:27.000Z</time>
      <extensions><gpxtpx:TrackPointExtension><gpxtpx:hr>130</gpxtpx:hr><gpxtpx:cad>83</gpxtpx:cad></gpxtpx:TrackPointExtension></extensions>
    </trkpt>
    <trkpt lat="45.523576" lon="-122.674206">
      <ele>200.0</ele>
      <time>2024-03-12T07:30:28.000Z</time>
      <extensions><gpxtpx:TrackPointExtension><gpxtpx:hr>130</gpxtpx:hr><gpxtpx:cad>81</gpxtpx:cad></gpxtpx:TrackPointExtension></extensions>
    </trkpt>
    <trkpt lat="45.523589" lon="-122.674123">
      <ele>200.0</ele>
      <time>2024-03-12T07:30:29.000Z</time>
      <extensions><gpxtpx:TrackPointExtension><gpxtpx:hr>134</gpxtpx:hr><gpxtpx:cad>87</gpxtpx:cad></gpxtpx:TrackPointExtension></extensions>
    </trkpt>
    <trkpt lat="45.523603" lon="-122.674040">
      <ele>200.0</ele>
      <time>2024-03-12T07:30:30.000Z</time>
      <extensions><gpxtpx:TrackPointExtension><gpxtpx:hr>133</gpxtpx:hr><gpxtpx:cad>82</gpxtpx:cad></gpxtpx:TrackPointExtension></extensions>
    </trkpt>
    <trkpt lat="45.523616" lon="-122.673956">
      <ele>200.0</ele>
      <time>2024-03-12T07:30:31.000Z</time>
      <extensions><gpxtpx:TrackPointExtension><gpxtpx:hr>132</gpxtpx:hr><gpxtpx:cad>77</gpxtpx:cad></gpxtpx:TrackPointExtension></extensions>
    </trkpt>
    <trkpt lat="45.523628" lon="-122.673873">
      <ele>200.0</ele>
      <time>2024-03-12T07:30:32.000Z</time>
      <extensions><gpxtpx:TrackPointExtension><gpxtpx:hr>135</gpxtpx:hr><gpxtpx:cad>81</gpxtpx:cad></gpxtpx:TrackPointExtension></extensions>
    </trkpt>
    <trkpt lat="45.523641" lon="-122.673789">
      <ele>200.0</ele>
      <time>2024-03-12T07:30:33.000Z</time>
      <extensions><gpxtpx:TrackPointExtension><gpxtpx:hr>135</gpxtpx:hr><gpxtpx:cad>80</gpxtpx:cad></gpxtpx:TrackPointExtension></extensions>
    </trkpt>
    <trkpt lat="45.523653" lon="-122.673706">
      <ele>200.0</ele>
      <time>2024-03-12T07:30:34.000Z</time>
      <extensions><gpxtpx:TrackPointExtension><gpxtpx:hr>134</gpxtpx:hr><gpxtpx:cad>80</gpxtpx:cad></gpxtpx:TrackPointExtension></extensions>
    </trkpt>
    <trkpt lat="45.523665" lon="-122.673622">
      <ele>200.0</ele>
      <time>2024-03-12T07:30:35.000Z</time>
      <extensions><gpxtpx:TrackPointExtension><gpxtpx:hr>136</gpxtpx:hr><gpxtpx:cad>79</gpxtpx:cad></gpxtpx:TrackPointExtension></extensions>
    </trkpt>
    <trkpt lat="45.523677" lon="-122.673538">
      <ele>200.0</ele>
      <time>2024-03-12T07:30:36.000Z</time>
      <extensions><gpxtpx:TrackPointExtension><gpxtpx:hr>130</gpxtpx:hr><gpxtpx:cad>83</gpxtpx:cad></gpxtpx:TrackPointExtension></extensions>
    </trkpt>
    <trkpt lat="45.523689" lon="-122.673454">
      <ele>200.0</ele>
      <time>2024-03-12T07:30:37.000Z</time>
      <extensions><gpxtpx:TrackPointExtension><gpxtpx:hr>134</gpxtpx:hr><gpxtpx:cad>78</gpxtpx:cad></gpxtpx:TrackPointExtension></extensions>
    </trkpt>
    <trkpt lat="45.523700" lon="-122.673370">
      <ele>200.0</ele>
      <time>2024-03-12T07:30:38.000Z</time>
      <extensions><gpxtpx:TrackPointExtension><gpxtpx:hr>132</gpxtpx:hr><gpxtpx:cad>81</gpxtpx:cad></gpxtpx:TrackPointExtension></extensions>
    </trkpt>
    <trkpt lat="45.523711" lon="-122.673286">
      <ele>200.0</ele>
      <time>2024-03-12T07:30:39.000Z</time>
      <extensions><gpxtpx:TrackPointExtension><gpxtpx:hr>137</gpxtpx:hr><gpxtpx:cad>86</gpxtpx:cad></gpxtpx:TrackPointExtension></extensions>
    </trkpt>
    <trkpt lat="45.523722" lon="-122.673202">
      <ele>200.0</ele>
      <time>2024-03-12T07:30:40.000Z</time>
      <extensions><gpxtpx:TrackPointExtension><gpxtpx:hr>134</gpxtpx:hr><gpxtpx:cad>81</gpxtpx:cad></gpxtpx:TrackPointExtension></extensions>
    </trkpt>
    <trkpt lat="45.523732" lon="-122.673118">
      <ele>200.0</ele>
      <time>2024-03-12T07:30:41.000Z</time>
      <extensions><gpxtpx:TrackPointExtension><gpxtpx:hr>137</gpxtpx:hr><gpxtpx:cad>83</gpxtpx:cad></gpxtpx:TrackPointExtension></extensions>
    </trkpt>
    <trkpt lat="45.523743" lon="-122.673034">
      <ele>200.0</ele>
      <time>2024-03-12T07:30:42.000Z</time>
      <extensions><gpxtpx:TrackPointExtension><gpxtpx:hr>133</gpxtpx:hr><gpxtpx:cad>80</gpxtpx:cad></gpxtpx:TrackPointExtension></extensions>
    </trkpt>
    <trkpt lat="45.523753" lon="-122.672950">
      <ele>200.0</ele>
      <time>2024-03-12T07:30:43.000Z</time>
      <extensions><gpxtpx:TrackPointExtension><gpxtpx:hr>133</gpxtpx:hr><gpxtpx:cad>77</gpxtpx:cad></gpxtpx:TrackPointExtension></extensions>
    </trkpt>
    <trkpt lat="45.523763" lon="-122.672865">
      <ele>200.0</ele>
      <time>2024-03-12T07:30:44.000Z</time>
      <extensions><gpxtpx:TrackPointExtension><gpxtpx:hr>136</gpxtpx:hr><gpxtpx:cad>80</gpxtpx:cad></gpxtpx:TrackPointExtension></extensions>
    </trkpt>
    <trkpt lat="45.523772" lon="-122.672781">
      <ele>200.0</ele>
      <time>2024-03-12T07:30:45.000Z</time>
      <extensions><gpxtpx:TrackPointExtension><gpxtpx:hr>133</gpxtpx:hr><gpxtpx:cad>78</gpxtpx:cad></gpxtpx:TrackPointExtension></extensions>
    </trkpt>
    <trkpt lat="45.523782" lon="-122.672697">
      <ele>200.0</ele>
      <time>2024-03-12T07:30:46.000Z</time>
      <extensions><gpxtpx:TrackPointExtension><gpxtpx:hr>130</gpxtpx:hr><gpxtpx:cad>84</gpxtpx:cad></gpxtpx:TrackPointExtension></extensions>
    </trkpt>
    <trkpt lat="45.523791" lon="-122.672612">
      <ele>200.0</ele>
      <time>2024-03-12T07:30:47.000Z</time>
      <extensions><gpxtpx:TrackPointExtension><gpxtpx:hr>134</gpxtpx:hr><gpxtpx:cad>82</gpxtpx:cad></gpxtpx:TrackPointExtension></extensions>
    </trkpt>
    <trkpt lat="45.523800" lon="-122.672528">
      <ele>200.0</ele>
      <time>2024-03-12T07:30:48.000Z</time>
      <extensions><gpxtpx:TrackPointExtension><gpxtpx:hr>130</gpxtpx:hr><gpxtpx:cad>83</gpxtpx:cad></gpxtpx:TrackPointExtension></extensions>
    </trkpt>
    <trkpt lat="45.523809" lon="-122.672443">
      <ele>200.0</ele>
      <time>2024-03-12T07:30:49.000Z</time>
      <extensions><gpxtpx:TrackPointExtension><gpxtpx:hr>134</gpxtpx:hr><gpxtpx:cad>86</gpxtpx:cad></gpxtpx:TrackPointExtension></extensions>
    </trkpt>
    <trkpt lat="45.523817" lon="-122.672358">
      <ele>200.0</ele>
      <time>2024-03-12T07:30:50.000Z</time>
      <extensions><gpxtpx:TrackPointExtension><gpxtpx:hr>137</gpxtpx:hr><gpxtpx:cad>83</gpxtpx:cad></gpxtpx:TrackPointExtension></extensions>
    </trkpt>
    <trkpt lat="45.523825" lon="-122.672274">
      <ele>200.0</ele>
      <time>2024-03-12T07:30:51.000Z</time>
      <extensions><gpxtpx:TrackPointExtension><gpxtpx:hr>134</gpxtpx:hr><gpxtpx:cad>83</gpxtpx:cad></gpxtpx:TrackPointExtension></extensions>
    </trkpt>
    <trkpt lat="45.523833" lon="-122.672189">
      <ele>200.0</ele>
      <time>2024-03-12T07:30:52.000Z</time>
      <extensions><gpxtpx:TrackPointExtension><gpxtpx:hr>133</gpxtpx:hr><gpxtpx:cad>78</gpxtpx:cad></gpxtpx:TrackPointExtension></extensions>
    </trkpt>
    <trkpt lat="45.523841" lon="-122.672104">
      <ele>200.0</ele>
      <time>2024-03-12T07:30:53.000Z</time>
      <extensions><gpxtpx:TrackPointExtension><gpxtpx:hr>135</gpxtpx:hr><gpxtpx:cad>84</gpxtpx:cad></gpxtpx:TrackPointExtension></extensions>
    </trkpt>
    <trkpt lat="45.523849" lon="-122.672019">
      <ele>200.0</ele>
      <time>2024-03-12T07:30:54.000Z</time>
      <extensions><gpxtpx:TrackPointExtension><gpxtpx:hr>137</gpxtpx:hr><gpxtpx:cad>84</gpxtpx:cad></gpxtpx:TrackPointExtension></extensions>
    </trkpt>
    <trkpt lat="45.523856" lon="-122.671935">
      <ele>200.0</ele>
      <time>2024-03-12T07:30:55.000Z</time>
      <extensions><gpxtpx:TrackPointExtension><gpxtpx:hr>130</gpxtpx:hr><gpxtpx:cad>78</gpxtpx:cad></gpxtpx:TrackPointExtension></extensions>
    </trkpt>
    <trkpt lat="45.523863" lon="-122.671850">
      <ele>200.0</ele>
      <time>2024-03-12T07:30:56.000Z</time>
      <extensions><gpxtpx:TrackPointExtension><gpxtpx:hr>135</gpxtpx:hr><gpxtpx:cad>87</gpxtpx:cad></gpxtpx:TrackPointExtension></extensions>
    </trkpt>
    <trkpt lat="45.523870" lon="-122.671765">
      <ele>200.0</ele>
      <time>2024-03-12T07:30:57.000Z</time>
      <extensions><gpxtpx:TrackPointExtension><gpxtpx:hr>132</gpxtpx:hr><gpxtpx:cad>86</gpxtpx:cad></gpxtpx:TrackPointExtension></extensions>
    </trkpt>
    <trkpt lat="45.523876" lon="-122.671680">
      <ele>200.0</ele>
      <time>2024-03-12T07:30:58.000Z</time>
      <extensions><gpxtpx:TrackPointExtension><gpxtpx:hr>132</gpxtpx:hr><gpxtpx:cad>85</gpxtpx:cad></gpxtpx:TrackPointExtension></extensions>
    </trkpt>
    <trkpt lat="45.523883" lon="-122.671595">
      <ele>200.0</ele>
      <time>2024-03-12T07:30:59.000Z</time>
      <extensions><gpxtpx:TrackPointExtension><gpxtpx:hr>135</gpxtpx:hr><gpxtpx:cad>78</gpxtpx:cad></gpxtpx:TrackPointExtension></extensions>
    </trkpt>
    <trkpt lat="45.523889" lon="-122.671510">
      <ele>200.0</ele>
      <time>2024-03-12T07:31:00.000Z</time>
      <extensions><gpxtpx:TrackPointExtension><gpxtpx:hr>132</gpxtpx:hr><gpxtpx:cad>84</gpxtpx:cad></gpxtpx:TrackPointExtension></extensions>
    </trkpt>
    <trkpt lat="45.523895" lon="-122.671425">
      <ele>200.0</ele>
      <time>2024-03-12T07:31:01.000Z</time>
      <extensions><gpxtpx:TrackPointExtension><gpxtpx:hr>133</gpxtpx:hr><gpxtpx:cad>83</gpxtpx:cad></gpxtpx:TrackPointExtension></extensions>
    </trkpt>
    <trkpt lat="45.523900" lon="-122.671340">
      <ele>200.0</ele>
      <time>2024-03-12T07:31:02.000Z</time>
      <extensions><gpxtpx:TrackPointExtension><gpxtpx:hr>131</gpxtpx:hr><gpxtpx:cad>84</gpxtpx:cad></gpxtpx:TrackPointExtension></extensions>
    </trkpt>
    <trkpt lat="45.523906" lon="-122.671254">
      <ele>200.0</ele>
      <time>2024-03-12T07:31:03.000Z</time>
      <extensions><gpxtpx:TrackPointExtension><gpxtpx:hr>132</gpxtpx:hr><gpxtpx:cad>78</gpxtpx:cad></gpxtpx:TrackPointExtension></extensions>
    </trkpt>
    <trkpt lat="45.523911" lon="-122.671169">
      <ele>200.0</ele>
      <time>2024-03-12T07:31:04.000Z</time>
      <extensions><gpxtpx:TrackPointExtension><gpxtpx:hr>134</gpxtpx:hr><gpxtpx:cad>81</gpxtpx:cad></gpxtpx:TrackPointExtension></extensions>
    </trkpt>
    <trkpt lat="45.523916" lon="-122.671084">
      <ele>200.0</ele>
      <time>2024-03-12T07:31:05.000Z</time>
      <extensions><gpxtpx:TrackPointExtension><gpxtpx:hr>131</gpxtpx:hr><gpxtpx:cad>85</gpxtpx:cad></gpxtpx:TrackPointExtension></extensions>
    </trkpt>
    <trkpt lat="45.523921" lon="-122.670999">
      <ele>200.0</ele>
      <time>2024-03-12T07:31:06.000Z</time>
      <extensions><gpxtpx:TrackPointExtension><gpxtpx:hr>137</gpxtpx:hr><gpxtpx:cad>85</gpxtpx:cad></gpxtpx:TrackPointExtension></extensions>
    </trkpt>
    <trkpt lat="45.523925" lon="-122.670914">
      <ele>200.0</ele>
      <time>2024-03-12T07:31:07.000Z</time>
      <extensions><gpxtpx:TrackPointExtension><gpxtpx:hr>129</gpxtpx:hr><gpxtpx:cad>81</gpxtpx:cad></gpxtpx:TrackPointExtension></extensions>
    </trkpt>
    <trkpt lat="45.523929" lon="-122.670828">
      <ele>200.0</ele>
      <time>2024-03-12T07:31:08.000Z</time>
      <extensions><gpxtpx:TrackPointExtension><gpxtpx:hr>136</gpxtpx:hr><gpxtpx:cad>83</gpxtpx:cad></gpxtpx:TrackPointExtension></extensions>
    </trkpt>
    <trkpt lat="45.523934" lon="-122.670743">
      <ele>200.0</ele>
      <time>2024-03-12T07:31:09.000Z</time>
      <extensions><gpxtpx:TrackPointExtension><gpxtpx:hr>135</gpxtpx:hr><gpxtpx:cad>83</gpxtpx:cad></gpxtpx:TrackPointExtension></extensions>
    </trkpt>
    <trkpt lat="45.523937" lon="-122.670658">
      <ele>200.0</ele>
      <time>2024-03-12T07:31:10.000Z</time>
      <extensions><gpxtpx:TrackPointExtension><gpxtpx:hr>129</gpxtpx:hr><gpxtpx:cad>82</gpxtpx:cad></gpxtpx:TrackPointExtension></extensions>
    </trkpt>
    <trkpt lat="45.523941" lon="-122.670573">
      <ele>200.0</ele>
      <time>2024-03-12T07:31:11.000Z</time>
      <extensions><gpxtpx:TrackPointExtension><gpxtpx:hr>133</gpxtpx:hr><gpxtpx:cad>79</gpxtpx:cad></gpxtpx:TrackPointExtension></extensions>
    </trkpt>
    <trkpt lat="45.523944" lon="-122.670487">
      <ele>200.0</ele>
      <time>2024-03-12T07:31:12.000Z</time>
      <extensions><gpxtpx:TrackPointExtension><gpxtpx:hr>136</gpxtpx:hr><gpxtpx:cad>78</gpxtpx:cad></gpxtpx:TrackPointExtension></extensions>
    </trkpt>
    <trkpt lat="45.523948" lon="-122.670402">
      <ele>200.0</ele>
      <time>2024-03-12T07:31:13.000Z</time>
      <extensions><gpxtpx:TrackPointExtension><gpxtpx:hr>130</gpxtpx:hr><gpxtpx:cad>87</gpxtpx:cad></gpxtpx:TrackPointExtension></extensions>
    </trkpt>
    <trkpt lat="45.523950" lon="-122.670316">
      <ele>200.0</ele>
      <time>2024-03-12T07:31:14.000Z</time>
      <extensions><gpxtpx:TrackPointExtension><gpxtpx:hr>134</gpxtpx:hr><gpxtpx:cad>84</gpxtpx:cad></gpxtpx:TrackPointExtension></extensions>
    </trkpt>
    <trkpt lat="45.523953" lon="-122.670231">
      <ele>200.0</ele>
      <time>2024-03-12T07:31:15.000Z</time>
      <extensions><gpxtpx:TrackPointExtension><gpxtpx:hr>136</gpxtpx:hr><gpxtpx:cad>86</gpxtpx:cad></gpxtpx:TrackPointExtension></extensions>
    </trkpt>
    <trkpt lat="45.523956" lon="-122.670146">
      <ele>200.0</ele>
      <time>2024-03-12T07:31:16.000Z</time>
      <extensions><gpxtpx:TrackPointExtension><gpxtpx:hr>137</gpxtpx:hr><gpxtpx:cad>78</gpxtpx:cad></gpxtpx:TrackPointExtension></extensions>
    </trkpt>
    <trkpt lat="45.523958" lon="-122.670060">
      <ele>200.0</ele>
      <time>2024-03-12T07:31:17.000Z</time>
      <extensions><gpxtpx:TrackPointExtension><gpxtpx:hr>131</gpxtpx:hr><gpxtpx:cad>83</gpxtpx:cad></gpxtpx:TrackPointExtension></extensions>
    </trkpt>
    <trkpt lat="45.523960" lon="-122.669975">
      <ele>200.0</ele>
      <time>2024-03-12T07:31:18.000Z</time>
      <extensions><gpxtpx:TrackPointExtension><gpxtpx:hr>132</gpxtpx:hr><gpxtpx:cad>81</gpxtpx:cad></gpxtpx:TrackPointExtension></extensions>
    </trkpt>
    <trkpt lat="45.523962" lon="-122.669889">
      <ele>200.0</ele>
      <time>2024-03-12T07:31:19.000Z</time>
      <extensions><gpxtpx:TrackPointExtension><gpxtpx:hr>134</gpxtpx:hr><gpxtpx:cad>78</gpxtpx:cad></gpxtpx:TrackPointExtension></extensions>
    </trkpt>
    <trkpt lat="45.523963" lon="-122.669804">
      <ele>200.0</ele>
      <time>2024-03-12T07:31:20.000Z</time>
      <extensions><gpxtpx:TrackPointExtension><gpxtpx:hr>130</gpxtpx:hr><gpxtpx:cad>82</gpxtpx:cad></gpxtpx:TrackPointExtension></extensions>
    </trkpt>
    <trkpt lat="45.523965" lon="-122.669718">
      <ele>200.0</ele>
      <time>2024-03-12T07:31:21.000Z</time>
      <extensions><gpxtpx:TrackPointExtension><gpxtpx:hr>131</gpxtpx:hr><gpxtpx:cad>81</gpxtpx:cad></gpxtpx:TrackPointExtension></extensions>
    </trkpt>
    <trkpt lat="45.523966" lon="-122.669633">
      <ele>200.0</ele>
      <time>2024-03-12T07:31:22.000Z</time>
      <extensions><gpxtpx:TrackPointExtension><gpxtpx:hr>135</gpxtpx:hr><gpxtpx:cad>81</gpxtpx:cad></gpxtpx:TrackPointExtension></extensions>
    </trkpt>
    <trkpt lat="45.523967" lon="-122.669548">
      <ele>200.0</ele>
      <time>2024-03-12T07:31:23.000Z</time>
      <extensions><gpxtpx:TrackPointExtension><gpxtpx:hr>132</gpxtpx:hr><gpxtpx:cad>83</gpxtpx:cad></gpxtpx:TrackPointExtension></extensions>
    </trkpt>
    <trkpt lat="45.523968" lon="-122.669462">
      <ele>200.0</ele>
      <time>2024-03-12T07:31:24.000Z</time>
      <extensions><gpxtpx:TrackPointExtension><gpxtpx:hr>132</gpxtpx:hr><gpxtpx:cad>87</gpxtpx:cad></gpxtpx:TrackPointExtension></extensions>
    </trkpt>
    <trkpt lat="45.523968" lon="-122.669377">
      <ele>200.0</ele>
      <time>2024-03-12T07:31:25.000Z</time>
      <extensions><gpxtpx:TrackPointExtension><gpxtpx:hr>132</gpxtpx:hr><gpxtpx:cad>81</gpxtpx:cad></gpxtpx:TrackPointExtension></extensions>
    </trkpt>
    <trkpt lat="45.523969" lon="-122.669291">
      <ele>200.0</ele>
      <time>2024-03-12T07:31:26.000Z</time>
      <extensions><gpxtpx:TrackPointExtension><gpxtpx:hr>131</gpxtpx:hr><gpxtpx:cad>84</gpxtpx:cad></gpxtpx:TrackPointExtension></extensions>
    </trkpt>
    <trkpt lat="45.523969" lon="-122.669206">
      <ele>200.0</ele>
      <time>2024-03-12T07:31:27.000Z</time>
      <extensions><gpxtpx:TrackPointExtension><gpxtpx:hr>132</gpxtpx:hr><gpxtpx:cad>83</gpxtpx:cad></gpxtpx:TrackPointExtension></extensions>
    </trkpt>
    <trkpt lat="45.523969" lon="-122.669120">
      <ele>200.0</ele>
      <time>2024-03-12T07:31:28.000Z</time>
      <extensions><gpxtpx:TrackPointExtension><gpxtpx:hr>134</gpxtpx:hr><gpxtpx:cad>77</gpxtpx:cad></gpxtpx:TrackPointExtension></extensions>
    </trkpt>
    <trkpt lat="45.523968" lon="-122.669035">
      <ele>200.0</ele>
      <time>2024-03-12T07:31:29.000Z</time>
      <extensions><gpxtpx:TrackPointExtension><gpxtpx:hr>130</gpxtpx:hr><gpxtpx:cad>79</gpxtpx:cad></gpxtpx:TrackPointExtension></extensions>
    </trkpt>
    <trkpt lat="45.523968" lon="-122.668949">
      <ele>200.0</ele>
      <time>2024-03-12T07:31:30.000Z</time>
      <extensions><gpxtpx:TrackPointExtension><gpxtpx:hr>136</gpxtpx:hr><gpxtpx:cad>78</gpxtpx:cad></gpxtpx:TrackPointExtension></extensions>
    </trkpt>
    <trkpt lat="45.523967" lon="-122.668864">
      <ele>200.0</ele>
      <time>2024-03-12T07:31:31.000Z</time>
      <extensions><gpxtpx:TrackPointExtension><gpxtpx:hr>136</gpxtpx:hr><gpxtpx:cad>79</gpxtpx:cad></gpxtpx:TrackPointExtension></extensions>
    </trkpt>
    <trkpt lat="45.523966" lon="-122.668778">
      <ele>200.0</ele>
      <time>2024-03-12T07:31:32.000Z</time>
      <extensions><gpxtpx:TrackPointExtension><gpxtpx:hr>134</gpxtpx:hr><gpxtpx:cad>85</gpxtpx:cad></gpxtpx:TrackPointExtension></extensions>
    </trkpt>
    <trkpt lat="45.523965" lon="-122.668693">
      <ele>200.0</ele>
      <time>2024-03-12T07:31:33.000Z</time>
      <extensions><gpxtpx:TrackPointExtension><gpxtpx:hr>135</gpxtpx:hr><gpxtpx:cad>85</gpxtpx:cad></gpxtpx:TrackPointExtension></extensions>
    </trkpt>
    <trkpt lat="45.523964" lon="-122.668607">
      <ele>200.0</ele>
      <time>2024-03-12T07:31:34.000Z</time>
      <extensions><gpxtpx:TrackPointExtension><gpxtpx:hr>130</gpxtpx:hr><gpxtpx:cad>78</gpxtpx:cad></gpxtpx:TrackPointExtension></extensions>
    </trkpt>
    <trkpt lat="45.523962" lon="-122.668522">
      <ele>200.0</ele>
      <time>2024-03-12T07:31:35.000Z</time>
      <extensions><gpxtpx:TrackPointExtension><gpxtpx:hr>135</gpxtpx:hr><gpxtpx:cad>79</gpxtpx:cad></gpxtpx:TrackPointExtension></extensions>
    </trkpt>
    <trkpt lat="45.523961" lon="-122.668436">
      <ele>200.0</ele>
      <time>2024-03-12T07:31:36.000Z</time>
      <extensions><gpxtpx:TrackPointExtension><gpxtpx:hr>130</gpxtpx:hr><gpxtpx:cad>80</gpxtpx:cad></gpxtpx:TrackPointExtension></extensions>
    </trkpt>
    <trkpt lat="45.523959" lon="-122.668351">
      <ele>200.0</ele>
      <time>2024-03-12T07:31:37.000Z</time>
      <extensions><gpxtpx:TrackPointExtension><gpxtpx:hr>130</gpxtpx:hr><gpxtpx:cad>86</gpxtpx:cad></gpxtpx:TrackPointExtension></extensions>
    </trkpt>
    <trkpt lat="45.523957" lon="-122.668266">
      <ele>200.0</ele>
      <time>2024-03-12T07:31:38.000Z</time>
      <extensions><gpxtpx:TrackPointExtension><gpxtpx:hr>134</gpxtpx:hr><gpxtpx:cad>84</gpxtpx:cad></gpxtpx:TrackPointExtension></extensions>
    </trkpt>
    <trkpt lat="45.523954" lon="-122.668180">
      <ele>200.0</ele>
      <time>2024-03-12T07:31:39.000Z</time>
      <extensions><gpxtpx:TrackPointExtension><gpxtpx:hr>134</gpxtpx:hr><gpxtpx:cad>85</gpxtpx:cad></gpxtpx:TrackPointExtension></extensions>
    </trkpt>
    <trkpt lat="45.523952" lon="-122.668095">
      <ele>200.0</ele>
      <time>2024-03-12T07:31:40.000Z</time>
      <extensions><gpxtpx:TrackPointExtension><gpxtpx:hr>135</gpxtpx:hr><gpxtpx:cad>81</gpxtpx:cad></gpxtpx:TrackPointExtension></extensions>
    </trkpt>
    <trkpt lat="45.523949" lon="-122.668009">
      <ele>200.0</ele>
      <time>2024-03-12T07:31:41.000Z</time>
      <extensions><gpxtpx:TrackPointExtension><gpxtpx:hr>135</gpxtpx:hr><gpxtpx:cad>79</gpxtpx:cad></gpxtpx:TrackPointExtension></extensions>
    </trkpt>
    <trkpt lat="45.523946" lon="-122.667924">
      <ele>200.0</ele>
      <time>2024-03-12T07:31:42.000Z</time>
      <extensions><gpxtpx:TrackPointExtension><gpxtpx:hr>131</gpxtpx:hr><gpxtpx:cad>78</gpxtpx:cad></gpxtpx:TrackPointExtension></extensions>
    </trkpt>
    <trkpt lat="45.523943" lon="-122.667839">
      <ele>200.0</ele>
      <time>2024-03-12T07:31:43.000Z</time>
      <extensions><gpxtpx:TrackPointExtension><gpxtpx:hr>134</gpxtpx:hr><gpxtpx:cad>77</gpxtpx:cad></gpxtpx:TrackPointExtension></extensions>
    </trkpt>
    <trkpt lat="45.523940" lon="-122.667753">
      <ele>200.0</ele>
      <time>2024-03-12T07:31:44.000Z</time>
      <extensions><gpxtpx:TrackPointExtension><gpxtpx:hr>134</gpxtpx:hr><gpxtpx:cad>87</gpxtpx:cad></gpxtpx:TrackPointExtension></extensions>
    </trkpt>
    <trkpt lat="45.523936" lon="-122.667668">
      <ele>200.0</ele>
      <time>2024-03-12T07:31:45.000Z</time>
      <extensions><gpxtpx:TrackPointExtension><gpxtpx:hr>136</gpxtpx:hr><gpxtpx:cad>82</gpxtpx:cad></gpxtpx:TrackPointExtension></extensions>
    </trkpt>
    <trkpt lat="45.523932" lon="-122.667583">
      <ele>200.0</ele>
      <time>2024-03-12T07:31:46.000Z</time>
      <extensions><gpxtpx:TrackPointExtension><gpxtpx:hr>136</gpxtpx:hr><gpxtpx:cad>78</gpxtpx:cad></gpxtpx:TrackPointExtension></extensions>
    </trkpt>
    <trkpt lat="45.523928" lon="-122.667497">
      <ele>200.0</ele>
      <time>2024-03-12T07:31:47.000Z</time>
      <extensions><gpxtpx:TrackPointExtension><gpxtpx:hr>134</gpxtpx:hr><gpxtpx:cad>85</gpxtpx:cad></gpxtpx:TrackPointExtension></extensions>
    </trkpt>
    <trkpt lat="45.523924" lon="-122.667412">
      <ele>200.0</ele>
      <time>2024-03-12T07:31:48.000Z</time>
      <extensions><gpxtpx:TrackPointExtension><gpxtpx:hr>131</gpxtpx:hr><gpxtpx:cad>87</gpxtpx:cad></gpxtpx:TrackPointExtension></extensions>
    </trkpt>
    <trkpt lat="45.523920" lon="-122.667327">
      <ele>200.0</ele>
      <time>2024-03-12T07:31:49.000Z</time>
      <extensions><gpxtpx:TrackPointExtension><gpxtpx:hr>130</gpxtpx:hr><gpxtpx:cad>86</gpxtpx:cad></gpxtpx:TrackPointExtension></extensions>
    </trkpt>
    <trkpt lat="45.523916" lon="-122.667242">
      <ele>200.0</ele>
      <time>2024-03-12T07:31:50.000Z</time>
      <extensions><gpxtpx:TrackPointExtension><gpxtpx:hr>133</gpxtpx:hr><gpxtpx:cad>86</gpxtpx:cad></gpxtpx:TrackPointExtension></extensions>
    </trkpt>
    <trkpt lat="45.523911" lon="-122.667156">
      <ele>200.0</ele>
      <time>2024-03-12T07:31:51.000Z</time>
      <extensions><gpxtpx:TrackPointExtension><gpxtpx:hr>137</gpxtpx:hr><gpxtpx:cad>81</gpxtpx:cad></gpxtpx:TrackPointExtension></extensions>
    </trkpt>
    <trkpt lat="45.523906" lon="-122.667071">
      <ele>200.0</ele>
      <time>2024-03-12T07:31:52.000Z</time>
      <extensions><gpxtpx:TrackPointExtension><gpxtpx:hr>133</gpxtpx:hr><gpxtpx:cad>81</gpxtpx:cad></gpxtpx:TrackPointExtension></extensions>
    </trkpt>
    <trkpt lat="45.523901" lon="-122.666986">
      <ele>200.0</ele>
      <time>2024-03-12T07:31:53.000Z</time>
      <extensions><gpxtpx:TrackPointExtension><gpxtpx:hr>130</gpxtpx:hr><gpxtpx:cad>79</gpxtpx:cad></gpxtpx:TrackPointExtension></extensions>
    </trkpt>
    <trkpt lat="45.523896" lon="-122.666901">
      <ele>200.0</ele>
      <time>2024-03-12T07:31:54.000Z</time>
      <extensions><gpxtpx:TrackPointExtension><gpxtpx:hr>130</gpxtpx:hr><gpxtpx:cad>78</gpxtpx:cad></gpxtpx:TrackPointExtension></extensions>
    </trkpt>
    <trkpt lat="45.523891" lon="-122.666816">
      <ele>200.0</ele>
      <time>2024-03-12T07:31:55.000Z</time>
      <extensions><gpxtpx:TrackPointExtension><gpxtpx:hr>137</gpxtpx:hr><gpxtpx:cad>83</gpxtpx:cad></gpxtpx:TrackPointExtension></extensions>
    </trkpt>
    <trkpt lat="45.523885" lon="-122.666731">
      <ele>200.0</ele>
      <time>2024-03-12T07:31:56.000Z</time>
      <extensions><gpxtpx:TrackPointExtension><gpxtpx:hr>134</gpxtpx:hr><gpxtpx:cad>79</gpxtpx:cad></gpxtpx:TrackPointExtension></extensions>
    </trkpt>
    <trkpt lat="45.523879" lon="-122.666646">
      <ele>200.0</ele>
      <time>2024-03-12T07:31:57.000Z</time>
      <extensions><gpxtpx:TrackPointExtension><gpxtpx:hr>137</gpxtpx:hr><gpxtpx:cad>78</gpxtpx:cad></gpxtpx:TrackPointExtension></extensions>
    </trkpt>
    <trkpt lat="45.523873" lon="-122.666560">
      <ele>200.0</ele>
      <time>2024-03-12T07:31:58.000Z</time>
      <extensions><gpxtpx:TrackPointExtension><gpxtpx:hr>136</gpxtpx:hr><gpxtpx:cad>80</gpxtpx:cad></gpxtpx:TrackPointExtension></extensions>
    </trkpt>
    <trkpt lat="45.523867" lon="-122.666475">
      <ele>200.0</ele>
      <time>2024-03-12T07:31:59.000Z</time>
      <extensions><gpxtpx:TrackPointExtension><gpxtpx:hr>130</gpxtpx:hr><gpxtpx:cad>81</gpxtpx:cad></gpxtpx:TrackPointExtension></extensions>
    </trkpt>
    <trkpt lat="45.523861" lon="-122.666390">
      <ele>200.0</ele>
      <time>2024-03-12T07:32:00.000Z</time>
      <extensions><gpxtpx:TrackPointExtension><gpxtpx:hr>132</gpxtpx:hr><gpxtpx:cad>78</gpxtpx:cad></gpxtpx:TrackPointExtension></extensions>
    </trkpt>
    <trkpt lat="45.523854" lon="-122.666305">
      <ele>200.0</ele>
      <time>2024-03-12T07:32:01.000Z</time>
      <extensions><gpxtpx:TrackPointExtension><gpxtpx:hr>132</gpxtpx:hr><gpxtpx:cad>78</gpxtpx:cad></gpxtpx:TrackPointExtension></extensions>
    </trkpt>
    <trkpt lat="45.523848" lon="-122.666220">
      <ele>200.0</ele>
      <time>2024-03-12T07:32:02.000Z</time>
      <extensions><gpxtpx:TrackPointExtension><gpxtpx:hr>137</gpxtpx:hr><gpxtpx:cad>83</gpxtpx:cad></gpxtpx:TrackPointExtension></extensions>
    </trkpt>
    <trkpt lat="45.523841" lon="-122.666136">
      <ele>200.0</ele>
      <time>2024-03-12T07:32:03.000Z</time>
      <extensions><gpxtpx:TrackPointExtension><gpxtpx:hr>133</gpxtpx:hr><gpxtpx:cad>87</gpxtpx:cad></gpxtpx:TrackPointExtension></extensions>
    </trkpt>
    <trkpt lat="45.523834" lon="-122.666051">
      <ele>200.0</ele>
      <time>2024-03-12T07:32:04.000Z</time>
      <extensions><gpxtpx:TrackPointExtension><gpxtpx:hr>132</gpxtpx:hr><gpxtpx:cad>83</gpxtpx:cad></gpxtpx:TrackPointExtension></extensions>
    </trkpt>
    <trkpt lat="45.523827" lon="-122.665966">
      <ele>200.0</ele>
      <time>2024-03-12T07:32:05.000Z</time>
      <extensions><gpxtpx:TrackPointExtension><gpxtpx:hr>134</gpxtpx:hr><gpxtpx:cad>80</gpxtpx:cad></gpxtpx:TrackPointExtension></extensions>
    </trkpt>
    <trkpt lat="45.523820" lon="-122.665881">
      <ele>200.0</ele>
      <time>2024-03-12T07:32:06.000Z</time>
      <extensions><gpxtpx:TrackPointExtension><gpxtpx:hr>133</gpxtpx:hr><gpxtpx:cad>86</gpxtpx:cad></gpxtpx:TrackPointExtension></extensions>
    </trkpt>
    <trkpt lat="45.523812" lon="-122.665796">
      <ele>200.0</ele>
      <time>2024-03-12T07:32:07.000Z</time>
      <extensions><gpxtpx:TrackPointExtension><gpxtpx:hr>132</gpxtpx:hr><gpxtpx:cad>82</gpxtpx:cad></gpxtpx:TrackPointExtension></extensions>
    </trkpt>
    <trkpt lat="45.523804" lon="-122.665711">
      <ele>200.0</ele>
      <time>2024-03-12T07:32:08.000Z</time>
      <extensions><gpxtpx:TrackPointExtension><gpxtpx:hr>133</gpxtpx:hr><gpxtpx:cad>78</gpxtpx:cad></gpxtpx:TrackPointExtension></extensions>
    </trkpt>
    <trkpt lat="45.523797" lon="-122.665627">
      <ele>200.0</ele>
      <time>2024-03-12T07:32:09.000Z</time>
      <extensions><gpxtpx:TrackPointExtension><gpxtpx:hr>131</gpxtpx:hr><gpxtpx:cad>83</gpxtpx:cad></gpxtpx:TrackPointExtension></extensions>
    </trkpt>
    <trkpt lat="45.523789" lon="-122.665542">
      <ele>200.0</ele>
      <time>2024-03-12T07:32:10.000Z</time>
      <extensions><gpxtpx:TrackPointExtension><gpxtpx:hr>130</gpxtpx:hr><gpxtpx:cad>78</gpxtpx:cad></gpxtpx:TrackPointExtension></extensions>
    </trkpt>
    <trkpt lat="45.523781" lon="-122.665457">
      <ele>200.0</ele>
      <time>2024-03-12T07:32:11.000Z</time>
      <extensions><gpxtpx:TrackPointExtension><gpxtpx:hr>135</gpxtpx:hr><gpxtpx:cad>79</gpxtpx:cad></gpxtpx:TrackPointExtension></extensions>
    </trkpt>
    <trkpt lat="45.523772" lon="-122.665373">
      <ele>200.0</ele>
      <time>2024-03-12T07:32:12.000Z</time>
      <extensions><gpxtpx:TrackPointExtension><gpxtpx:hr>131</gpxtpx:hr><gpxtpx:cad>81</gpxtpx:cad></gpxtpx:TrackPointExtension></extensions>
    </trkpt>
    <trkpt lat="45.523764" lon="-122.665288">
      <ele>200.0</ele>
      <time>2024-03-12T07:32:13.000Z</time>
      <extensions><gpxtpx:TrackPointExtension><gpxtpx:hr>136</gpxtpx:hr><gpxtpx:cad>83</gpxtpx:cad></gpxtpx:TrackPointExtension></extensions>
    </trkpt>
    <trkpt lat="45.523755" lon="-122.665203">
      <ele>200.0</ele>
      <time>2024-03-12T07:32:14.000Z</time>
      <extensions><gpxtpx:TrackPointExtension><gpxtpx:hr>134</gpxtpx:hr><gpxtpx:cad>84</gpxtpx:cad></gpxtpx:TrackPointExtension></extensions>
    </trkpt>
    <trkpt lat="45.523746" lon="-122.665119">
      <ele>200.0</ele>
      <time>2024-03-12T07:32:15.000Z</time>
      <extensions><gpxtpx:TrackPointExtension><gpxtpx:hr>132</gpxtpx:hr><gpxtpx:cad>85</gpxtpx:cad></gpxtpx:TrackPointExtension></extensions>
    </trkpt>
    <trkpt lat="45.523738" lon="-122.665034">
      <ele>200.0</ele>
      <time>2024-03-12T07:32:16.000Z</time>
      <extensions><gpxtpx:TrackPointExtension><gpxtpx:hr>137</gpxtpx:hr><gpxtpx:cad>80</gpxtpx:cad></gpxtpx:TrackPointExtension></extensions>
    </trkpt>
    <trkpt lat="45.523728" lon="-122.664950">
      <ele>200.0</ele>
      <time>2024-03-12T07:32:17.000Z</time>
      <extensions><gpxtpx:TrackPointExtension><gpxtpx:hr>135</gpxtpx:hr><gpxtpx:cad>78</gpxtpx:cad></gpxtpx:TrackPointExtension></extensions>
    </trkpt>
    <trkpt lat="45.523719" lon="-122.664865">
      <ele>200.0</ele>
      <time>2024-03-12T07:32:18.000Z</time>
      <extensions><gpxtpx:TrackPointExtension><gpxtpx:hr>130</gpxtpx:hr><gpxtpx:cad>82</gpxtpx:cad></gpxtpx:TrackPointExtension></extensions>
    </trkpt>
    <trkpt lat="45.523710" lon="-122.664781">
      <ele>200.0</ele>
      <time>2024-03-12T07:32:19.000Z</time>
      <extensions><gpxtpx:TrackPointExtension><gpxtpx:hr>135</gpxtpx:hr><gpxtpx:cad>78</gpxtpx:cad></gpxtpx:TrackPointExtension></extensions>
    </trkpt>
    <trkpt lat="45.523700" lon="-122.664697">
      <ele>200.0</ele>
      <time>2024-03-12T07:32:20.000Z</time>
      <extensions><gpxtpx:TrackPointExtension><gpxtpx:hr>137</gpxtpx:hr><gpxtpx:cad>86</gpxtpx:cad></gpxtpx:TrackPointExtension></extensions>
    </trkpt>
    <trkpt lat="45.523691" lon="-122.664612">
      <ele>200.0</ele>
      <time>2024-03-12T07:32:21.000Z</time>
      <extensions><gpxtpx:TrackPointExtension><gpxtpx:hr>130</gpxtpx:hr><gpxtpx:cad>86</gpxtpx:cad></gpxtpx:TrackPointExtension></extensions>
    </trkpt>
    <trkpt lat="45.523681" lon="-122.664528">
      <ele>200.0</ele>
      <time>2024-03-12T07:32:22.000Z</time>
      <extensions><gpxtpx:TrackPointExtension><gpxtpx:hr>132</gpxtpx:hr><gpxtpx:cad>84</gpxtpx:cad></gpxtpx:TrackPointExtension></extensions>
    </trkpt>
    <trkpt lat="45.523671" lon="-122.664444">
      <ele>200.0</ele>
      <time>2024-03-12T07:32:23.000Z</time>
      <extensions><gpxtpx:TrackPointExtension><gpxtpx:hr>134</gpxtpx:hr><gpxtpx:cad>85</gpxtpx:cad></gpxtpx:TrackPointExtension></extensions>
    </trkpt>
    <trkpt lat="45.523661" lon="-122.664359">
      <ele>200.0</ele>
      <time>2024-03-12T07:32:24.000Z</time>
      <extensions><gpxtpx:TrackPointExtension><gpxtpx:hr>137</gpxtpx:hr><gpxtpx:cad>81</gpxtpx:cad></gpxtpx:TrackPointExtension></extensions>
    </trkpt>
    <trkpt lat="45.523650" lon="-122.664275">
      <ele>200.0</ele>
      <time>2024-03-12T07:32:25.000Z</time>
      <extensions><gpxtpx:TrackPointExtension><gpxtpx:hr>131</gpxtpx:hr><gpxtpx:cad>80</gpxtpx:cad></gpxtpx:TrackPointExtension></extensions>
    </trkpt>
    <trkpt lat="45.523640" lon="-122.664191">
      <ele>200.0</ele>
      <time>2024-03-12T07:32:26.000Z</time>
      <extensions><gpxtpx:TrackPointExtension><gpxtpx:hr>135</gpxtpx:hr><gpxtpx:cad>84</gpxtpx:cad></gpxtpx:TrackPointExtension></extensions>
    </trkpt>
    <trkpt lat="45.523629" lon="-122.664107">
      <ele>200.0</ele>
      <time>2024-03-12T07:32:27.000Z</time>
      <extensions><gpxtpx:TrackPointExtension><gpxtpx:hr>130</gpxtpx:hr><gpxtpx:cad>84</gpxtpx:cad></gpxtpx:TrackPointExtension></extensions>
    </trkpt>
    <trkpt lat="45.523619" lon="-122.664023">
      <ele>200.0</ele>
      <time>2024-03-12T07:32:28.000Z</time>
      <extensions><gpxtpx:TrackPointExtension><gpxtpx:hr>130</gpxtpx:hr><gpxtpx:cad>81</gpxtpx:cad></gpxtpx:TrackPointExtension></extensions>
    </trkpt>
    <trkpt lat="45.523608" lon="-122.663939">
      <ele>200.0</ele>
      <time>2024-03-12T07:32:29.000Z</time>
      <extensions><gpxtpx:TrackPointExtension><gpxtpx:hr>135</gpxtpx:hr><gpxtpx:cad>81</gpxtpx:cad></gpxtpx:TrackPointExtension></extensions>
    </trkpt>
    <trkpt lat="45.523597" lon="-122.663855">
      <ele>200.0</ele>
      <time>2024-03-12T07:32:30.000Z</time>
      <extensions><gpxtpx:TrackPointExtension><gpxtpx:hr>137</gpxtpx:hr><gpxtpx:cad>84</gpxtpx:cad></gpxtpx:TrackPointExtension></extensions>
    </trkpt>
    <trkpt lat="45.523586" lon="-122.663771">
      <ele>200.0</ele>
      <time>2024-03-12T07:32:31.000Z</time>
      <extensions><gpxtpx:TrackPointExtension><gpxtpx:hr>130</gpxtpx:hr><gpxtpx:cad>78</gpxtpx:cad></gpxtpx:TrackPointExtension></extensions>
    </trkpt>
    <trkpt lat="45.523574" lon="-122.663687">
      <ele>200.0</ele>
      <time>2024-03-12T07:32:32.000Z</time>
      <extensions><gpxtpx:TrackPointExtension><gpxtpx:hr>131</gpxtpx:hr><gpxtpx:cad>77</gpxtpx:cad></gpxtpx:TrackPointExtension></extensions>
    </trkpt>
    <trkpt lat="45.523563" lon="-122.663603">
      <ele>200.0</ele>
      <time>2024-03-12T07:32:33.000Z</time>
      <extensions><gpxtpx:TrackPointExtension><gpxtpx:hr>137</gpxtpx:hr><gpxtpx:cad>80</gpxtpx:cad></gpxtpx:TrackPointExtension></extensions>
    </trkpt>
    <trkpt lat="45.523551" lon="-122.663519">
      <ele>200.0</ele>
      <time>2024-03-12T07:32:34.000Z</time>
      <extensions><gpxtpx:TrackPointExtension><gpxtpx:hr>135</gpxtpx:hr><gpxtpx:cad>80</gpxtpx:cad></gpxtpx:TrackPointExtension></extensions>
    </trkpt>
    <trkpt lat="45.523540" lon="-122.663435">
      <ele>200.0</ele>
      <time>2024-03-12T07:32:35.000Z</time>
      <extensions><gpxtpx:TrackPointExtension><gpxtpx:hr>132</gpxtpx:hr><gpxtpx:cad>84</gpxtpx:cad></gpxtpx:TrackPointExtension></extensions>
    </trkpt>
    <trkpt lat="45.523528" lon="-122.663351">
      <ele>200.0</ele>
      <time>2024-03-12T07:32:36.000Z</time>
      <extensions><gpxtpx:TrackPointExtension><gpxtpx:hr>135</gpxtpx:hr><gpxtpx:cad>83</gpxtpx:cad></gpxtpx:TrackPointExtension></extensions>
    </trkpt>
    <trkpt lat="45.523516" lon="-122.663267">
      <ele>200.0</ele>
      <time>2024-03-12T07:32:37.000Z</time>
      <extensions><gpxtpx:TrackPointExtension><gpxtpx:hr>137</gpxtpx:hr><gpxtpx:cad>83</gpxtpx:cad></gpxtpx:TrackPointExtension></extensions>
    </trkpt>
    <trkpt lat="45.523504" lon="-122.663184">
      <ele>200.0</ele>
      <time>2024-03-12T07:32:38.000Z</time>
      <extensions><gpxtpx:TrackPointExtension><gpxtpx:hr>136</gpxtpx:hr><gpxtpx:cad>82</gpxtpx:cad></gpxtpx:TrackPointExtension></extensions>
    </trkpt>
    <trkpt lat="45.523492" lon="-122.663100">
      <ele>200.0</ele>
      <time>2024-03-12T07:32:39.000Z</time>
      <extensions><gpxtpx:TrackPointExtension><gpxtpx:hr>132</gpxtpx:hr><gpxtpx:cad>80</gpxtpx:cad></gpxtpx:TrackPointExtension></extensions>
    </trkpt>
    <trkpt lat="45.523480" lon="-122.663016">
      <ele>200.0</ele>
      <time>2024-03-12T07:32:40.000Z</time>
      <extensions><gpxtpx:TrackPointExtension><gpxtpx:hr>137</gpxtpx:hr><gpxtpx:cad>78</gpxtpx:cad></gpxtpx:TrackPointExtension></extensions>
    </trkpt>
    <trkpt lat="45.523467" lon="-122.662933">
      <ele>200.0</ele>
      <time>2024-03-12T07:32:41.000Z</time>
      <extensions><gpxtpx:TrackPointExtension><gpxtpx:hr>134</gpxtpx:hr><gpxtpx:cad>81</gpxtpx:cad></gpxtpx:TrackPointExtension></extensions>
    </trkpt>
    <trkpt lat="45.523455" lon="-122.662849">
      <ele>200.0</ele>
      <time>2024-03-12T07:32:42.000Z</time>
      <extensions><gpxtpx:TrackPointExtension><gpxtpx:hr>135</gpxtpx:hr><gpxtpx:cad>82</gpxtpx:cad></gpxtpx:TrackPointExtension></extensions>
    </trkpt>
    <trkpt lat="45.523442" lon="-122.662766">
      <ele>200.0</ele>
      <time>2024-03-12T07:32:43.000Z</time>
      <extensions><gpxtpx:TrackPointExtension><gpxtpx:hr>131</gpxtpx:hr><gpxtpx:cad>84</gpxtpx:cad></gpxtpx:TrackPointExtension></extensions>
    </trkpt>
    <trkpt lat="45.523429" lon="-122.662682">
      <ele>200.0</ele>
      <time>2024-03-12T07:32:44.000Z</time>
      <extensions><gpxtpx:TrackPointExtension><gpxtpx:hr>132</gpxtpx:hr><gpxtpx:cad>80</gpxtpx:cad></gpxtpx:TrackPointExtension></extensions>
    </trkpt>
    <trkpt lat="45.523416" lon="-122.662599">
      <ele>200.0</ele>
      <time>2024-03-12T07:32:45.000Z</time>
      <extensions><gpxtpx:TrackPointExtension><gpxtpx:hr>130</gpxtpx:hr><gpxtpx:cad>86</gpxtpx:cad></gpxtpx:TrackPointExtension></extensions>
    </trkpt>
    <trkpt lat="45.523403" lon="-122.662515">
      <ele>200.0</ele>
      <time>2024-03-12T07:32:46.000Z</time>
      <extensions><gpxtpx:TrackPointExtension><gpxtpx:hr>133</gpxtpx:hr><gpxtpx:cad>78</gpxtpx:cad></gpxtpx:TrackPointExtension></extensions>
    </trkpt>
    <trkpt lat="45.523390" lon="-122.662432">
      <ele>200.0</ele>
      <time>2024-03-12T07:32:47.000Z</time>
      <extensions><gpxtpx:TrackPointExtension><gpxtpx:hr>134</gpxtpx:hr><gpxtpx:cad>81</gpxtpx:cad></gpxtpx:TrackPointExtension></extensions>
    </trkpt>
    <trkpt lat="45.523377" lon="-122.662348">
      <ele>200.0</ele>
      <time>2024-03-12T07:32:48.000Z</time>
      <extensions><gpxtpx:TrackPointExtension><gpxtpx:hr>131</gpxtpx:hr><gpxtpx:cad>78</gpxtpx:cad></gpxtpx:TrackPointExtension></extensions>
    </trkpt>
    <trkpt lat="45.523363" lon="-122.662265">
      <ele>200.0</ele>
      <time>2024-03-12T07:32:49.000Z</time>
      <extensions><gpxtpx:TrackPointExtension><gpxtpx:hr>130</gpxtpx:hr><gpxtpx:cad>81</gpxtpx:cad></gpxtpx:TrackPointExtension></extensions>
    </trkpt>
    <trkpt lat="45.523350" lon="-122.662182">
      <ele>200.0</ele>
      <time>2024-03-12T07:32:50.000Z</time>
      <extensions><gpxtpx:TrackPointExtension><gpxtpx:hr>137</gpxtpx:hr><gpxtpx:cad>81</gpxtpx:cad></gpxtpx:TrackPointExtension></extensions>
    </trkpt>
    <trkpt lat="45.523336" lon="-122.662099">
      <ele>200.0</ele>
      <time>2024-03-12T07:32:51.000Z</time>
      <extensions><gpxtpx:TrackPointExtension><gpxtpx:hr>137</gpxtpx:hr><gpxtpx:cad>80</gpxtpx:cad></gpxtpx:TrackPointExtension></extensions>
    </trkpt>
    <trkpt lat="45.523323" lon="-122.662015">
      <ele>200.0</ele>
      <time>2024-03-12T07:32:52.000Z</time>
      <extensions><gpxtpx:TrackPointExtension><gpxtpx:hr>132</gpxtpx:hr><gpxtpx:cad>83</gpxtpx:cad></gpxtpx:TrackPointExtension></extensions>
    </trkpt>
    <trkpt lat="45.523309" lon="-122.661932">
      <ele>200.0</ele>
      <time>2024-03-12T07:32:53.000Z</time>
      <extensions><gpxtpx:TrackPointExtension><gpxtpx:hr>129</gpxtpx:hr><gpxtpx:cad>81</gpxtpx:cad></gpxtpx:TrackPointExtension></extensions>
    </trkpt>
    <trkpt lat="45.523295" lon="-122.661849">
      <ele>200.0</ele>
      <time>2024-03-12T07:32:54.000Z</time>
      <extensions><gpxtpx:TrackPointExtension><gpxtpx:hr>134</gpxtpx:hr><gpxtpx:cad>85</gpxtpx:cad></gpxtpx:TrackPointExtension></extensions>
    </trkpt>
    <trkpt lat="45.523281" lon="-122.661766">
      <ele>200.0</ele>
      <time>2024-03-12T07:32:55.000Z</time>
      <extensions><gpxtpx:TrackPointExtension><gpxtpx:hr>135</gpxtpx:hr><gpxtpx:cad>83</gpxtpx:cad></gpxtpx:TrackPointExtension></extensions>
    </trkpt>
    <trkpt lat="45.523267" lon="-122.661683">
      <ele>200.0</ele>
      <time>2024-03-12T07:32:56.000Z</time>
      <extensions><gpxtpx:TrackPointExtension><gpxtpx:hr>137</gpxtpx:hr><gpxtpx:cad>83</gpxtpx:cad></gpxtpx:TrackPointExtension></extensions>
    </trkpt>
    <trkpt lat="45.523253" lon="-122.661600">
      <ele>200.0</ele>
      <time>2024-03-12T07:32:57.000Z</time>
      <extensions><gpxtpx:TrackPointExtension><gpxtpx:hr>131</gpxtpx:hr><gpxtpx:cad>78</gpxtpx:cad></gpxtpx:TrackPointExtension></extensions>
    </trkpt>
    <trkpt lat="45.523238" lon="-122.661517">
      <ele>200.0</ele>
      <time>2024-03-12T07:32:58.000Z</time>
      <extensions><gpxtpx:TrackPointExtension><gpxtpx:hr>130</gpxtpx:hr><gpxtpx:cad>79</gpxtpx:cad></gpxtpx:TrackPointExtension></extensions>
    </trkpt>
    <trkpt lat="45.523224" lon="-122.661434">
      <ele>200.0</ele>
      <time>2024-03-12T07:32:59.000Z</time>
      <extensions><gpxtpx:TrackPointExtension><gpxtpx:hr>136</gpxtpx:hr><gpxtpx:cad>79</gpxtpx:cad></gpxtpx:TrackPointExtension></extensions>
    </trkpt>
    <trkpt lat="45.523209" lon="-122.661351">
      <ele>200.0</ele>
      <time>2024-03-12T07:33:00.000Z</time>
      <extensions><gpxtpx:TrackPointExtension><gpxtpx:hr>130</gpxtpx:hr><gpxtpx:cad>78</gpxtpx:cad></gpxtpx:TrackPointExtension></extensions>
    </trkpt>
    <trkpt lat="45.523195" lon="-122.661268">
      <ele>200.0</ele>
      <time>2024-03-12T07:33:01.000Z</time>
      <extensions><gpxtpx:TrackPointExtension><gpxtpx:hr>136</gpxtpx:hr><gpxtpx:cad>84</gpxtpx:cad></gpxtpx:TrackPointExtension></extensions>
    </trkpt>
    <trkpt lat="45.523180" lon="-122.661185">
      <ele>200.0</ele>
      <time>2024-03-12T07:33:02.000Z</time>
      <extensions><gpxtpx:TrackPointExtension><gpxtpx:hr>130</gpxtpx:hr><gpxtpx:cad>81</gpxtpx:cad></gpxtpx:TrackPointExtension></extensions>
    </trkpt>
    <trkpt lat="45.523165" lon="-122.661102">
      <ele>200.0</ele>
      <time>2024-03-12T07:33:03.000Z</time>
      <extensions><gpxtpx:TrackPointExtension><gpxtpx:hr>129</gpxtpx:hr><gpxtpx:cad>79</gpxtpx:cad></gpxtpx:TrackPointExtension></extensions>
    </trkpt>
    <trkpt lat="45.523150" lon="-122.661020">
      <ele>200.0</ele>
      <time>2024-03-12T07:33:04.000Z</time>
      <extensions><gpxtpx:TrackPointExtension><gpxtpx:hr>136</gpxtpx:hr><gpxtpx:cad>82</gpxtpx:cad></gpxtpx:TrackPointExtension></extensions>
    </trkpt>
    <trkpt lat="45.523135" lon="-122.660937">
      <ele>200.0</ele>
      <time>2024-03-12T07:33:05.000Z</time>
      <extensions><gpxtpx:TrackPointExtension><gpxtpx:hr>129</gpxtpx:hr><gpxtpx:cad>77</gpxtpx:cad></gpxtpx:TrackPointExtension></extensions>
    </trkpt>
    <trkpt lat="45.523120" lon="-122.660854">
      <ele>200.0</ele>
      <time>2024-03-12T07:33:06.000Z</time>
      <extensions><gpxtpx:TrackPointExtension><gpxtpx:hr>130</gpxtpx:hr><gpxtpx:cad>81</gpxtpx:cad></gpxtpx:TrackPointExtension></extensions>
    </trkpt>
    <trkpt lat="45.523105" lon="-122.660772">
      <ele>200.0</ele>
      <time>2024-03-12T07:33:07.000Z</time>
      <extensions><gpxtpx:TrackPointExtension><gpxtpx:hr>133</gpxtpx:hr><gpxtpx:cad>77</gpxtpx:cad></gpxtpx:TrackPointExtension></extensions>
    </trkpt>
    <trkpt lat="45.523090" lon="-122.660689">
      <ele>200.0</ele>
      <time>2024-03-12T07:33:08.000Z</time>
      <extensions><gpxtpx:TrackPointExtension><gpxtpx:hr>136</gpxtpx:hr><gpxtpx:cad>86</gpxtpx:cad></gpxtpx:TrackPointExtension></extensions>
    </trkpt>
    <trkpt lat="45.523074" lon="-122.660606">
      <ele>200.0</ele>
      <time>2024-03-12T07:33:09.000Z</time>
      <extensions><gpxtpx:TrackPointExtension><gpxtpx:hr>131</gpxtpx:hr><gpxtpx:cad>80</gpxtpx:cad></gpxtpx:TrackPointExtension></extensions>
    </trkpt>
    <trkpt lat="45.523059" lon="-122.660524">
      <ele>200.0</ele>
      <time>2024-03-12T07:33:10.000Z</time>
      <extensions><gpxtpx:TrackPointExtension><gpxtpx:hr>130</gpxtpx:hr><gpxtpx:cad>79</gpxtpx:cad></gpxtpx:TrackPointExtension></extensions>
    </trkpt>
    <trkpt lat="45.523043" lon="-122.660441">
      <ele>200.0</ele>
      <time>2024-03-12T07:33:11.000Z</time>
      <extensions><gpxtpx:TrackPointExtension><gpxtpx:hr>130</gpxtpx:hr><gpxtpx:cad>81</gpxtpx:cad></gpxtpx:TrackPointExtension></extensions>
    </trkpt>
    <trkpt lat="45.523028" lon="-122.660359">
      <ele>200.0</ele>
      <time>2024-03-12T07:33:12.000Z</time>
      <extensions><gpxtpx:TrackPointExtension><gpxtpx:hr>135</gpxtpx:hr><gpxtpx:cad>85</gpxtpx:cad></gpxtpx:TrackPointExtension></extensions>
    </trkpt>
    <trkpt lat="45.523012" lon="-122.660276">
      <ele>200.0</ele>
      <time>2024-03-12T07:33:13.000Z</time>
      <extensions><gpxtpx:TrackPointExtension><gpxtpx:hr>132</gpxtpx:hr><gpxtpx:cad>86</gpxtpx:cad></gpxtpx:TrackPointExtension></extensions>
    </trkpt>
    <trkpt lat="45.522996" lon="-122.660194">
      <ele>200.0</ele>
      <time>2024-03-12T07:33:14.000Z</time>
      <extensions><gpxtpx:TrackPointExtension><gpxtpx:hr>133</gpxtpx:hr><gpxtpx:cad>80</gpxtpx:cad></gpxtpx:TrackPointExtension></extensions>
    </trkpt>
    <trkpt lat="45.522980" lon="-122.660111">
      <ele>200.0</ele>
      <time>2024-03-12T07:33:15.000Z</time>
      <extensions><gpxtpx:TrackPointExtension><gpxtpx:hr>134</gpxtpx:hr><gpxtpx:cad>84</gpxtpx:cad></gpxtpx:TrackPointExtension></extensions>
    </trkpt>
    <trkpt lat="45.522964" lon="-122.660029">
      <ele>200.0</ele>
      <time>2024-03-12T07:33:16.000Z</time>
      <extensions><gpxtpx:TrackPointExtension><gpxtpx:hr>135</gpxtpx:hr><gpxtpx:cad>81</gpxtpx:cad></gpxtpx:TrackPointExtension></extensions>
    </trkpt>
    <trkpt lat="45.522948" lon="-122.659946">
      <ele>200.0</ele>
      <time>2024-03-12T07:33:17.000Z</time>
      <extensions><gpxtpx:TrackPointExtension><gpxtpx:hr>135</gpxtpx:hr><gpxtpx:cad>82</gpxtpx:cad></gpxtpx:TrackPointExtension></extensions>
    </trkpt>
    <trkpt lat="45.522932" lon="-122.659864">
      <ele>200.0</ele>
      <time>2024-03-12T07:33:18.000Z</time>
      <extensions><gpxtpx:TrackPointExtension><gpxtpx:hr>133</gpxtpx:hr><gpxtpx:cad>81</gpxtpx:cad></gpxtpx:TrackPointExtension></extensions>
    </trkpt>
    <trkpt lat="45.522916" lon="-122.659782">
      <ele>200.0</ele>
      <time>2024-03-12T07:33:19.000Z</time>
      <extensions><gpxtpx:TrackPointExtension><gpxtpx:hr>137</gpxtpx:hr><gpxtpx:cad>80</gpxtpx:cad></gpxtpx:TrackPointExtension></extensions>
    </trkpt>
    <trkpt lat="45.522900" lon="-122.659700">
      <ele>200.0</ele>
      <time>2024-03-12T07:33:20.000Z</time>
      <extensions><gpxtpx:TrackPointExtension><gpxtpx:hr>134</gpxtpx:hr><gpxtpx:cad>78</gpxtpx:cad></gpxtpx:TrackPointExtension></extensions>
    </trkpt>
    <trkpt lat="45.522884" lon="-122.659617">
      <ele>200.0</ele>
      <time>2024-03-12T07:33:21.000Z</time>
      <extensions><gpxtpx:TrackPointExtension><gpxtpx:hr>134</gpxtpx:hr><gpxtpx:cad>78</gpxtpx:cad></gpxtpx:TrackPointExtension></extensions>
    </trkpt>
    <trkpt lat="45.522867" lon="-122.659535">
      <ele>200.0</ele>
      <time>2024-03-12T07:33:22.000Z</time>
      <extensions><gpxtpx:TrackPointExtension><gpxtpx:hr>134</gpxtpx:hr><gpxtpx:cad>79</gpxtpx:cad></gpxtpx:TrackPointExtension></extensions>
    </trkpt>
    <trkpt lat="45.522851" lon="-122.659453">
      <ele>200.0</ele>
      <time>2024-03-12T07:33:23.000Z</time>
      <extensions><gpxtpx:TrackPointExtension><gpxtpx:hr>136</gpxtpx:hr><gpxtpx:cad>84</gpxtpx:cad></gpxtpx:TrackPointExtension></extensions>
    </trkpt>
    <trkpt lat="45.522834" lon="-122.659371">
      <ele>200.0</ele>
      <time>2024-03-12T07:33:24.000Z</time>
      <extensions><gpxtpx:TrackPointExtension><gpxtpx:hr>131</gpxtpx:hr><gpxtpx:cad>87</gpxtpx:cad></gpxtpx:TrackPointExtension></extensions>
    </trkpt>
    <trkpt lat="45.522818" lon="-122.659289">
      <ele>200.0</ele>
      <time>2024-03-12T07:33:25.000Z</time>
      <extensions><gpxtpx:TrackPointExtension><gpxtpx:hr>133</gpxtpx:hr><gpxtpx:cad>81</gpxtpx:cad></gpxtpx:TrackPointExtension></extensions>
    </trkpt>
    <trkpt lat="45.522801" lon="-122.659207">
      <ele>200.0</ele>
      <time>2024-03-12T07:33:26.000Z</time>
      <extensions><gpxtpx:TrackPointExtension><gpxtpx:hr>131</gpxtpx:hr><gpxtpx:cad>77</gpxtpx:cad></gpxtpx:TrackPointExtension></extensions>
    </trkpt>
    <trkpt lat="45.522784" lon="-122.659124">
      <ele>200.0</ele>
      <time>2024-03-12T07:33:27.000Z</time>
      <extensions><gpxtpx:TrackPointExtension><gpxtpx:hr>136</gpxtpx:hr><gpxtpx:cad>78</gpxtpx:cad></gpxtpx:TrackPointExtension></extensions>
    </trkpt>
    <trkpt lat="45.522767" lon="-122.659042">
      <ele>200.0</ele>
      <time>2024-03-12T07:33:28.000Z</time>
      <extensions><gpxtpx:TrackPointExtension><gpxtpx:hr>133</gpxtpx:hr><gpxtpx:cad>86</gpxtpx:cad></gpxtpx:TrackPointExtension></extensions>
    </trkpt>
    <trkpt lat="45.522750" lon="-122.658960">
      <ele>200.0</ele>
      <time>2024-03-12T07:33:29.000Z</time>
      <extensions><gpxtpx:TrackPointExtension><gpxtpx:hr>136</gpxtpx:hr><gpxtpx:cad>79</gpxtpx:cad></gpxtpx:TrackPointExtension></extensions>
    </trkpt>
    <trkpt lat="45.522734" lon="-122.658878">
      <ele>200.0</ele>
      <time>2024-03-12T07:33:30.000Z</time>
      <extensions><gpxtpx:TrackPointExtension><gpxtpx:hr>137</gpxtpx:hr><gpxtpx:cad>81</gpxtpx:cad></gpxtpx:TrackPointExtension></extensions>
    </trkpt>
    <trkpt lat="45.522717" lon="-122.658796">
      <ele>200.0</ele>
      <time>2024-03-12T07:33:31.000Z</time>
      <extensions><gpxtpx:TrackPointExtension><gpxtpx:hr>134</gpxtpx:hr><gpxtpx:cad>81</gpxtpx:cad></gpxtpx:TrackPointExtension></extensions>
    </trkpt>
    <trkpt lat="45.522700" lon="-122.658714">
      <ele>200.0</ele>
      <time>2024-03-12T07:33:32.000Z</time>
      <extensions><gpxtpx:TrackPointExtension><gpxtpx:hr>132</gpxtpx:hr><gpxtpx:cad>78</gpxtpx:cad></gpxtpx:TrackPointExtension></extensions>
    </trkpt>
    <trkpt lat="45.522682" lon="-122.658633">
      <ele>200.0</ele>
      <time>2024-03-12T07:33:33.000Z</time>
      <extensions><gpxtpx:TrackPointExtension><gpxtpx:hr>130</gpxtpx:hr><gpxtpx:cad>80</gpxtpx:cad></gpxtpx:TrackPointExtension></extensions>
    </trkpt>
    <trkpt lat="45.522665" lon="-122.658551">
      <ele>200.0</ele>
      <time>2024-03-12T07:33:34.000Z</time>
      <extensions><gpxtpx:TrackPointExtension><gpxtpx:hr>130</gpxtpx:hr><gpxtpx:cad>80</gpxtpx:cad></gpxtpx:TrackPointExtension></extensions>
    </trkpt>
    <trkpt lat="45.522648" lon="-122.658469">
      <ele>200.0</ele>
      <time>2024-03-12T07:33:35.000Z</time>
      <extensions><gpxtpx:TrackPointExtension><gpxtpx:hr>134</gpxtpx:hr><gpxtpx:cad>82</gpxtpx:cad></gpxtpx:TrackPointExtension></extensions>
    </trkpt>
    <trkpt lat="45.522631" lon="-122.658387">
      <ele>200.0</ele>
      <time>2024-03-12T07:33:36.000Z</time>
      <extensions><gpxtpx:TrackPointExtension><gpxtpx:hr>131</gpxtpx:hr><gpxtpx:cad>82</gpxtpx:cad></gpxtpx:TrackPointExtension></extensions>
    </trkpt>
    <trkpt lat="45.522614" lon="-122.658305">
      <ele>200.0</ele>
      <time>2024-03-12T07:33:37.000Z</time>
      <extensions><gpxtpx:TrackPointExtension><gpxtpx:hr>134</gpxtpx:hr><gpxtpx:cad>85</gpxtpx:cad></gpxtpx:TrackPointExtension></extensions>
    </trkpt>
    <trkpt lat="45.522596" lon="-122.658223">
      <ele>200.0</ele>
      <time>2024-03-12T07:33:38.000Z</time>
      <extensions><gpxtpx:TrackPointExtension><gpxtpx:hr>137</gpxtpx:hr><gpxtpx:cad>79</gpxtpx:cad></gpxtpx:TrackPointExtension></extensions>
    </trkpt>
    <trkpt lat="45.522579" lon="-122.658142">
      <ele>200.0</ele>
      <time>2024-03-12T07:33:39.000Z</time>
      <extensions><gpxtpx:TrackPointExtension><gpxtpx:hr>133</gpxtpx:hr><gpxtpx:cad>78</gpxtpx:cad></gpxtpx:TrackPointExtension></extensions>
    </trkpt>
    <trkpt lat="45.522561" lon="-122.658060">
      <ele>200.0</ele>
      <time>2024-03-12T07:33:40.000Z</time>
      <extensions><gpxtpx:TrackPointExtension><gpxtpx:hr>135</gpxtpx:hr><gpxtpx:cad>80</gpxtpx:cad></gpxtpx:TrackPointExtension></extensions>
    </trkpt>
    <trkpt lat="45.522544" lon="-122.657978">
      <ele>200.0</ele>
      <time>2024-03-12T07:33:41.000Z</time>
      <extensions><gpxtpx:TrackPointExtension><gpxtpx:hr>131</gpxtpx:hr><gpxtpx:cad>83</gpxtpx:cad></gpxtpx:TrackPointExtension></extensions>
    </trkpt>
    <trkpt lat="45.522526" lon="-122.657896">
      <ele>200.0</ele>
      <time>2024-03-12T07:33:42.000Z</time>
      <extensions><gpxtpx:TrackPointExtension><gpxtpx:hr>131</gpxtpx:hr><gpxtpx:cad>79</gpxtpx:cad></gpxtpx:TrackPointExtension></extensions>
    </trkpt>
    <trkpt lat="45.522509" lon="-122.657815">
      <ele>200.0</ele>
      <time>2024-03-12T07:33:43.000Z</time>
      <extensions><gpxtpx:TrackPointExtension><gpxtpx:hr>135</gpxtpx:hr><gpxtpx:cad>79</gpxtpx:cad></gpxtpx:TrackPointExtension></extensions>
    </trkpt>
    <trkpt lat="45.522491" lon="-122.657733">
      <ele>200.0</ele>
      <time>2024-03-12T07:33:44.000Z</time>
      <extensions><gpxtpx:TrackPointExtension><gpxtpx:hr>131</gpxtpx:hr><gpxtpx:cad>79</gpxtpx:cad></gpxtpx:TrackPointExtension></extensions>
    </trkpt>
    <trkpt lat="45.522473" lon="-122.657651">
      <ele>200.0</ele>
      <time>2024-03-12T07:33:45.000Z</time>
      <extensions><gpxtpx:TrackPointExtension><gpxtpx:hr>129</gpxtpx:hr><gpxtpx:cad>78</gpxtpx:cad></gpxtpx:TrackPointExtension></extensions>
    </trkpt>
    <trkpt lat="45.522455" lon="-122.657570">
      <ele>200.0</ele>
      <time>2024-03-12T07:33:46.000Z</time>
      <extensions><gpxtpx:TrackPointExtension><gpxtpx:hr>130</gpxtpx:hr><gpxtpx:cad>80</gpxtpx:cad></gpxtpx:TrackPointExtension></extensions>
    </trkpt>
    <trkpt lat="45.522438" lon="-122.657488">
      <ele>200.0</ele>
      <time>2024-03-12T07:33:47.000Z</time>
      <extensions><gpxtpx:TrackPointExtension><gpxtpx:hr>133</gpxtpx:hr><gpxtpx:cad>80</gpxtpx:cad></gpxtpx:TrackPointExtension></extensions>
    </trkpt>
    <trkpt lat="45.522420" lon="-122.657406">
      <ele>200.0</ele>
      <time>2024-03-12T07:33:48.000Z</time>
      <extensions><gpxtpx:TrackPointExtension><gpxtpx:hr>137</gpxtpx:hr><gpxtpx:cad>84</gpxtpx:cad></gpxtpx:TrackPointExtension></extensions>
    </trkpt>
    <trkpt lat="45.522402" lon="-122.657325">
      <ele>200.0</ele>
      <time>2024-03-12T07:33:49.000Z</time>
      <extensions><gpxtpx:TrackPointExtension><gpxtpx:hr>135</gpxtpx:hr><gpxtpx:cad>80</gpxtpx:cad></gpxtpx:TrackPointExtension></extensions>
    </trkpt>
    <trkpt lat="45.522384" lon="-122.657243">
      <ele>200.0</ele>
      <time>2024-03-12T07:33:50.000Z</time>
      <extensions><gpxtpx:TrackPointExtension><gpxtpx:hr>135</gpxtpx:hr><gpxtpx:cad>81</gpxtpx:cad></gpxtpx:TrackPointExtension></extensions>
    </trkpt>
    <trkpt lat="45.522366" lon="-122.657162">
      <ele>200.0</ele>
      <time>2024-03-12T07:33:51.000Z</time>
      <extensions><gpxtpx:TrackPointExtension><gpxtpx:hr>136</gpxtpx:hr><gpxtpx:cad>81</gpxtpx:cad></gpxtpx:TrackPointExtension></extensions>
    </trkpt>
    <trkpt lat="45.522348" lon="-122.657080">
      <ele>200.0</ele>
      <time>2024-03-12T07:33:52.000Z</time>
      <extensions><gpxtpx:TrackPointExtension><gpxtpx:hr>135</gpxtpx:hr><gpxtpx:cad>79</gpxtpx:cad></gpxtpx:TrackPointExtension></extensions>
    </trkpt>
    <trkpt lat="45.522330" lon="-122.656999">
      <ele>200.0</ele>
      <time>2024-03-12T07:33:53.000Z</time>
      <extensions><gpxtpx:TrackPointExtension><gpxtpx:hr>131</gpxtpx:hr><gpxtpx:cad>86</gpxtpx:cad></gpxtpx:TrackPointExtension></extensions>
    </trkpt>
    <trkpt lat="45.522312" lon="-122.656917">
      <ele>200.0</ele>
      <time>2024-03-12T07:33:54.000Z</time>
      <extensions><gpxtpx:TrackPointExtension><gpxtpx:hr>132</gpxtpx:hr><gpxtpx:cad>78</gpxtpx:cad></gpxtpx:TrackPointExtension></extensions>
    </trkpt>
    <trkpt lat="45.522294" lon="-122.656836">
      <ele>200.0</ele>
      <time>2024-03-12T07:33:55.000Z</time>
      <extensions><gpxtpx:TrackPointExtension><gpxtpx:hr>136</gpxtpx:hr><gpxtpx:cad>86</gpxtpx:cad></gpxtpx:TrackPointExtension></extensions>
    </trkpt>
    <trkpt lat="45.522276" lon="-122.656754">
      <ele>200.0</ele>
      <time>2024-03-12T07:33:56.000Z</time>
      <extensions><gpxtpx:TrackPointExtension><gpxtpx:hr>131</gpxtpx:hr><gpxtpx:cad>77</gpxtpx:cad></gpxtpx:TrackPointExtension></extensions>
    </trkpt>
    <trkpt lat="45.522258" lon="-122.656673">
      <ele>200.0</ele>
      <time>2024-03-12T07:33:57.000Z</time>
      <extensions><gpxtpx:TrackPointExtension><gpxtpx:hr>131</gpxtpx:hr><gpxtpx:cad>82</gpxtpx:cad></gpxtpx:TrackPointExtension></extensions>
    </trkpt>
    <trkpt lat="45.522240" lon="-122.656591">
      <ele>200.0</ele>
      <time>2024-03-12T07:33:58.000Z</time>
      <extensions><gpxtpx:TrackPointExtension><gpxtpx:hr>130</gpxtpx:hr><gpxtpx:cad>84</gpxtpx:cad></gpxtpx:TrackPointExtension></extensions>
    </trkpt>
    <trkpt lat="45.522221" lon="-122.656510">
      <ele>200.0</ele>
      <time>2024-03-12T07:33:59.000Z</time>
      <extensions><gpxtpx:TrackPointExtension><gpxtpx:hr>135</gpxtpx:hr><gpxtpx:cad>84</gpxtpx:cad></gpxtpx:TrackPointExtension></extensions>
    </trkpt>
    <trkpt lat="45.522203" lon="-122.656428">
      <ele>200.0</ele>
      <time>2024-03-12T07:34:00.000Z</time>
      <extensions><gpxtpx:TrackPointExtension><gpxtpx:hr>134</gpxtpx:hr><gpxtpx:cad>79</gpxtpx:cad></gpxtpx:TrackPointExtension></extensions>
    </trkpt>
    <trkpt lat="45.522185" lon="-122.656347">
      <ele>200.0</ele>
      <time>2024-03-12T07:34:01.000Z</time>
      <extensions><gpxtpx:TrackPointExtension><gpxtpx:hr>137</gpxtpx:hr><gpxtpx:cad>87</gpxtpx:cad></gpxtpx:TrackPointExtension></extensions>
    </trkpt>
    <trkpt lat="45.522167" lon="-122.656266">
      <ele>200.0</ele>
      <time>2024-03-12T07:34:02.000Z</time>
      <extensions><gpxtpx:TrackPointExtension><gpxtpx:hr>135</gpxtpx:hr><gpxtpx:cad>78</gpxtpx:cad></gpxtpx:TrackPointExtension></extensions>
    </trkpt>
    <trkpt lat="45.522148" lon="-122.656184">
      <ele>200.0</ele>
      <time>2024-03-12T07:34:03.000Z</time>
      <extensions><gpxtpx:TrackPointExtension><gpxtpx:hr>132</gpxtpx:hr><gpxtpx:cad>80</gpxtpx:cad></gpxtpx:TrackPointExtension></extensions>
    </trkpt>
    <trkpt lat="45.522130" lon="-122.656103">
      <ele>200.0</ele>
      <time>2024-03-12T07:34:04.000Z</time>
      <extensions><gpxtpx:TrackPointExtension><gpxtpx:hr>133</gpxtpx:hr><gpxtpx:cad>85</gpxtpx:cad></gpxtpx:TrackPointExtension></extensions>
    </trkpt>
    <trkpt lat="45.522112" lon="-122.656022">
      <ele>200.0</ele>
      <time>2024-03-12T07:34:05.000Z</time>
      <extensions><gpxtpx:TrackPointExtension><gpxtpx:hr>137</gpxtpx:hr><gpxtpx:cad>78</gpxtpx:cad></gpxtpx:TrackPointExtension></extensions>
    </trkpt>
    <trkpt lat="45.522093" lon="-122.655940">
      <ele>200.0</ele>
      <time>2024-03-12T07:34:06.000Z</time>
      <extensions><gpxtpx:TrackPointExtension><gpxtpx:hr>132</gpxtpx:hr><gpxtpx:cad>81</gpxtpx:cad></gpxtpx:TrackPointExtension></extensions>
    </trkpt>
    <trkpt lat="45.522075" lon="-122.655859">
      <ele>200.0</ele>
      <time>2024-03-12T07:34:07.000Z</time>
      <extensions><gpxtpx:TrackPointExtension><gpxtpx:hr>137</gpxtpx:hr><gpxtpx:cad>83</gpxtpx:cad></gpxtpx:TrackPointExtension></extensions>
    </trkpt>
    <trkpt lat="45.522056" lon="-122.655778">
      <ele>200.0</ele>
      <time>2024-03-12T07:34:08.000Z</time>
      <extensions><gpxtpx:TrackPointExtension><gpxtpx:hr>133</gpxtpx:hr><gpxtpx:cad>78</gpxtpx:cad></gpxtpx:TrackPointExtension></extensions>
    </trkpt>
    <trkpt lat="45.522038" lon="-122.655696">
      <ele>200.0</ele>
      <time>2024-03-12T07:34:09.000Z</time>
      <extensions><gpxtpx:TrackPointExtension><gpxtpx:hr>134</gpxtpx:hr><gpxtpx:cad>83</gpxtpx:cad></gpxtpx:TrackPointExtension></extensions>
    </trkpt>
    <trkpt lat="45.522019" lon="-122.655615">
      <ele>200.0</ele>
      <time>2024-03-12T07:34:10.000Z</time>
      <extensions><gpxtpx:TrackPointExtension><gpxtpx:hr>133</gpxtpx:hr><gpxtpx:cad>86</gpxtpx:cad></gpxtpx:TrackPointExtension></extensions>
    </trkpt>
    <trkpt lat="45.522001" lon="-122.655534">
      <ele>200.0</ele>
      <time>2024-03-12T07:34:11.000Z</time>
      <extensions><gpxtpx:TrackPointExtension><gpxtpx:hr>133</gpxtpx:hr><gpxtpx:cad>87</gpxtpx:cad></gpxtpx:TrackPointExtension></extensions>
    </trkpt>
    <trkpt lat="45.521982" lon="-122.655452">
      <ele>200.0</ele>
      <time>2024-03-12T07:34:12.000Z</time>
      <extensions><gpxtpx:TrackPointExtension><gpxtpx:hr>130</gpxtpx:hr><gpxtpx:cad>79</gpxtpx:cad></gpxtpx:TrackPointExtension></extensions>
    </trkpt>
    <trkpt lat="45.521964" lon="-122.655371">
      <ele>200.0</ele>
      <time>2024-03-12T07:34:13.000Z</time>
      <extensions><gpxtpx:TrackPointExtension><gpxtpx:hr>134</gpxtpx:hr><gpxtpx:cad>85</gpxtpx:cad></gpxtpx:TrackPointExtension></extensions>
    </trkpt>
    <trkpt lat="45.521945" lon="-122.655290">
      <ele>200.0</ele>
      <time>2024-03-12T07:34:14.000Z</time>
      <extensions><gpxtpx:TrackPointExtension><gpxtpx:hr>132</gpxtpx:hr><gpxtpx:cad>80</gpxtpx:cad></gpxtpx:TrackPointExtension></extensions>
    </trkpt>
    <trkpt lat="45.521927" lon="-122.655208">
      <ele>200.0</ele>
      <time>2024-03-12T07:34:15.000Z</time>
      <extensions><gpxtpx:TrackPointExtension><gpxtpx:hr>130</gpxtpx:hr><gpxtpx:cad>80</gpxtpx:cad></gpxtpx:TrackPointExtension></extensions>
    </trkpt>
    <trkpt lat="45.521908" lon="-122.655127">
      <ele>200.0</ele>
      <time>2024-03-12T07:34:16.000Z</time>
      <extensions><gpxtpx:TrackPointExtension><gpxtpx:hr>136</gpxtpx:hr><gpxtpx:cad>86</gpxtpx:cad></gpxtpx:TrackPointExtension></extensions>
    </trkpt>
    <trkpt lat="45.521890" lon="-122.655046">
      <ele>200.0</ele>
      <time>2024-03-12T07:34:17.000Z</time>
      <extensions><gpxtpx:TrackPointExtension><gpxtpx:hr>132</gpxtpx:hr><gpxtpx:cad>81</gpxtpx:cad></gpxtpx:TrackPointExtension></extensions>
    </trkpt>
    <trkpt lat="45.521871" lon="-122.654965">
      <ele>200.0</ele>
      <time>2024-03-12T07:34:18.000Z</time>
      <extensions><gpxtpx:TrackPointExtension><gpxtpx:hr>133</gpxtpx:hr><gpxtpx:cad>81</gpxtpx:cad></gpxtpx:TrackPointExtension></extensions>
    </trkpt>
    <trkpt lat="45.521853" lon="-122.654883">
      <ele>200.0</ele>
      <time>2024-03-12T07:34:19.000Z</time>
      <extensions><gpxtpx:TrackPointExtension><gpxtpx:hr>133</gpxtpx:hr><gpxtpx:cad>84</gpxtpx:cad></gpxtpx:TrackPointExtension></extensions>
    </trkpt>
    <trkpt lat="45.521834" lon="-122.654802">
      <ele>200.0</ele>
      <time>2024-03-12T07:34:20.000Z</time>
      <extensions><gpxtpx:TrackPointExtension><gpxtpx:hr>130</gpxtpx:hr><gpxtpx:cad>80</gpxtpx:cad></gpxtpx:TrackPointExtension></extensions>
    </trkpt>
    <trkpt lat="45.521815" lon="-122.654721">
      <ele>200.0</ele>
      <time>2024-03-12T07:34:21.000Z</time>
      <extensions><gpxtpx:TrackPointExtension><gpxtpx:hr>131</gpxtpx:hr><gpxtpx:cad>87</gpxtpx:cad></gpxtpx:TrackPointExtension></extensions>
    </trkpt>
    <trkpt lat="45.521797" lon="-122.654640">
      <ele>200.0</ele>
      <time>2024-03-12T07:34:22.000Z</time>
      <extensions><gpxtpx:TrackPointExtension><gpxtpx:hr>131</gpxtpx:hr><gpxtpx:cad>77</gpxtpx:cad></gpxtpx:TrackPointExtension></extensions>
    </trkpt>
    <trkpt lat="45.521778" lon="-122.654558">
      <ele>200.0</ele>
      <time>2024-03-12T07:34:23.000Z</time>
      <extensions><gpxtpx:TrackPointExtension><gpxtpx:hr>134</gpxtpx:hr><gpxtpx:cad>79</gpxtpx:cad></gpxtpx:TrackPointExtension></extensions>
    </trkpt>
    <trkpt lat="45.521760" lon="-122.654477">
      <ele>200.0</ele>
      <time>2024-03-12T07:34:24.000Z</time>
      <extensions><gpxtpx:TrackPointExtension><gpxtpx:hr>129</gpxtpx:hr><gpxtpx:cad>85</gpxtpx:cad></gpxtpx:TrackPointExtension></extensions>
    </trkpt>
    <trkpt lat="45.521741" lon="-122.654396">
      <ele>200.0</ele>
      <time>2024-03-12T07:34:25.000Z</time>
      <extensions><gpxtpx:TrackPointExtension><gpxtpx:hr>135</gpxtpx:hr><gpxtpx:cad>79</gpxtpx:cad></gpxtpx:TrackPointExtension></extensions>
    </trkpt>
    <trkpt lat="45.521722" lon="-122.654315">
      <ele>200.0</ele>
      <time>2024-03-12T07:34:26.000Z</time>
      <extensions><gpxtpx:TrackPointExtension><gpxtpx:hr>135</gpxtpx:hr><gpxtpx:cad>77</gpxtpx:cad></gpxtpx:TrackPointExtension></extensions>
    </trkpt>
    <trkpt lat="45.521704" lon="-122.654233">
      <ele>200.0</ele>
      <time>2024-03-12T07:34:27.000Z</time>
      <extensions><gpxtpx:TrackPointExtension><gpxtpx:hr>130</gpxtpx:hr><gpxtpx:cad>79</gpxtpx:cad></gpxtpx:TrackPointExtension></extensions>
    </trkpt>
    <trkpt lat="45.521685" lon="-122.654152">
      <ele>200.0</ele>
      <time>2024-03-12T07:34:28.000Z</time>
      <extensions><gpxtpx:TrackPointExtension><gpxtpx:hr>130</gpxtpx:hr><gpxtpx:cad>77</gpxtpx:cad></gpxtpx:TrackPointExtension></extensions>
    </trkpt>
    <trkpt lat="45.521666" lon="-122.654071">
      <ele>200.0</ele>
      <time>2024-03-12T07:34:29.000Z</time>
      <extensions><gpxtpx:TrackPointExtension><gpxtpx:hr>137</gpxtpx:hr><gpxtpx:cad>86</gpxtpx:cad></gpxtpx:TrackPointExtension></extensions>
    </trkpt>
    <trkpt lat="45.521648" lon="-122.653990">
      <ele>200.0</ele>
      <time>2024-03-12T07:34:30.000Z</time>
      <extensions><gpxtpx:TrackPointExtension><gpxtpx:hr>136</gpxtpx:hr><gpxtpx:cad>83</gpxtpx:cad></gpxtpx:TrackPointExtension></extensions>
    </trkpt>
    <trkpt lat="45.521629" lon="-122.653909">
      <ele>200.0</ele>
      <time>2024-03-12T07:34:31.000Z</time>
      <extensions><gpxtpx:TrackPointExtension><gpxtpx:hr>134</gpxtpx:hr><gpxtpx:cad>85</gpxtpx:cad></gpxtpx:TrackPointExtension></extensions>
    </trkpt>
    <trkpt lat="45.521611" lon="-122.653827">
      <ele>200.0</ele>
      <time>2024-03-12T07:34:32.000Z</time>
      <extensions><gpxtpx:TrackPointExtension><gpxtpx:hr>131</gpxtpx:hr><gpxtpx:cad>77</gpxtpx:cad></gpxtpx:TrackPointExtension></extensions>
    </trkpt>
    <trkpt lat="45.521592" lon="-122.653746">
      <ele>200.0</ele>
      <time>2024-03-12T07:34:33.000Z</time>
      <extensions><gpxtpx:TrackPointExtension><gpxtpx:hr>132</gpxtpx:hr><gpxtpx:cad>78</gpxtpx:cad></gpxtpx:TrackPointExtension></extensions>
    </trkpt>
    <trkpt lat="45.521573" lon="-122.653665">
      <ele>200.0</ele>
      <time>2024-03-12T07:34:34.000Z</time>
      <extensions><gpxtpx:TrackPointExtension><gpxtpx:hr>132</gpxtpx:hr><gpxtpx:cad>81</gpxtpx:cad></gpxtpx:TrackPointExtension></extensions>
    </trkpt>
    <trkpt lat="45.521555" lon="-122.653584">
      <ele>200.0</ele>
      <time>2024-03-12T07:34:35.000Z</time>
      <extensions><gpxtpx:TrackPointExtension><gpxtpx:hr>132</gpxtpx:hr><gpxtpx:cad>78</gpxtpx:cad></gpxtpx:TrackPointExtension></extensions>
    </trkpt>
    <trkpt lat="45.521536" lon="-122.653502">
      <ele>200.0</ele>
      <time>2024-03-12T07:34:36.000Z</time>
      <extensions><gpxtpx:TrackPointExtension><gpxtpx:hr>136</gpxtpx:hr><gpxtpx:cad>82</gpxtpx:cad></gpxtpx:TrackPointExtension></extensions>
    </trkpt>
    <trkpt lat="45.521517" lon="-122.653421">
      <ele>200.0</ele>
      <time>2024-03-12T07:34:37.000Z</time>
      <extensions><gpxtpx:TrackPointExtension><gpxtpx:hr>136</gpxtpx:hr><gpxtpx:cad>84</gpxtpx:cad></gpxtpx:TrackPointExtension></extensions>
    </trkpt>
    <trkpt lat="45.521499" lon="-122.653340">
      <ele>200.0</ele>
      <time>2024-03-12T07:34:38.000Z</time>
      <extensions><gpxtpx:TrackPointExtension><gpxtpx:hr>130</gpxtpx:hr><gpxtpx:cad>82</gpxtpx:cad></gpxtpx:TrackPointExtension></extensions>
    </trkpt>
    <trkpt lat="45.521480" lon="-122.653259">
      <ele>200.0</ele>
      <time>2024-03-12T07:34:39.000Z</time>
      <extensions><gpxtpx:TrackPointExtension><gpxtpx:hr>135</gpxtpx:hr><gpxtpx:cad>77</gpxtpx:cad></gpxtpx:TrackPointExtension></extensions>
    </trkpt>
    <trkpt lat="45.521462" lon="-122.653177">
      <ele>200.0</ele>
      <time>2024-03-12T07:34:40.000Z</time>
      <extensions><gpxtpx:TrackPointExtension><gpxtpx:hr>132</gpxtpx:hr><gpxtpx:cad>84</gpxtpx:cad></gpxtpx:TrackPointExtension></extensions>
    </trkpt>
    <trkpt lat="45.521443" lon="-122.653096">
      <ele>200.0</ele>
      <time>2024-03-12T07:34:41.000Z</time>
      <extensions><gpxtpx:TrackPointExtension><gpxtpx:hr>136</gpxtpx:hr><gpxtpx:cad>81</gpxtpx:cad></gpxtpx:TrackPointExtension></extensions>
    </trkpt>
    <trkpt lat="45.521424" lon="-122.653015">
      <ele>200.0</ele>
      <time>2024-03-12T07:34:42.000Z</time>
      <extensions><gpxtpx:TrackPointExtension><gpxtpx:hr>134</gpxtpx:hr><gpxtpx:cad>81</gpxtpx:cad></gpxtpx:TrackPointExtension></extensions>
    </trkpt>
    <trkpt lat="45.521406" lon="-122.652934">
      <ele>200.0</ele>
      <time>2024-03-12T07:34:43.000Z</time>
      <extensions><gpxtpx:TrackPointExtension><gpxtpx:hr>131</gpxtpx:hr><gpxtpx:cad>83</gpxtpx:cad></gpxtpx:TrackPointExtension></extensions>
    </trkpt>
    <trkpt lat="45.521387" lon="-122.652852">
      <ele>200.0</ele>
      <time>2024-03-12T07:34:44.000Z</time>
      <extensions><gpxtpx:TrackPointExtension><gpxtpx:hr>137</gpxtpx:hr><gpxtpx:cad>79</gpxtpx:cad></gpxtpx:TrackPointExtension></extensions>
    </trkpt>
    <trkpt lat="45.521369" lon="-122.652771">
      <ele>200.0</ele>
      <time>2024-03-12T07:34:45.000Z</time>
      <extensions><gpxtpx:TrackPointExtension><gpxtpx:hr>130</gpxtpx:hr><gpxtpx:cad>80</gpxtpx:cad></gpxtpx:TrackPointExtension></extensions>
    </trkpt>
    <trkpt lat="45.521350" lon="-122.652690">
      <ele>200.0</ele>
      <time>2024-03-12T07:34:46.000Z</time>
      <extensions><gpxtpx:TrackPointExtension><gpxtpx:hr>133</gpxtpx:hr><gpxtpx:cad>80</gpxtpx:cad></gpxtpx:TrackPointExtension></extensions>
    </trkpt>
    <trkpt lat="45.521332" lon="-122.652608">
      <ele>200.0</ele>
      <time>2024-03-12T07:34:47.000Z</time>
      <extensions><gpxtpx:TrackPointExtension><gpxtpx:hr>135</gpxtpx:hr><gpxtpx:cad>87</gpxtpx:cad></gpxtpx:TrackPointExtension></extensions>
    </trkpt>
    <trkpt lat="45.521313" lon="-122.652527">
      <ele>200.0</ele>
      <time>2024-03-12T07:34:48.000Z</time>
      <extensions><gpxtpx:TrackPointExtension><gpxtpx:hr>133</gpxtpx:hr><gpxtpx:cad>81</gpxtpx:cad></gpxtpx:TrackPointExtension></extensions>
    </trkpt>
    <trkpt lat="45.521295" lon="-122.652446">
      <ele>200.0</ele>
      <time>2024-03-12T07:34:49.000Z</time>
      <extensions><gpxtpx:TrackPointExtension><gpxtpx:hr>130</gpxtpx:hr><gpxtpx:cad>84</gpxtpx:cad></gpxtpx:TrackPointExtension></extensions>
    </trkpt>
    <trkpt lat="45.521276" lon="-122.652365">
      <ele>200.0</ele>
      <time>2024-03-12T07:34:50.000Z</time>
      <extensions><gpxtpx:TrackPointExtension><gpxtpx:hr>133</gpxtpx:hr><gpxtpx:cad>80</gpxtpx:cad></gpxtpx:TrackPointExtension></extensions>
    </trkpt>
    <trkpt lat="45.521258" lon="-122.652283">
      <ele>200.0</ele>
      <time>2024-03-12T07:34:51.000Z</time>
      <extensions><gpxtpx:TrackPointExtension><gpxtpx:hr>130</gpxtpx:hr><gpxtpx:cad>77</gpxtpx:cad></gpxtpx:TrackPointExtension></extensions>
    </trkpt>
    <trkpt lat="45.521239" lon="-122.652202">
      <ele>200.0</ele>
      <time>2024-03-12T07:34:52.000Z</time>
      <extensions><gpxtpx:TrackPointExtension><gpxtpx:hr>134</gpxtpx:hr><gpxtpx:cad>79</gpxtpx:cad></gpxtpx:TrackPointExtension></extensions>
    </trkpt>
    <trkpt lat="45.521221" lon="-122.652121">
      <ele>200.0</ele>
      <time>2024-03-12T07:34:53.000Z</time>
      <extensions><gpxtpx:TrackPointExtension><gpxtpx:hr>134</gpxtpx:hr><gpxtpx:cad>81</gpxtpx:cad></gpxtpx:TrackPointExtension></extensions>
    </trkpt>
    <trkpt lat="45.521202" lon="-122.652039">
      <ele>200.0</ele>
      <time>2024-03-12T07:34:54.000Z</time>
      <extensions><gpxtpx:TrackPointExtension><gpxtpx:hr>136</gpxtpx:hr><gpxtpx:cad>85</gpxtpx:cad></gpxtpx:TrackPointExtension></extensions>
    </trkpt>
    <trkpt lat="45.521184" lon="-122.651958">
      <ele>200.0</ele>
      <time>2024-03-12T07:34:55.000Z</time>
      <extensions><gpxtpx:TrackPointExtension><gpxtpx:hr>130</gpxtpx:hr><gpxtpx:cad>81</gpxtpx:cad></gpxtpx:TrackPointExtension></extensions>
    </trkpt>
    <trkpt lat="45.521166" lon="-122.651877">
      <ele>200.0</ele>
      <time>2024-03-12T07:34:56.000Z</time>
      <extensions><gpxtpx:TrackPointExtension><gpxtpx:hr>133</gpxtpx:hr><gpxtpx:cad>80</gpxtpx:cad></gpxtpx:TrackPointExtension></extensions>
    </trkpt>
    <trkpt lat="45.521147" lon="-122.651795">
      <ele>200.0</ele>
      <time>2024-03-12T07:34:57.000Z</time>
      <extensions><gpxtpx:TrackPointExtension><gpxtpx:hr>131</gpxtpx:hr><gpxtpx:cad>85</gpxtpx:cad></gpxtpx:TrackPointExtension></extensions>
    </trkpt>
    <trkpt lat="45.521129" lon="-122.651714">
      <ele>200.0</ele>
      <time>2024-03-12T07:34:58.000Z</time>
      <extensions><gpxtpx:TrackPointExtension><gpxtpx:hr>131</gpxtpx:hr><gpxtpx:cad>83</gpxtpx:cad></gpxtpx:TrackPointExtension></extensions>
    </trkpt>
    <trkpt lat="45.521111" lon="-122.651633">
      <ele>200.0</ele>
      <time>2024-03-12T07:34:59.000Z</time>
      <extensions><gpxtpx:TrackPointExtension><gpxtpx:hr>130</gpxtpx:hr><gpxtpx:cad>82</gpxtpx:cad></gpxtpx:TrackPointExtension></extensions>
    </trkpt>
    <trkpt lat="45.521092" lon="-122.651551">
      <ele>200.0</ele>
      <time>2024-03-12T07:35:00.000Z</time>
      <extensions><gpxtpx:TrackPointExtension><gpxtpx:hr>134</gpxtpx:hr><gpxtpx:cad>84</gpxtpx:cad></gpxtpx:TrackPointExtension></extensions>
    </trkpt>
    <trkpt lat="45.521074" lon="-122.651470">
      <ele>200.0</ele>
      <time>2024-03-12T07:35:01.000Z</time>
      <extensions><gpxtpx:TrackPointExtension><gpxtpx:hr>133</gpxtpx:hr><gpxtpx:cad>82</gpxtpx:cad></gpxtpx:TrackPointExtension></extensions>
    </trkpt>
    <trkpt lat="45.521056" lon="-122.651388">
      <ele>200.0</ele>
      <time>2024-03-12T07:35:02.000Z</time>
      <extensions><gpxtpx:TrackPointExtension><gpxtpx:hr>137</gpxtpx:hr><gpxtpx:cad>78</gpxtpx:cad></gpxtpx:TrackPointExtension></extensions>
    </trkpt>
    <trkpt lat="45.521038" lon="-122.651307">
      <ele>200.0</ele>
      <time>2024-03-12T07:35:03.000Z</time>
      <extensions><gpxtpx:TrackPointExtension><gpxtpx:hr>135</gpxtpx:hr><gpxtpx:cad>81</gpxtpx:cad></gpxtpx:TrackPointExtension></extensions>
    </trkpt>
    <trkpt lat="45.521019" lon="-122.651226">
      <ele>200.0</ele>
      <time>2024-03-12T07:35:04.000Z</time>
      <extensions><gpxtpx:TrackPointExtension><gpxtpx:hr>135</gpxtpx:hr><gpxtpx:cad>83</gpxtpx:cad></gpxtpx:TrackPointExtension></extensions>
    </trkpt>
    <trkpt lat="45.521001" lon="-122.651144">
      <ele>200.0</ele>
      <time>2024-03-12T07:35:05.000Z</time>
      <extensions><gpxtpx:TrackPointExtension><gpxtpx:hr>135</gpxtpx:hr><gpxtpx:cad>82</gpxtpx:cad></gpxtpx:TrackPointExtension></extensions>
    </trkpt>
    <trkpt lat="45.520983" lon="-122.651063">
      <ele>200.0</ele>
      <time>2024-03-12T07:35:06.000Z</time>
      <extensions><gpxtpx:TrackPointExtension><gpxtpx:hr>135</gpxtpx:hr><gpxtpx:cad>77</gpxtpx:cad></gpxtpx:TrackPointExtension></extensions>
    </trkpt>
    <trkpt lat="45.520965" lon="-122.650981">
      <ele>200.0</ele>
      <time>2024-03-12T07:35:07.000Z</time>
      <extensions><gpxtpx:TrackPointExtension><gpxtpx:hr>132</gpxtpx:hr><gpxtpx:cad>81</gpxtpx:cad></gpxtpx:TrackPointExtension></extensions>
    </trkpt>
    <trkpt lat="45.520947" lon="-122.650900">
      <ele>200.0</ele>
      <time>2024-03-12T07:35:08.000Z</time>
      <extensions><gpxtpx:TrackPointExtension><gpxtpx:hr>135</gpxtpx:hr><gpxtpx:cad>81</gpxtpx:cad></gpxtpx:TrackPointExtension></extensions>
    </trkpt>
    <trkpt lat="45.520929" lon="-122.650818">
      <ele>200.0</ele>
      <time>2024-03-12T07:35:09.000Z</time>
      <extensions><gpxtpx:TrackPointExtension><gpxtpx:hr>135</gpxtpx:hr><gpxtpx:cad>83</gpxtpx:cad></gpxtpx:TrackPointExtension></extensions>
    </trkpt>
    <trkpt lat="45.520910" lon="-122.650737">
      <ele>200.0</ele>
      <time>2024-03-12T07:35:10.000Z</time>
      <extensions><gpxtpx:TrackPointExtension><gpxtpx:hr>135</gpxtpx:hr><gpxtpx:cad>85</gpxtpx:cad></gpxtpx:TrackPointExtension></extensions>
    </trkpt>
    <trkpt lat="45.520892" lon="-122.650655">
      <ele>200.0</ele>
      <time>2024-03-12T07:35:11.000Z</time>
      <extensions><gpxtpx:TrackPointExtension><gpxtpx:hr>129</gpxtpx:hr><gpxtpx:cad>84</gpxtpx:cad></gpxtpx:TrackPointExtension></extensions>
    </trkpt>
    <trkpt lat="45.520874" lon="-122.650574">
      <ele>200.0</ele>
      <time>2024-03-12T07:35:12.000Z</time>
      <extensions><gpxtpx:TrackPointExtension><gpxtpx:hr>136</gpxtpx:hr><gpxtpx:cad>83</gpxtpx:cad></gpxtpx:TrackPointExtension></extensions>
    </trkpt>
    <trkpt lat="45.520856" lon="-122.650492">
      <ele>200.0</ele>
      <time>2024-03-12T07:35:13.000Z</time>
      <extensions><gpxtpx:TrackPointExtension><gpxtpx:hr>134</gpxtpx:hr><gpxtpx:cad>79</gpxtpx:cad></gpxtpx:TrackPointExtension></extensions>
    </trkpt>
    <trkpt lat="45.520838" lon="-122.650411">
      <ele>200.0</ele>
      <time>2024-03-12T07:35:14.000Z</time>
      <extensions><gpxtpx:TrackPointExtension><gpxtpx:hr>131</gpxtpx:hr><gpxtpx:cad>82</gpxtpx:cad></gpxtpx:TrackPointExtension></extensions>
    </trkpt>
    <trkpt lat="45.520820" lon="-122.650329">
      <ele>200.0</ele>
      <time>2024-03-12T07:35:15.000Z</time>
      <extensions><gpxtpx:TrackPointExtension><gpxtpx:hr>131</gpxtpx:hr><gpxtpx:cad>81</gpxtpx:cad></gpxtpx:TrackPointExtension></extensions>
    </trkpt>
    <trkpt lat="45.520803" lon="-122.650248">
      <ele>200.0</ele>
      <time>2024-03-12T07:35:16.000Z</time>
      <extensions><gpxtpx:TrackPointExtension><gpxtpx:hr>133</gpxtpx:hr><gpxtpx:cad>79</gpxtpx:cad></gpxtpx:TrackPointExtension></extensions>
    </trkpt>
    <trkpt lat="45.520785" lon="-122.650166">
      <ele>200.0</ele>
      <time>2024-03-12T07:35:17.000Z</time>
      <extensions><gpxtpx:TrackPointExtension><gpxtpx:hr>130</gpxtpx:hr><gpxtpx:cad>80</gpxtpx:cad></gpxtpx:TrackPointExtension></extensions>
    </trkpt>
    <trkpt lat="45.520767" lon="-122.650084">
      <ele>200.0</ele>
      <time>2024-03-12T07:35:18.000Z</time>
      <extensions><gpxtpx:TrackPointExtension><gpxtpx:hr>136</gpxtpx:hr><gpxtpx:cad>84</gpxtpx:cad></gpxtpx:TrackPointExtension></extensions>
    </trkpt>
    <trkpt lat="45.520749" lon="-122.650003">
      <ele>200.0</ele>
      <time>2024-03-12T07:35:19.000Z</time>
      <extensions><gpxtpx:TrackPointExtension><gpxtpx:hr>136</gpxtpx:hr><gpxtpx:cad>78</gpxtpx:cad></gpxtpx:TrackPointExtension></extensions>
    </trkpt>
    <trkpt lat="45.520731" lon="-122.649921">
      <ele>200.0</ele>
      <time>2024-03-12T07:35:20.000Z</time>
      <extensions><gpxtpx:TrackPointExtension><gpxtpx:hr>131</gpxtpx:hr><gpxtpx:cad>77</gpxtpx:cad></gpxtpx:TrackPointExtension></extensions>
    </trkpt>
    <trkpt lat="45.520713" lon="-122.649840">
      <ele>200.0</ele>
      <time>2024-03-12T07:35:21.000Z</time>
      <extensions><gpxtpx:TrackPointExtension><gpxtpx:hr>134</gpxtpx:hr><gpxtpx:cad>87</gpxtpx:cad></gpxtpx:TrackPointExtension></extensions>
    </trkpt>
    <trkpt lat="45.520696" lon="-122.649758">
      <ele>200.0</ele>
      <time>2024-03-12T07:35:22.000Z</time>
      <extensions><gpxtpx:TrackPointExtension><gpxtpx:hr>135</gpxtpx:hr><gpxtpx:cad>79</gpxtpx:cad></gpxtpx:TrackPointExtension></extensions>
    </trkpt>
    <trkpt lat="45.520678" lon="-122.649676">
      <ele>200.0</ele>
      <time>2024-03-12T07:35:23.000Z</time>
      <extensions><gpxtpx:TrackPointExtension><gpxtpx:hr>132</gpxtpx:hr><gpxtpx:cad>82</gpxtpx:cad></gpxtpx:TrackPointExtension></extensions>
    </trkpt>
    <trkpt lat="45.520660" lon="-122.649595">
      <ele>200.0</ele>
      <time>2024-03-12T07:35:24.000Z</time>
      <extensions><gpxtpx:TrackPointExtension><gpxtpx:hr>130</gpxtpx:hr><gpxtpx:cad>82</gpxtpx:cad></gpxtpx:TrackPointExtension></extensions>
    </trkpt>
    <trkpt lat="45.520643" lon="-122.649513">
      <ele>200.0</ele>
      <time>2024-03-12T07:35:25.000Z</time>
      <extensions><gpxtpx:TrackPointExtension><gpxtpx:hr>137</gpxtpx:hr><gpxtpx:cad>82</gpxtpx:cad></gpxtpx:TrackPointExtension></extensions>
    </trkpt>
    <trkpt lat="45.520625" lon="-122.649431">
      <ele>200.0</ele>
      <time>2024-03-12T07:35:26.000Z</time>
      <extensions><gpxtpx:TrackPointExtension><gpxtpx:hr>133</gpxtpx:hr><gpxtpx:cad>78</gpxtpx:cad></gpxtpx:TrackPointExtension></extensions>
    </trkpt>
    <trkpt lat="45.520607" lon="-122.649350">
      <ele>200.0</ele>
      <time>2024-03-12T07:35:27.000Z</time>
      <extensions><gpxtpx:TrackPointExtension><gpxtpx:hr>135</gpxtpx:hr><gpxtpx:cad>82</gpxtpx:cad></gpxtpx:TrackPointExtension></extensions>
    </trkpt>
    <trkpt lat="45.520590" lon="-122.649268">
      <ele>200.0</ele>
      <time>2024-03-12T07:35:28.000Z</time>
      <extensions><gpxtpx:TrackPointExtension><gpxtpx:hr>137</gpxtpx:hr><gpxtpx:cad>80</gpxtpx:cad></gpxtpx:TrackPointExtension></extensions>
    </trkpt>
    <trkpt lat="45.520572" lon="-122.649186">
      <ele>200.0</ele>
      <time>2024-03-12T07:35:29.000Z</time>
      <extensions><gpxtpx:TrackPointExtension><gpxtpx:hr>131</gpxtpx:hr><gpxtpx:cad>86</gpxtpx:cad></gpxtpx:TrackPointExtension></extensions>
    </trkpt>
    <trkpt lat="45.520555" lon="-122.649104">
      <ele>200.0</ele>
      <time>2024-03-12T07:35:30.000Z</time>
      <extensions><gpxtpx:TrackPointExtension><gpxtpx:hr>134</gpxtpx:hr><gpxtpx:cad>79</gpxtpx:cad></gpxtpx:TrackPointExtension></extensions>
    </trkpt>
    <trkpt lat="45.520537" lon="-122.649023">
      <ele>200.0</ele>
      <time>2024-03-12T07:35:31.000Z</time>
      <extensions><gpxtpx:TrackPointExtension><gpxtpx:hr>131</gpxtpx:hr><gpxtpx:cad>80</gpxtpx:cad></gpxtpx:TrackPointExtension></extensions>
    </trkpt>
    <trkpt lat="45.520520" lon="-122.648941">
      <ele>200.0</ele>
      <time>2024-03-12T07:35:32.000Z</time>
      <extensions><gpxtpx:TrackPointExtension><gpxtpx:hr>134</gpxtpx:hr><gpxtpx:cad>85</gpxtpx:cad></gpxtpx:TrackPointExtension></extensions>
    </trkpt>
    <trkpt lat="45.520503" lon="-122.648859">
      <ele>200.0</ele>
      <time>2024-03-12T07:35:33.000Z</time>
      <extensions><gpxtpx:TrackPointExtension><gpxtpx:hr>137</gpxtpx:hr><gpxtpx:cad>79</gpxtpx:cad></gpxtpx:TrackPointExtension></extensions>
    </trkpt>
    <trkpt lat="45.520485" lon="-122.648777">
      <ele>200.0</ele>
      <time>2024-03-12T07:35:34.000Z</time>
      <extensions><gpxtpx:TrackPointExtension><gpxtpx:hr>134</gpxtpx:hr><gpxtpx:cad>84</gpxtpx:cad></gpxtpx:TrackPointExtension></extensions>
    </trkpt>
    <trkpt lat="45.520468" lon="-122.648695">
      <ele>200.0</ele>
      <time>2024-03-12T07:35:35.000Z</time>
      <extensions><gpxtpx:TrackPointExtension><gpxtpx:hr>134</gpxtpx:hr><gpxtpx:cad>87</gpxtpx:cad></gpxtpx:TrackPointExtension></extensions>
    </trkpt>
    <trkpt lat="45.520451" lon="-122.648614">
      <ele>200.0</ele>
      <time>2024-03-12T07:35:36.000Z</time>
      <extensions><gpxtpx:TrackPointExtension><gpxtpx:hr>133</gpxtpx:hr><gpxtpx:cad>86</gpxtpx:cad></gpxtpx:TrackPointExtension></extensions>
    </trkpt>
    <trkpt lat="45.520433" lon="-122.648532">
      <ele>200.0</ele>
      <time>2024-03-12T07:35:37.000Z</time>
      <extensions><gpxtpx:TrackPointExtension><gpxtpx:hr>132</gpxtpx:hr><gpxtpx:cad>78</gpxtpx:cad></gpxtpx:TrackPointExtension></extensions>
    </trkpt>
    <trkpt lat="45.520416" lon="-122.648450">
      <ele>200.0</ele>
      <time>2024-03-12T07:35:38.000Z</time>
      <extensions><gpxtpx:TrackPointExtension><gpxtpx:hr>137</gpxtpx:hr><gpxtpx:cad>83</gpxtpx:cad></gpxtpx:TrackPointExtension></extensions>
    </trkpt>
    <trkpt lat="45.520399" lon="-122.648368">
      <ele>200.0</ele>
      <time>2024-03-12T07:35:39.000Z</time>
      <extensions><gpxtpx:TrackPointExtension><gpxtpx:hr>130</gpxtpx:hr><gpxtpx:cad>78</gpxtpx:cad></gpxtpx:TrackPointExtension></extensions>
    </trkpt>
    <trkpt lat="45.520382" lon="-122.648286">
      <ele>200.0</ele>
      <time>2024-03-12T07:35:40.000Z</time>
      <extensions><gpxtpx:TrackPointExtension><gpxtpx:hr>130</gpxtpx:hr><gpxtpx:cad>80</gpxtpx:cad></gpxtpx:TrackPointExtension></extensions>
    </trkpt>
    <trkpt lat="45.520365" lon="-122.648204">
      <ele>200.0</ele>
      <time>2024-03-12T07:35:41.000Z</time>
      <extensions><gpxtpx:TrackPointExtension><gpxtpx:hr>135</gpxtpx:hr><gpxtpx:cad>84</gpxtpx:cad></gpxtpx:TrackPointExtension></extensions>
    </trkpt>
    <trkpt lat="45.520348" lon="-122.648122">
      <ele>200.0</ele>
      <time>2024-03-12T07:35:42.000Z</time>
      <extensions><gpxtpx:TrackPointExtension><gpxtpx:hr>132</gpxtpx:hr><gpxtpx:cad>83</gpxtpx:cad></gpxtpx:TrackPointExtension></extensions>
    </trkpt>
    <trkpt lat="45.520331" lon="-122.648040">
      <ele>200.0</ele>
      <time>2024-03-12T07:35:43.000Z</time>
      <extensions><gpxtpx:TrackPointExtension><gpxtpx:hr>134</gpxtpx:hr><gpxtpx:cad>84</gpxtpx:cad></gpxtpx:TrackPointExtension></extensions>
    </trkpt>
    <trkpt lat="45.520314" lon="-122.647958">
      <ele>200.0</ele>
      <time>2024-03-12T07:35:44.000Z</time>
      <extensions><gpxtpx:TrackPointExtension><gpxtpx:hr>133</gpxtpx:hr><gpxtpx:cad>78</gpxtpx:cad></gpxtpx:TrackPointExtension></extensions>
    </trkpt>
    <trkpt lat="45.520297" lon="-122.647876">
      <ele>200.0</ele>
      <time>2024-03-12T07:35:45.000Z</time>
      <extensions><gpxtpx:TrackPointExtension><gpxtpx:hr>136</gpxtpx:hr><gpxtpx:cad>79</gpxtpx:cad></gpxtpx:TrackPointExtension></extensions>
    </trkpt>
    <trkpt lat="45.520280" lon="-122.647794">
      <ele>200.0</ele>
      <time>2024-03-12T07:35:46.000Z</time>
      <extensions><gpxtpx:TrackPointExtension><gpxtpx:hr>134</gpxtpx:hr><gpxtpx:cad>86</gpxtpx:cad></gpxtpx:TrackPointExtension></extensions>
    </trkpt>
    <trkpt lat="45.520263" lon="-122.647712">
      <ele>200.0</ele>
      <time>2024-03-12T07:35:47.000Z</time>
      <extensions><gpxtpx:TrackPointExtension><gpxtpx:hr>136</gpxtpx:hr><gpxtpx:cad>87</gpxtpx:cad></gpxtpx:TrackPointExtension></extensions>
    </trkpt>
    <trkpt lat="45.520246" lon="-122.647630">
      <ele>200.0</ele>
      <time>2024-03-12T07:35:48.000Z</time>
      <extensions><gpxtpx:TrackPointExtension><gpxtpx:hr>133</gpxtpx:hr><gpxtpx:cad>80</gpxtpx:cad></gpxtpx:TrackPointExtension></extensions>
    </trkpt>
    <trkpt lat="45.520229" lon="-122.647548">
      <ele>200.0</ele>
      <time>2024-03-12T07:35:49.000Z</time>
      <extensions><gpxtpx:TrackPointExtension><gpxtpx:hr>137</gpxtpx:hr><gpxtpx:cad>84</gpxtpx:cad></gpxtpx:TrackPointExtension></extensions>
    </trkpt>
    <trkpt lat="45.520212" lon="-122.647466">
      <ele>200.0</ele>
      <time>2024-03-12T07:35:50.000Z</time>
      <extensions><gpxtpx:TrackPointExtension><gpxtpx:hr>135</gpxtpx:hr><gpxtpx:cad>86</gpxtpx:cad></gpxtpx:TrackPointExtension></extensions>
    </trkpt>
    <trkpt lat="45.520196" lon="-122.647384">
      <ele>200.0</ele>
      <time>2024-03-12T07:35:51.000Z</time>
      <extensions><gpxtpx:TrackPointExtension><gpxtpx:hr>131</gpxtpx:hr><gpxtpx:cad>80</gpxtpx:cad></gpxtpx:TrackPointExtension></extensions>
    </trkpt>
    <trkpt lat="45.520179" lon="-122.647302">
      <ele>200.0</ele>
      <time>2024-03-12T07:35:52.000Z</time>
      <extensions><gpxtpx:TrackPointExtension><gpxtpx:hr>135</gpxtpx:hr><gpxtpx:cad>80</gpxtpx:cad></gpxtpx:TrackPointExtension></extensions>
    </trkpt>
    <trkpt lat="45.520162" lon="-122.647220">
      <ele>200.0</ele>
      <time>2024-03-12T07:35:53.000Z</time>
      <extensions><gpxtpx:TrackPointExtension><gpxtpx:hr>133</gpxtpx:hr><gpxtpx:cad>84</gpxtpx:cad></gpxtpx:TrackPointExtension></extensions>
    </trkpt>
    <trkpt lat="45.520145" lon="-122.647138">
      <ele>200.0</ele>
      <time>2024-03-12T07:35:54.000Z</time>
      <extensions><gpxtpx:TrackPointExtension><gpxtpx:hr>134</gpxtpx:hr><gpxtpx:cad>86</gpxtpx:cad></gpxtpx:TrackPointExtension></extensions>
    </trkpt>
    <trkpt lat="45.520129" lon="-122.647056">
      <ele>200.0</ele>
      <time>2024-03-12T07:35:55.000Z</time>
      <extensions><gpxtpx:TrackPointExtension><gpxtpx:hr>131</gpxtpx:hr><gpxtpx:cad>77</gpxtpx:cad></gpxtpx:TrackPointExtension></extensions>
    </trkpt>
    <trkpt lat="45.520112" lon="-122.646974">
      <ele>200.0</ele>
      <time>2024-03-12T07:35:56.000Z</time>
      <extensions><gpxtpx:TrackPointExtension><gpxtpx:hr>135</gpxtpx:hr><gpxtpx:cad>84</gpxtpx:cad></gpxtpx:TrackPointExtension></extensions>
    </trkpt>
    <trkpt lat="45.520096" lon="-122.646892">
      <ele>200.0</ele>
      <time>2024-03-12T07:35:57.000Z</time>
      <extensions><gpxtpx:TrackPointExtension><gpxtpx:hr>135</gpxtpx:hr><gpxtpx:cad>87</gpxtpx:cad></gpxtpx:TrackPointExtension></extensions>
    </trkpt>
    <trkpt lat="45.520079" lon="-122.646809">
      <ele>200.0</ele>
      <time>2024-03-12T07:35:58.000Z</time>
      <extensions><gpxtpx:TrackPointExtension><gpxtpx:hr>131</gpxtpx:hr><gpxtpx:cad>78</gpxtpx:cad></gpxtpx:TrackPointExtension></extensions>
    </trkpt>
    <trkpt lat="45.520063" lon="-122.646727">
      <ele>200.0</ele>
      <time>2024-03-12T07:35:59.000Z</time>
      <extensions><gpxtpx:TrackPointExtension><gpxtpx:hr>137</gpxtpx:hr><gpxtpx:cad>83</gpxtpx:cad></gpxtpx:TrackPointExtension></extensions>
    </trkpt>
    <trkpt lat="45.520046" lon="-122.646645">
      <ele>200.0</ele>
      <time>2024-03-12T07:36:00.000Z</time>
      <extensions><gpxtpx:TrackPointExtension><gpxtpx:hr>131</gpxtpx:hr><gpxtpx:cad>80</gpxtpx:cad></gpxtpx:TrackPointExtension></extensions>
    </trkpt>
    <trkpt lat="45.520030" lon="-122.646563">
      <ele>200.0</ele>
      <time>2024-03-12T07:36:01.000Z</time>
      <extensions><gpxtpx:TrackPointExtension><gpxtpx:hr>135</gpxtpx:hr><gpxtpx:cad>84</gpxtpx:cad></gpxtpx:TrackPointExtension></extensions>
    </trkpt>
    <trkpt lat="45.520014" lon="-122.646481">
      <ele>200.0</ele>
      <time>2024-03-12T07:36:02.000Z</time>
      <extensions><gpxtpx:TrackPointExtension><gpxtpx:hr>137</gpxtpx:hr><gpxtpx:cad>80</gpxtpx:cad></gpxtpx:TrackPointExtension></extensions>
    </trkpt>
    <trkpt lat="45.519997" lon="-122.646398">
      <ele>200.0</ele>
      <time>2024-03-12T07:36:03.000Z</time>
      <extensions><gpxtpx:TrackPointExtension><gpxtpx:hr>132</gpxtpx:hr><gpxtpx:cad>78</gpxtpx:cad></gpxtpx:TrackPointExtension></extensions>
    </trkpt>
    <trkpt lat="45.519981" lon="-122.646316">
      <ele>200.0</ele>
      <time>2024-03-12T07:36:04.000Z</time>
      <extensions><gpxtpx:TrackPointExtension><gpxtpx:hr>130</gpxtpx:hr><gpxtpx:cad>83</gpxtpx:cad></gpxtpx:TrackPointExtension></extensions>
    </trkpt>
    <trkpt lat="45.519965" lon="-122.646234">
      <ele>200.0</ele>
      <time>2024-03-12T07:36:05.000Z</time>
      <extensions><gpxtpx:TrackPointExtension><gpxtpx:hr>130</gpxtpx:hr><gpxtpx:cad>85</gpxtpx:cad></gpxtpx:TrackPointExtension></extensions>
    </trkpt>
    <trkpt lat="45.519948" lon="-122.646152">
      <ele>200.0</ele>
      <time>2024-03-12T07:36:06.000Z</time>
      <extensions><gpxtpx:TrackPointExtension><gpxtpx:hr>135</gpxtpx:hr><gpxtpx:cad>85</gpxtpx:cad></gpxtpx:TrackPointExtension></extensions>
    </trkpt>
    <trkpt lat="45.519932" lon="-122.646069">
      <ele>200.0</ele>
      <time>2024-03-12T07:36:07.000Z</time>
      <extensions><gpxtpx:TrackPointExtension><gpxtpx:hr>133</gpxtpx:hr><gpxtpx:cad>78</gpxtpx:cad></gpxtpx:TrackPointExtension></extensions>
    </trkpt>
    <trkpt lat="45.519916" lon="-122.645987">
      <ele>200.0</ele>
      <time>2024-03-12T07:36:08.000Z</time>
      <extensions><gpxtpx:TrackPointExtension><gpxtpx:hr>135</gpxtpx:hr><gpxtpx:cad>87</gpxtpx:cad></gpxtpx:TrackPointExtension></extensions>
    </trkpt>
    <trkpt lat="45.519900" lon="-122.645905">
      <ele>200.0</ele>
      <time>2024-03-12T07:36:09.000Z</time>
      <extensions><gpxtpx:TrackPointExtension><gpxtpx:hr>135</gpxtpx:hr><gpxtpx:cad>80</gpxtpx:cad></gpxtpx:TrackPointExtension></extensions>
    </trkpt>
    <trkpt lat="45.519884" lon="-122.645822">
      <ele>200.0</ele>
      <time>2024-03-12T07:36:10.000Z</time>
      <extensions><gpxtpx:TrackPointExtension><gpxtpx:hr>132</gpxtpx:hr><gpxtpx:cad>78</gpxtpx:cad></gpxtpx:TrackPointExtension></extensions>
    </trkpt>
    <trkpt lat="45.519868" lon="-122.645740">
      <ele>200.0</ele>
      <time>2024-03-12T07:36:11.000Z</time>
      <extensions><gpxtpx:TrackPointExtension><gpxtpx:hr>132</gpxtpx:hr><gpxtpx:cad>84</gpxtpx:cad></gpxtpx:TrackPointExtension></extensions>
    </trkpt>
    <trkpt lat="45.519852" lon="-122.645658">
      <ele>200.0</ele>
      <time>2024-03-12T07:36:12.000Z</time>
      <extensions><gpxtpx:TrackPointExtension><gpxtpx:hr>129</gpxtpx:hr><gpxtpx:cad>82</gpxtpx:cad></gpxtpx:TrackPointExtension></extensions>
    </trkpt>
    <trkpt lat="45.519836" lon="-122.645575">
      <ele>200.0</ele>
      <time>2024-03-12T07:36:13.000Z</time>
      <extensions><gpxtpx:TrackPointExtension><gpxtpx:hr>130</gpxtpx:hr><gpxtpx:cad>83</gpxtpx:cad></gpxtpx:TrackPointExtension></extensions>
    </trkpt>
    <trkpt lat="45.519820" lon="-122.645493">
      <ele>200.0</ele>
      <time>2024-03-12T07:36:14.000Z</time>
      <extensions><gpxtpx:TrackPointExtension><gpxtpx:hr>136</gpxtpx:hr><gpxtpx:cad>87</gpxtpx:cad></gpxtpx:TrackPointExtension></extensions>
    </trkpt>
    <trkpt lat="45.519804" lon="-122.645410">
      <ele>200.0</ele>
      <time>2024-03-12T07:36:15.000Z</time>
      <extensions><gpxtpx:TrackPointExtension><gpxtpx:hr>137</gpxtpx:hr><gpxtpx:cad>80</gpxtpx:cad></gpxtpx:TrackPointExtension></extensions>
    </trkpt>
    <trkpt lat="45.519788" lon="-122.645328">
      <ele>200.0</ele>
      <time>2024-03-12T07:36:16.000Z</time>
      <extensions><gpxtpx:TrackPointExtension><gpxtpx:hr>136</gpxtpx:hr><gpxtpx:cad>82</gpxtpx:cad></gpxtpx:TrackPointExtension></extensions>
    </trkpt>
    <trkpt lat="45.519772" lon="-122.645246">
      <ele>200.0</ele>
      <time>2024-03-12T07:36:17.000Z</time>
      <extensions><gpxtpx:TrackPointExtension><gpxtpx:hr>133</gpxtpx:hr><gpxtpx:cad>86</gpxtpx:cad></gpxtpx:TrackPointExtension></extensions>
    </trkpt>
    <trkpt lat="45.519757" lon="-122.645163">
      <ele>200.0</ele>
      <time>2024-03-12T07:36:18.000Z</time>
      <extensions><gpxtpx:TrackPointExtension><gpxtpx:hr>130</gpxtpx:hr><gpxtpx:cad>84</gpxtpx:cad></gpxtpx:TrackPointExtension></extensions>
    </trkpt>
    <trkpt lat="45.519741" lon="-122.645081">
      <ele>200.0</ele>
      <time>2024-03-12T07:36:19.000Z</time>
      <extensions><gpxtpx:TrackPointExtension><gpxtpx:hr>134</gpxtpx:hr><gpxtpx:cad>85</gpxtpx:cad></gpxtpx:TrackPointExtension></extensions>
    </trkpt>
    <trkpt lat="45.519725" lon="-122.644998">
      <ele>200.0</ele>
      <time>2024-03-12T07:36:20.000Z</time>
      <extensions><gpxtpx:TrackPointExtension><gpxtpx:hr>132</gpxtpx:hr><gpxtpx:cad>79</gpxtpx:cad></gpxtpx:TrackPointExtension></extensions>
    </trkpt>
    <trkpt lat="45.519710" lon="-122.644916">
      <ele>200.0</ele>
      <time>2024-03-12T07:36:21.000Z</time>
      <extensions><gpxtpx:TrackPointExtension><gpxtpx:hr>130</gpxtpx:hr><gpxtpx:cad>84</gpxtpx:cad></gpxtpx:TrackPointExtension></extensions>
    </trkpt>
    <trkpt lat="45.519694" lon="-122.644833">
      <ele>200.0</ele>
      <time>2024-03-12T07:36:22.000Z</time>
      <extensions><gpxtpx:TrackPointExtension><gpxtpx:hr>134</gpxtpx:hr><gpxtpx:cad>87</gpxtpx:cad></gpxtpx:TrackPointExtension></extensions>
    </trkpt>
    <trkpt lat="45.519678" lon="-122.644751">
      <ele>200.0</ele>
      <time>2024-03-12T07:36:23.000Z</time>
      <extensions><gpxtpx:TrackPointExtension><gpxtpx:hr>132</gpxtpx:hr><gpxtpx:cad>78</gpxtpx:cad></gpxtpx:TrackPointExtension></extensions>
    </trkpt>
    <trkpt lat="45.519663" lon="-122.644668">
      <ele>200.0</ele>
      <time>2024-03-12T07:36:24.000Z</time>
      <extensions><gpxtpx:TrackPointExtension><gpxtpx:hr>133</gpxtpx:hr><gpxtpx:cad>86</gpxtpx:cad></gpxtpx:TrackPointExtension></extensions>
    </trkpt>
    <trkpt lat="45.519647" lon="-122.644586">
      <ele>200.0</ele>
      <time>2024-03-12T07:36:25.000Z</time>
      <extensions><gpxtpx:TrackPointExtension><gpxtpx:hr>134</gpxtpx:hr><gpxtpx:cad>83</gpxtpx:cad></gpxtpx:TrackPointExtension></extensions>
    </trkpt>
    <trkpt lat="45.519632" lon="-122.644503">
      <ele>200.0</ele>
      <time>2024-03-12T07:36:26.000Z</time>
      <extensions><gpxtpx:TrackPointExtension><gpxtpx:hr>136</gpxtpx:hr><gpxtpx:cad>83</gpxtpx:cad></gpxtpx:TrackPointExtension></extensions>
    </trkpt>
    <trkpt lat="45.519616" lon="-122.644421">
      <ele>200.0</ele>
      <time>2024-03-12T07:36:27.000Z</time>
      <extensions><gpxtpx:TrackPointExtension><gpxtpx:hr>130</gpxtpx:hr><gpxtpx:cad>82</gpxtpx:cad></gpxtpx:TrackPointExtension></extensions>
    </trkpt>
    <trkpt lat="45.519601" lon="-122.644338">
      <ele>200.0</ele>
      <time>2024-03-12T07:36:28.000Z</time>
      <extensions><gpxtpx:TrackPointExtension><gpxtpx:hr>131</gpxtpx:hr><gpxtpx:cad>79</gpxtpx:cad></gpxtpx:TrackPointExtension></extensions>
    </trkpt>
    <trkpt lat="45.519585" lon="-122.644255">
      <ele>200.0</ele>
      <time>2024-03-12T07:36:29.000Z</time>
      <extensions><gpxtpx:TrackPointExtension><gpxtpx:hr>133</gpxtpx:hr><gpxtpx:cad>83</gpxtpx:cad></gpxtpx:TrackPointExtension></extensions>
    </trkpt>
    <trkpt lat="45.519570" lon="-122.644173">
      <ele>200.0</ele>
      <time>2024-03-12T07:36:30.000Z</time>
      <extensions><gpxtpx:TrackPointExtension><gpxtpx:hr>133</gpxtpx:hr><gpxtpx:cad>79</gpxtpx:cad></gpxtpx:TrackPointExtension></extensions>
    </trkpt>
    <trkpt lat="45.519554" lon="-122.644090">
      <ele>200.0</ele>
      <time>2024-03-12T07:36:31.000Z</time>
      <extensions><gpxtpx:TrackPointExtension><gpxtpx:hr>129</gpxtpx:hr><gpxtpx:cad>80</gpxtpx:cad></gpxtpx:TrackPointExtension></extensions>
    </trkpt>
    <trkpt lat="45.519539" lon="-122.644008">
      <ele>200.0</ele>
      <time>2024-03-12T07:36:32.000Z</time>
      <extensions><gpxtpx:TrackPointExtension><gpxtpx:hr>130</gpxtpx:hr><gpxtpx:cad>83</gpxtpx:cad></gpxtpx:TrackPointExtension></extensions>
    </trkpt>
    <trkpt lat="45.519524" lon="-122.643925">
      <ele>200.0</ele>
      <time>2024-03-12T07:36:33.000Z</time>
      <extensions><gpxtpx:TrackPointExtension><gpxtpx:hr>136</gpxtpx:hr><gpxtpx:cad>83</gpxtpx:cad></gpxtpx:TrackPointExtension></extensions>
    </trkpt>
    <trkpt lat="45.519509" lon="-122.643842">
      <ele>200.0</ele>
      <time>2024-03-12T07:36:34.000Z</time>
      <extensions><gpxtpx:TrackPointExtension><gpxtpx:hr>130</gpxtpx:hr><gpxtpx:cad>84</gpxtpx:cad></gpxtpx:TrackPointExtension></extensions>
    </trkpt>
    <trkpt lat="45.519493" lon="-122.643760">
      <ele>200.0</ele>
      <time>2024-03-12T07:36:35.000Z</time>
      <extensions><gpxtpx:TrackPointExtension><gpxtpx:hr>130</gpxtpx:hr><gpxtpx:cad>79</gpxtpx:cad></gpxtpx:TrackPointExtension></extensions>
    </trkpt>
    <trkpt lat="45.519478" lon="-122.643677">
      <ele>200.0</ele>
      <time>2024-03-12T07:36:36.000Z</time>
      <extensions><gpxtpx:TrackPointExtension><gpxtpx:hr>131</gpxtpx:hr><gpxtpx:cad>82</gpxtpx:cad></gpxtpx:TrackPointExtension></extensions>
    </trkpt>
    <trkpt lat="45.519463" lon="-122.643594">
      <ele>200.0</ele>
      <time>2024-03-12T07:36:37.000Z</time>
      <extensions><gpxtpx:TrackPointExtension><gpxtpx:hr>131</gpxtpx:hr><gpxtpx:cad>78</gpxtpx:cad></gpxtpx:TrackPointExtension></extensions>
    </trkpt>
    <trkpt lat="45.519448" lon="-122.643512">
      <ele>200.0</ele>
      <time>2024-03-12T07:36:38.000Z</time>
      <extensions><gpxtpx:TrackPointExtension><gpxtpx:hr>137</gpxtpx:hr><gpxtpx:cad>79</gpxtpx:cad></gpxtpx:TrackPointExtension></extensions>
    </trkpt>
    <trkpt lat="45.519433" lon="-122.643429">
      <ele>200.0</ele>
      <time>2024-03-12T07:36:39.000Z</time>
      <extensions><gpxtpx:TrackPointExtension><gpxtpx:hr>130</gpxtpx:hr><gpxtpx:cad>86</gpxtpx:cad></gpxtpx:TrackPointExtension></extensions>
    </trkpt>
    <trkpt lat="45.519418" lon="-122.643346">
      <ele>200.0</ele>
      <time>2024-03-12T07:36:40.000Z</time>
      <extensions><gpxtpx:TrackPointExtension><gpxtpx:hr>130</gpxtpx:hr><gpxtpx:cad>78</gpxtpx:cad></gpxtpx:TrackPointExtension></extensions>
    </trkpt>
    <trkpt lat="45.519403" lon="-122.643263">
      <ele>200.0</ele>
      <time>2024-03-12T07:36:41.000Z</time>
      <extensions><gpxtpx:TrackPointExtension><gpxtpx:hr>137</gpxtpx:hr><gpxtpx:cad>79</gpxtpx:cad></gpxtpx:TrackPointExtension></extensions>
    </trkpt>
    <trkpt lat="45.519388" lon="-122.643181">
      <ele>200.0</ele>
      <time>2024-03-12T07:36:42.000Z</time>
      <extensions><gpxtpx:TrackPointExtension><gpxtpx:hr>131</gpxtpx:hr><gpxtpx:cad>85</gpxtpx:cad></gpxtpx:TrackPointExtension></extensions>
    </trkpt>
    <trkpt lat="45.519372" lon="-122.643098">
      <ele>200.0</ele>
      <time>2024-03-12T07:36:43.000Z</time>
      <extensions><gpxtpx:TrackPointExtension><gpxtpx:hr>135</gpxtpx:hr><gpxtpx:cad>84</gpxtpx:cad></gpxtpx:TrackPointExtension></extensions>
    </trkpt>
    <trkpt lat="45.519358" lon="-122.643015">
      <ele>200.0</ele>
      <time>2024-03-12T07:36:44.000Z</time>
      <extensions><gpxtpx:TrackPointExtension><gpxtpx:hr>136</gpxtpx:hr><gpxtpx:cad>85</gpxtpx:cad></gpxtpx:TrackPointExtension></extensions>
    </trkpt>
    <trkpt lat="45.519343" lon="-122.642932">
      <ele>200.0</ele>
      <time>2024-03-12T07:36:45.000Z</time>
      <extensions><gpxtpx:TrackPointExtension><gpxtpx:hr>137</gpxtpx:hr><gpxtpx:cad>85</gpxtpx:cad></gpxtpx:TrackPointExtension></extensions>
    </trkpt>
    <trkpt lat="45.519328" lon="-122.642850">
      <ele>200.0</ele>
      <time>2024-03-12T07:36:46.000Z</time>
      <extensions><gpxtpx:TrackPointExtension><gpxtpx:hr>131</gpxtpx:hr><gpxtpx:cad>81</gpxtpx:cad></gpxtpx:TrackPointExtension></extensions>
    </trkpt>
    <trkpt lat="45.519313" lon="-122.642767">
      <ele>200.0</ele>
      <time>2024-03-12T07:36:47.000Z</time>
      <extensions><gpxtpx:TrackPointExtension><gpxtpx:hr>132</gpxtpx:hr><gpxtpx:cad>86</gpxtpx:cad></gpxtpx:TrackPointExtension></extensions>
    </trkpt>
    <trkpt lat="45.519298" lon="-122.642684">
      <ele>200.0</ele>
      <time>2024-03-12T07:36:48.000Z</time>
      <extensions><gpxtpx:TrackPointExtension><gpxtpx:hr>131</gpxtpx:hr><gpxtpx:cad>77</gpxtpx:cad></gpxtpx:TrackPointExtension></extensions>
    </trkpt>
    <trkpt lat="45.519283" lon="-122.642601">
      <ele>200.0</ele>
      <time>2024-03-12T07:36:49.000Z</time>
      <extensions><gpxtpx:TrackPointExtension><gpxtpx:hr>135</gpxtpx:hr><gpxtpx:cad>82</gpxtpx:cad></gpxtpx:TrackPointExtension></extensions>
    </trkpt>
    <trkpt lat="45.519268" lon="-122.642518">
      <ele>200.0</ele>
      <time>2024-03-12T07:36:50.000Z</time>
      <extensions><gpxtpx:TrackPointExtension><gpxtpx:hr>131</gpxtpx:hr><gpxtpx:cad>77</gpxtpx:cad></gpxtpx:TrackPointExtension></extensions>
    </trkpt>
    <trkpt lat="45.519253" lon="-122.642436">
      <ele>200.0</ele>
      <time>2024-03-12T07:36:51.000Z</time>
      <extensions><gpxtpx:TrackPointExtension><gpxtpx:hr>133</gpxtpx:hr><gpxtpx:cad>84</gpxtpx:cad></gpxtpx:TrackPointExtension></extensions>
    </trkpt>
    <trkpt lat="45.519239" lon="-122.642353">
      <ele>200.0</ele>
      <time>2024-03-12T07:36:52.000Z</time>
      <extensions><gpxtpx:TrackPointExtension><gpxtpx:hr>130</gpxtpx:hr><gpxtpx:cad>86</gpxtpx:cad></gpxtpx:TrackPointExtension></extensions>
    </trkpt>
    <trkpt lat="45.519224" lon="-122.642270">
      <ele>200.0</ele>
      <time>2024-03-12T07:36:53.000Z</time>
      <extensions><gpxtpx:TrackPointExtension><gpxtpx:hr>133</gpxtpx:hr><gpxtpx:cad>78</gpxtpx:cad></gpxtpx:TrackPointExtension></extensions>
    </trkpt>
    <trkpt lat="45.519209" lon="-122.642187">
      <ele>200.0</ele>
      <time>2024-03-12T07:36:54.000Z</time>
      <extensions><gpxtpx:TrackPointExtension><gpxtpx:hr>132</gpxtpx:hr><gpxtpx:cad>79</gpxtpx:cad></gpxtpx:TrackPointExtension></extensions>
    </trkpt>
    <trkpt lat="45.519194" lon="-122.642104">
      <ele>200.0</ele>
      <time>2024-03-12T07:36:55.000Z</time>
      <extensions><gpxtpx:TrackPointExtension><gpxtpx:hr>137</gpxtpx:hr><gpxtpx:cad>78</gpxtpx:cad></gpxtpx:TrackPointExtension></extensions>
    </trkpt>
    <trkpt lat="45.519180" lon="-122.642021">
      <ele>200.0</ele>
      <time>2024-03-12T07:36:56.000Z</time>
      <extensions><gpxtpx:TrackPointExtension><gpxtpx:hr>134</gpxtpx:hr><gpxtpx:cad>81</gpxtpx:cad></gpxtpx:TrackPointExtension></extensions>
    </trkpt>
    <trkpt lat="45.519165" lon="-122.641939">
      <ele>200.0</ele>
      <time>2024-03-12T07:36:57.000Z</time>
      <extensions><gpxtpx:TrackPointExtension><gpxtpx:hr>136</gpxtpx:hr><gpxtpx:cad>85</gpxtpx:cad></gpxtpx:TrackPointExtension></extensions>
    </trkpt>
    <trkpt lat="45.519150" lon="-122.641856">
      <ele>200.0</ele>
      <time>2024-03-12T07:36:58.000Z</time>
      <extensions><gpxtpx:TrackPointExtension><gpxtpx:hr>130</gpxtpx:hr><gpxtpx:cad>87</gpxtpx:cad></gpxtpx:TrackPointExtension></extensions>
    </trkpt>
    <trkpt lat="45.519136" lon="-122.641773">
      <ele>200.0</ele>
      <time>2024-03-12T07:36:59.000Z</time>
      <extensions><gpxtpx:TrackPointExtension><gpxtpx:hr>129</gpxtpx:hr><gpxtpx:cad>81</gpxtpx:cad></gpxtpx:TrackPointExtension></extensions>
    </trkpt>
    <trkpt lat="45.519121" lon="-122.641690">
      <ele>200.0</ele>
      <time>2024-03-12T07:37:00.000Z</time>
      <extensions><gpxtpx:TrackPointExtension><gpxtpx:hr>137</gpxtpx:hr><gpxtpx:cad>79</gpxtpx:cad></gpxtpx:TrackPointExtension></extensions>
    </trkpt>
    <trkpt lat="45.519107" lon="-122.641607">
      <ele>200.0</ele>
      <time>2024-03-12T07:37:01.000Z</time>
      <extensions><gpxtpx:TrackPointExtension><gpxtpx:hr>129</gpxtpx:hr><gpxtpx:cad>85</gpxtpx:cad></gpxtpx:TrackPointExtension></extensions>
    </trkpt>
    <trkpt lat="45.519092" lon="-122.641524">
      <ele>200.0</ele>
      <time>2024-03-12T07:37:02.000Z</time>
      <extensions><gpxtpx:TrackPointExtension><gpxtpx:hr>133</gpxtpx:hr><gpxtpx:cad>82</gpxtpx:cad></gpxtpx:TrackPointExtension></extensions>
    </trkpt>
    <trkpt lat="45.519077" lon="-122.641441">
      <ele>200.0</ele>
      <time>2024-03-12T07:37:03.000Z</time>
      <extensions><gpxtpx:TrackPointExtension><gpxtpx:hr>134</gpxtpx:hr><gpxtpx:cad>84</gpxtpx:cad></gpxtpx:TrackPointExtension></extensions>
    </trkpt>
    <trkpt lat="45.519063" lon="-122.641358">
      <ele>200.0</ele>
      <time>2024-03-12T07:37:04.000Z</time>
      <extensions><gpxtpx:TrackPointExtension><gpxtpx:hr>132</gpxtpx:hr><gpxtpx:cad>82</gpxtpx:cad></gpxtpx:TrackPointExtension></extensions>
    </trkpt>
    <trkpt lat="45.519048" lon="-122.641275">
      <ele>200.0</ele>
      <time>2024-03-12T07:37:05.000Z</time>
      <extensions><gpxtpx:TrackPointExtension><gpxtpx:hr>136</gpxtpx:hr><gpxtpx:cad>87</gpxtpx:cad></gpxtpx:TrackPointExtension></extensions>
    </trkpt>
    <trkpt lat="45.519034" lon="-122.641192">
      <ele>200.0</ele>
      <time>2024-03-12T07:37:06.000Z</time>
      <extensions><gpxtpx:TrackPointExtension><gpxtpx:hr>133</gpxtpx:hr><gpxtpx:cad>85</gpxtpx:cad></gpxtpx:TrackPointExtension></extensions>
    </trkpt>
    <trkpt lat="45.519019" lon="-122.641110">
      <ele>200.0</ele>
      <time>2024-03-12T07:37:07.000Z</time>
      <extensions><gpxtpx:TrackPointExtension><gpxtpx:hr>137</gpxtpx:hr><gpxtpx:cad>78</gpxtpx:cad></gpxtpx:TrackPointExtension></extensions>
    </trkpt>
    <trkpt lat="45.519005" lon="-122.641027">
      <ele>200.0</ele>
      <time>2024-03-12T07:37:08.000Z</time>
      <extensions><gpxtpx:TrackPointExtension><gpxtpx:hr>131</gpxtpx:hr><gpxtpx:cad>84</gpxtpx:cad></gpxtpx:TrackPointExtension></extensions>
    </trkpt>
    <trkpt lat="45.518990" lon="-122.640944">
      <ele>200.0</ele>
      <time>2024-03-12T07:37:09.000Z</time>
      <extensions><gpxtpx:TrackPointExtension><gpxtpx:hr>130</gpxtpx:hr><gpxtpx:cad>85</gpxtpx:cad></gpxtpx:TrackPointExtension></extensions>
    </trkpt>
    <trkpt lat="45.518976" lon="-122.640861">
      <ele>200.0</ele>
      <time>2024-03-12T07:37:10.000Z</time>
      <extensions><gpxtpx:TrackPointExtension><gpxtpx:hr>134</gpxtpx:hr><gpxtpx:cad>84</gpxtpx:cad></gpxtpx:TrackPointExtension></extensions>
    </trkpt>
    <trkpt lat="45.518961" lon="-122.640778">
      <ele>200.0</ele>
      <time>2024-03-12T07:37:11.000Z</time>
      <extensions><gpxtpx:TrackPointExtension><gpxtpx:hr>134</gpxtpx:hr><gpxtpx:cad>81</gpxtpx:cad></gpxtpx:TrackPointExtension></extensions>
    </trkpt>
    <trkpt lat="45.518947" lon="-122.640695">
      <ele>200.0</ele>
      <time>2024-03-12T07:37:12.000Z</time>
      <extensions><gpxtpx:TrackPointExtension><gpxtpx:hr>136</gpxtpx:hr><gpxtpx:cad>86</gpxtpx:cad></gpxtpx:TrackPointExtension></extensions>
    </trkpt>
    <trkpt lat="45.518933" lon="-122.640612">
      <ele>200.0</ele>
      <time>2024-03-12T07:37:13.000Z</time>
      <extensions><gpxtpx:TrackPointExtension><gpxtpx:hr>133</gpxtpx:hr><gpxtpx:cad>86</gpxtpx:cad></gpxtpx:TrackPointExtension></extensions>
    </trkpt>
    <trkpt lat="45.518918" lon="-122.640529">
      <ele>200.0</ele>
      <time>2024-03-12T07:37:14.000Z</time>
      <extensions><gpxtpx:TrackPointExtension><gpxtpx:hr>130</gpxtpx:hr><gpxtpx:cad>78</gpxtpx:cad></gpxtpx:TrackPointExtension></extensions>
    </trkpt>
    <trkpt lat="45.518904" lon="-122.640446">
      <ele>200.0</ele>
      <time>2024-03-12T07:37:15.000Z</time>
      <extensions><gpxtpx:TrackPointExtension><gpxtpx:hr>131</gpxtpx:hr><gpxtpx:cad>81</gpxtpx:cad></gpxtpx:TrackPointExtension></extensions>
    </trkpt>
    <trkpt lat="45.518889" lon="-122.640363">
      <ele>200.0</ele>
      <time>2024-03-12T07:37:16.000Z</time>
      <extensions><gpxtpx:TrackPointExtension><gpxtpx:hr>135</gpxtpx:hr><gpxtpx:cad>80</gpxtpx:cad></gpxtpx:TrackPointExtension></extensions>
    </trkpt>
    <trkpt lat="45.518875" lon="-122.640280">
      <ele>200.0</ele>
      <time>2024-03-12T07:37:17.000Z</time>
      <extensions><gpxtpx:TrackPointExtension><gpxtpx:hr>131</gpxtpx:hr><gpxtpx:cad>84</gpxtpx:cad></gpxtpx:TrackPointExtension></extensions>
    </trkpt>
    <trkpt lat="45.518861" lon="-122.640197">
      <ele>200.0</ele>
      <time>2024-03-12T07:37:18.000Z</time>
      <extensions><gpxtpx:TrackPointExtension><gpxtpx:hr>135</gpxtpx:hr><gpxtpx:cad>86</gpxtpx:cad></gpxtpx:TrackPointExtension></extensions>
    </trkpt>
    <trkpt lat="45.518846" lon="-122.640114">
      <ele>200.0</ele>
      <time>2024-03-12T07:37:19.000Z</time>
      <extensions><gpxtpx:TrackPointExtension><gpxtpx:hr>133</gpxtpx:hr><gpxtpx:cad>85</gpxtpx:cad></gpxtpx:TrackPointExtension></extensions>
    </trkpt>
    <trkpt lat="45.518832" lon="-122.640031">
      <ele>200.0</ele>
      <time>2024-03-12T07:37:20.000Z</time>
      <extensions><gpxtpx:TrackPointExtension><gpxtpx:hr>130</gpxtpx:hr><gpxtpx:cad>86</gpxtpx:cad></gpxtpx:TrackPointExtension></extensions>
    </trkpt>
    <trkpt lat="45.518818" lon="-122.639948">
      <ele>200.0</ele>
      <time>2024-03-12T07:37:21.000Z</time>
      <extensions><gpxtpx:TrackPointExtension><gpxtpx:hr>131</gpxtpx:hr><gpxtpx:cad>79</gpxtpx:cad></gpxtpx:TrackPointExtension></extensions>
    </trkpt>
    <trkpt lat="45.518803" lon="-122.639865">
      <ele>200.0</ele>
      <time>2024-03-12T07:37:22.000Z</time>
      <extensions><gpxtpx:TrackPointExtension><gpxtpx:hr>135</gpxtpx:hr><gpxtpx:cad>81</gpxtpx:cad></gpxtpx:TrackPointExtension></extensions>
    </trkpt>
    <trkpt lat="45.518789" lon="-122.639782">
      <ele>200.0</ele>
      <time>2024-03-12T07:37:23.000Z</time>
      <extensions><gpxtpx:TrackPointExtension><gpxtpx:hr>137</gpxtpx:hr><gpxtpx:cad>86</gpxtpx:cad></gpxtpx:TrackPointExtension></extensions>
    </trkpt>
    <trkpt lat="45.518775" lon="-122.639699">
      <ele>200.0</ele>
      <time>2024-03-12T07:37:24.000Z</time>
      <extensions><gpxtpx:TrackPointExtension><gpxtpx:hr>136</gpxtpx:hr><gpxtpx:cad>83</gpxtpx:cad></gpxtpx:TrackPointExtension></extensions>
    </trkpt>
    <trkpt lat="45.518760" lon="-122.639616">
      <ele>200.0</ele>
      <time>2024-03-12T07:37:25.000Z</time>
      <extensions><gpxtpx:TrackPointExtension><gpxtpx:hr>136</gpxtpx:hr><gpxtpx:cad>86</gpxtpx:cad></gpxtpx:TrackPointExtension></extensions>
    </trkpt>
    <trkpt lat="45.518746" lon="-122.639533">
      <ele>200.0</ele>
      <time>2024-03-12T07:37:26.000Z</time>
      <extensions><gpxtpx:TrackPointExtension><gpxtpx:hr>130</gpxtpx:hr><gpxtpx:cad>87</gpxtpx:cad></gpxtpx:TrackPointExtension></extensions>
    </trkpt>
    <trkpt lat="45.518732" lon="-122.639450">
      <ele>200.0</ele>
      <time>2024-03-12T07:37:27.000Z</time>
      <extensions><gpxtpx:TrackPointExtension><gpxtpx:hr>136</gpxtpx:hr><gpxtpx:cad>81</gpxtpx:cad></gpxtpx:TrackPointExtension></extensions>
    </trkpt>
    <trkpt lat="45.518718" lon="-122.639367">
      <ele>200.0</ele>
      <time>2024-03-12T07:37:28.000Z</time>
      <extensions><gpxtpx:TrackPointExtension><gpxtpx:hr>135</gpxtpx:hr><gpxtpx:cad>84</gpxtpx:cad></gpxtpx:TrackPointExtension></extensions>
    </trkpt>
    <trkpt lat="45.518703" lon="-122.639284">
      <ele>200.0</ele>
      <time>2024-03-12T07:37:29.000Z</time>
      <extensions><gpxtpx:TrackPointExtension><gpxtpx:hr>136</gpxtpx:hr><gpxtpx:cad>80</gpxtpx:cad></gpxtpx:TrackPointExtension></extensions>
    </trkpt>
    <trkpt lat="45.518689" lon="-122.639201">
      <ele>200.0</ele>
      <time>2024-03-12T07:37:30.000Z</time>
      <extensions><gpxtpx:TrackPointExtension><gpxtpx:hr>135</gpxtpx:hr><gpxtpx:cad>80</gpxtpx:cad></gpxtpx:TrackPointExtension></extensions>
    </trkpt>
    <trkpt lat="45.518675" lon="-122.639118">
      <ele>200.0</ele>
      <time>2024-03-12T07:37:31.000Z</time>
      <extensions><gpxtpx:TrackPointExtension><gpxtpx:hr>134</gpxtpx:hr><gpxtpx:cad>79</gpxtpx:cad></gpxtpx:TrackPointExtension></extensions>
    </trkpt>
    <trkpt lat="45.518660" lon="-122.639035">
      <ele>200.0</ele>
      <time>2024-03-12T07:37:32.000Z</time>
      <extensions><gpxtpx:TrackPointExtension><gpxtpx:hr>136</gpxtpx:hr><gpxtpx:cad>79</gpxtpx:cad></gpxtpx:TrackPointExtension></extensions>
    </trkpt>
    <trkpt lat="45.518646" lon="-122.638952">
      <ele>200.0</ele>
      <time>2024-03-12T07:37:33.000Z</time>
      <extensions><gpxtpx:TrackPointExtension><gpxtpx:hr>137</gpxtpx:hr><gpxtpx:cad>78</gpxtpx:cad></gpxtpx:TrackPointExtension></extensions>
    </trkpt>
    <trkpt lat="45.518632" lon="-122.638869">
      <ele>200.0</ele>
      <time>2024-03-12T07:37:34.000Z</time>
      <extensions><gpxtpx:TrackPointExtension><gpxtpx:hr>130</gpxtpx:hr><gpxtpx:cad>82</gpxtpx:cad></gpxtpx:TrackPointExtension></extensions>
    </trkpt>
    <trkpt lat="45.518617" lon="-122.638786">
      <ele>200.0</ele>
      <time>2024-03-12T07:37:35.000Z</time>
      <extensions><gpxtpx:TrackPointExtension><gpxtpx:hr>130</gpxtpx:hr><gpxtpx:cad>84</gpxtpx:cad></gpxtpx:TrackPointExtension></extensions>
    </trkpt>
    <trkpt lat="45.518603" lon="-122.638703">
      <ele>200.0</ele>
      <time>2024-03-12T07:37:36.000Z</time>
      <extensions><gpxtpx:TrackPointExtension><gpxtpx:hr>136</gpxtpx:hr><gpxtpx:cad>85</gpxtpx:cad></gpxtpx:TrackPointExtension></extensions>
    </trkpt>
    <trkpt lat="45.518589" lon="-122.638620">
      <ele>200.0</ele>
      <time>2024-03-12T07:37:37.000Z</time>
      <extensions><gpxtpx:TrackPointExtension><gpxtpx:hr>137</gpxtpx:hr><gpxtpx:cad>82</gpxtpx:cad></gpxtpx:TrackPointExtension></extensions>
    </trkpt>
    <trkpt lat="45.518575" lon="-122.638537">
      <ele>200.0</ele>
      <time>2024-03-12T07:37:38.000Z</time>
      <extensions><gpxtpx:TrackPointExtension><gpxtpx:hr>136</gpxtpx:hr><gpxtpx:cad>86</gpxtpx:cad></gpxtpx:TrackPointExtension></extensions>
    </trkpt>
    <trkpt lat="45.518560" lon="-122.638454">
      <ele>200.0</ele>
      <time>2024-03-12T07:37:39.000Z</time>
      <extensions><gpxtpx:TrackPointExtension><gpxtpx:hr>135</gpxtpx:hr><gpxtpx:cad>84</gpxtpx:cad></gpxtpx:TrackPointExtension></extensions>
    </trkpt>
    <trkpt lat="45.518546" lon="-122.638371">
      <ele>200.0</ele>
      <time>2024-03-12T07:37:40.000Z</time>
      <extensions><gpxtpx:TrackPointExtension><gpxtpx:hr>133</gpxtpx:hr><gpxtpx:cad>82</gpxtpx:cad></gpxtpx:TrackPointExtension></extensions>
    </trkpt>
    <trkpt lat="45.518532" lon="-122.638288">
      <ele>200.0</ele>
      <time>2024-03-12T07:37:41.000Z</time>
      <extensions><gpxtpx:TrackPointExtension><gpxtpx:hr>134</gpxtpx:hr><gpxtpx:cad>82</gpxtpx:cad></gpxtpx:TrackPointExtension></extensions>
    </trkpt>
    <trkpt lat="45.518517" lon="-122.638205">
      <ele>200.0</ele>
      <time>2024-03-12T07:37:42.000Z</time>
      <extensions><gpxtpx:TrackPointExtension><gpxtpx:hr>135</gpxtpx:hr><gpxtpx:cad>85</gpxtpx:cad></gpxtpx:TrackPointExtension></extensions>
    </trkpt>
    <trkpt lat="45.518503" lon="-122.638122">
      <ele>200.0</ele>
      <time>2024-03-12T07:37:43.000Z</time>
      <extensions><gpxtpx:TrackPointExtension><gpxtpx:hr>131</gpxtpx:hr><gpxtpx:cad>80</gpxtpx:cad></gpxtpx:TrackPointExtension></extensions>
    </trkpt>
    <trkpt lat="45.518489" lon="-122.638039">
      <ele>200.0</ele>
      <time>2024-03-12T07:37:44.000Z</time>
      <extensions><gpxtpx:TrackPointExtension><gpxtpx:hr>135</gpxtpx:hr><gpxtpx:cad>81</gpxtpx:cad></gpxtpx:TrackPointExtension></extensions>
    </trkpt>
    <trkpt lat="45.518474" lon="-122.637956">
      <ele>200.0</ele>
      <time>2024-03-12T07:37:45.000Z</time>
      <extensions><gpxtpx:TrackPointExtension><gpxtpx:hr>133</gpxtpx:hr><gpxtpx:cad>85</gpxtpx:cad></gpxtpx:TrackPointExtension></extensions>
    </trkpt>
    <trkpt lat="45.518460" lon="-122.637873">
      <ele>200.0</ele>
      <time>2024-03-12T07:37:46.000Z</time>
      <extensions><gpxtpx:TrackPointExtension><gpxtpx:hr>132</gpxtpx:hr><gpxtpx:cad>85</gpxtpx:cad></gpxtpx:TrackPointExtension></extensions>
    </trkpt>
    <trkpt lat="45.518445" lon="-122.637790">
      <ele>200.0</ele>
      <time>2024-03-12T07:37:47.000Z</time>
      <extensions><gpxtpx:TrackPointExtension><gpxtpx:hr>134</gpxtpx:hr><gpxtpx:cad>81</gpxtpx:cad></gpxtpx:TrackPointExtension></extensions>
    </trkpt>
    <trkpt lat="45.518431" lon="-122.637707">
      <ele>200.0</ele>
      <time>2024-03-12T07:37:48.000Z</time>
      <extensions><gpxtpx:TrackPointExtension><gpxtpx:hr>131</gpxtpx:hr><gpxtpx:cad>78</gpxtpx:cad></gpxtpx:TrackPointExtension></extensions>
    </trkpt>
    <trkpt lat="45.518417" lon="-122.637624">
      <ele>200.0</ele>
      <time>2024-03-12T07:37:49.000Z</time>
      <extensions><gpxtpx:TrackPointExtension><gpxtpx:hr>137</gpxtpx:hr><gpxtpx:cad>78</gpxtpx:cad></gpxtpx:TrackPointExtension></extensions>
    </trkpt>
    <trkpt lat="45.518402" lon="-122.637541">
      <ele>200.0</ele>
      <time>2024-03-12T07:37:50.000Z</time>
      <extensions><gpxtpx:TrackPointExtension><gpxtpx:hr>132</gpxtpx:hr><gpxtpx:cad>85</gpxtpx:cad></gpxtpx:TrackPointExtension></extensions>
    </trkpt>
    <trkpt lat="45.518388" lon="-122.637458">
      <ele>200.0</ele>
      <time>2024-03-12T07:37:51.000Z</time>
      <extensions><gpxtpx:TrackPointExtension><gpxtpx:hr>134</gpxtpx:hr><gpxtpx:cad>86</gpxtpx:cad></gpxtpx:TrackPointExtension></extensions>
    </trkpt>
    <trkpt lat="45.518373" lon="-122.637375">
      <ele>200.0</ele>
      <time>2024-03-12T07:37:52.000Z</time>
      <extensions><gpxtpx:TrackPointExtension><gpxtpx:hr>132</gpxtpx:hr><gpxtpx:cad>82</gpxtpx:cad></gpxtpx:TrackPointExtension></extensions>
    </trkpt>
    <trkpt lat="45.518359" lon="-122.637293">
      <ele>200.0</ele>
      <time>2024-03-12T07:37:53.000Z</time>
      <extensions><gpxtpx:TrackPointExtension><gpxtpx:hr>136</gpxtpx:hr><gpxtpx:cad>83</gpxtpx:cad></gpxtpx:TrackPointExtension></extensions>
    </trkpt>
    <trkpt lat="45.518344" lon="-122.637210">
      <ele>200.0</ele>
      <time>2024-03-12T07:37:54.000Z</time>
      <extensions><gpxtpx:TrackPointExtension><gpxtpx:hr>135</gpxtpx:hr><gpxtpx:cad>79</gpxtpx:cad></gpxtpx:TrackPointExtension></extensions>
    </trkpt>
    <trkpt lat="45.518330" lon="-122.637127">
      <ele>200.0</ele>
      <time>2024-03-12T07:37:55.000Z</time>
      <extensions><gpxtpx:TrackPointExtension><gpxtpx:hr>134</gpxtpx:hr><gpxtpx:cad>81</gpxtpx:cad></gpxtpx:TrackPointExtension></extensions>
    </trkpt>
    <trkpt lat="45.518315" lon="-122.637044">
      <ele>200.0</ele>
      <time>2024-03-12T07:37:56.000Z</time>
      <extensions><gpxtpx:TrackPointExtension><gpxtpx:hr>131</gpxtpx:hr><gpxtpx:cad>82</gpxtpx:cad></gpxtpx:TrackPointExtension></extensions>
    </trkpt>
    <trkpt lat="45.518301" lon="-122.636961">
      <ele>200.0</ele>
      <time>2024-03-12T07:37:57.000Z</time>
      <extensions><gpxtpx:TrackPointExtension><gpxtpx:hr>132</gpxtpx:hr><gpxtpx:cad>87</gpxtpx:cad></gpxtpx:TrackPointExtension></extensions>
    </trkpt>
    <trkpt lat="45.518286" lon="-122.636878">
      <ele>200.0</ele>
      <time>2024-03-12T07:37:58.000Z</time>
      <extensions><gpxtpx:TrackPointExtension><gpxtpx:hr>134</gpxtpx:hr><gpxtpx:cad>79</gpxtpx:cad></gpxtpx:TrackPointExtension></extensions>
    </trkpt>
    <trkpt lat="45.518272" lon="-122.636795">
      <ele>200.0</ele>
      <time>2024-03-12T07:37:59.000Z</time>
      <extensions><gpxtpx:TrackPointExtension><gpxtpx:hr>132</gpxtpx:hr><gpxtpx:cad>86</gpxtpx:cad></gpxtpx:TrackPointExtension></extensions>
    </trkpt>
    <trkpt lat="45.518257" lon="-122.636712">
      <ele>200.0</ele>
      <time>2024-03-12T07:38:00.000Z</time>
      <extensions><gpxtpx:TrackPointExtension><gpxtpx:hr>135</gpxtpx:hr><gpxtpx:cad>80</gpxtpx:cad></gpxtpx:TrackPointExtension></extensions>
    </trkpt>
    <trkpt lat="45.518242" lon="-122.636629">
      <ele>200.0</ele>
      <time>2024-03-12T07:38:01.000Z</time>
      <extensions><gpxtpx:TrackPointExtension><gpxtpx:hr>133</gpxtpx:hr><gpxtpx:cad>80</gpxtpx:cad></gpxtpx:TrackPointExtension></extensions>
    </trkpt>
    <trkpt lat="45.518228" lon="-122.636546">
      <ele>200.0</ele>
      <time>2024-03-12T07:38:02.000Z</time>
      <extensions><gpxtpx:TrackPointExtension><gpxtpx:hr>136</gpxtpx:hr><gpxtpx:cad>85</gpxtpx:cad></gpxtpx:TrackPointExtension></extensions>
    </trkpt>
    <trkpt lat="45.518213" lon="-122.636464">
      <ele>200.0</ele>
      <time>2024-03-12T07:38:03.000Z</time>
      <extensions><gpxtpx:TrackPointExtension><gpxtpx:hr>133</gpxtpx:hr><gpxtpx:cad>80</gpxtpx:cad></gpxtpx:TrackPointExtension></extensions>
    </trkpt>
    <trkpt lat="45.518198" lon="-122.636381">
      <ele>200.0</ele>
      <time>2024-03-12T07:38:04.000Z</time>
      <extensions><gpxtpx:TrackPointExtension><gpxtpx:hr>132</gpxtpx:hr><gpxtpx:cad>82</gpxtpx:cad></gpxtpx:TrackPointExtension></extensions>
    </trkpt>
    <trkpt lat="45.518184" lon="-122.636298">
      <ele>200.0</ele>
      <time>2024-03-12T07:38:05.000Z</time>
      <extensions><gpxtpx:TrackPointExtension><gpxtpx:hr>130</gpxtpx:hr><gpxtpx:cad>82</gpxtpx:cad></gpxtpx:TrackPointExtension></extensions>
    </trkpt>
    <trkpt lat="45.518169" lon="-122.636215">
      <ele>200.0</ele>
      <time>2024-03-12T07:38:06.000Z</time>
      <extensions><gpxtpx:TrackPointExtension><gpxtpx:hr>130</gpxtpx:hr><gpxtpx:cad>78</gpxtpx:cad></gpxtpx:TrackPointExtension></extensions>
    </trkpt>
    <trkpt lat="45.518154" lon="-122.636132">
      <ele>200.0</ele>
      <time>2024-03-12T07:38:07.000Z</time>
      <extensions><gpxtpx:TrackPointExtension><gpxtpx:hr>134</gpxtpx:hr><gpxtpx:cad>81</gpxtpx:cad></gpxtpx:TrackPointExtension></extensions>
    </trkpt>
    <trkpt lat="45.518139" lon="-122.636049">
      <ele>200.0</ele>
      <time>2024-03-12T07:38:08.000Z</time>
      <extensions><gpxtpx:TrackPointExtension><gpxtpx:hr>132</gpxtpx:hr><gpxtpx:cad>83</gpxtpx:cad></gpxtpx:TrackPointExtension></extensions>
    </trkpt>
    <trkpt lat="45.518125" lon="-122.635966">
      <ele>200.0</ele>
      <time>2024-03-12T07:38:09.000Z</time>
      <extensions><gpxtpx:TrackPointExtension><gpxtpx:hr>133</gpxtpx:hr><gpxtpx:cad>86</gpxtpx:cad></gpxtpx:TrackPointExtension></extensions>
    </trkpt>
    <trkpt lat="45.518110" lon="-122.635884">
      <ele>200.0</ele>
      <time>2024-03-12T07:38:10.000Z</time>
      <extensions><gpxtpx:TrackPointExtension><gpxtpx:hr>137</gpxtpx:hr><gpxtpx:cad>86</gpxtpx:cad></gpxtpx:TrackPointExtension></extensions>
    </trkpt>
    <trkpt lat="45.518095" lon="-122.635801">
      <ele>200.0</ele>
      <time>2024-03-12T07:38:11.000Z</time>
      <extensions><gpxtpx:TrackPointExtension><gpxtpx:hr>133</gpxtpx:hr><gpxtpx:cad>84</gpxtpx:cad></gpxtpx:TrackPointExtension></extensions>
    </trkpt>
    <trkpt lat="45.518080" lon="-122.635718">
      <ele>200.0</ele>
      <time>2024-03-12T07:38:12.000Z</time>
      <extensions><gpxtpx:TrackPointExtension><gpxtpx:hr>137</gpxtpx:hr><gpxtpx:cad>82</gpxtpx:cad></gpxtpx:TrackPointExtension></extensions>
    </trkpt>
    <trkpt lat="45.518065" lon="-122.635635">
      <ele>200.0</ele>
      <time>2024-03-12T07:38:13.000Z</time>
      <extensions><gpxtpx:TrackPointExtension><gpxtpx:hr>132</gpxtpx:hr><gpxtpx:cad>77</gpxtpx:cad></gpxtpx:TrackPointExtension></extensions>
    </trkpt>
    <trkpt lat="45.518050" lon="-122.635553">
      <ele>200.0</ele>
      <time>2024-03-12T07:38:14.000Z</time>
      <extensions><gpxtpx:TrackPointExtension><gpxtpx:hr>134</gpxtpx:hr><gpxtpx:cad>82</gpxtpx:cad></gpxtpx:TrackPointExtension></extensions>
    </trkpt>
    <trkpt lat="45.518035" lon="-122.635470">
      <ele>200.0</ele>
      <time>2024-03-12T07:38:15.000Z</time>
      <extensions><gpxtpx:TrackPointExtension><gpxtpx:hr>136</gpxtpx:hr><gpxtpx:cad>81</gpxtpx:cad></gpxtpx:TrackPointExtension></extensions>
    </trkpt>
    <trkpt lat="45.518020" lon="-122.635387">
      <ele>200.0</ele>
      <time>2024-03-12T07:38:16.000Z</time>
      <extensions><gpxtpx:TrackPointExtension><gpxtpx:hr>132</gpxtpx:hr><gpxtpx:cad>82</gpxtpx:cad></gpxtpx:TrackPointExtension></extensions>
    </trkpt>
    <trkpt lat="45.518005" lon="-122.635304">
      <ele>200.0</ele>
      <time>2024-03-12T07:38:17.000Z</time>
      <extensions><gpxtpx:TrackPointExtension><gpxtpx:hr>133</gpxtpx:hr><gpxtpx:cad>77</gpxtpx:cad></gpxtpx:TrackPointExtension></extensions>
    </trkpt>
    <trkpt lat="45.517990" lon="-122.635222">
      <ele>200.0</ele>
      <time>2024-03-12T07:38:18.000Z</time>
      <extensions><gpxtpx:TrackPointExtension><gpxtpx:hr>136</gpxtpx:hr><gpxtpx:cad>86</gpxtpx:cad></gpxtpx:TrackPointExtension></extensions>
    </trkpt>
    <trkpt lat="45.517975" lon="-122.635139">
      <ele>200.0</ele>
      <time>2024-03-12T07:38:19.000Z</time>
      <extensions><gpxtpx:TrackPointExtension><gpxtpx:hr>129</gpxtpx:hr><gpxtpx:cad>80</gpxtpx:cad></gpxtpx:TrackPointExtension></extensions>
    </trkpt>
    <trkpt lat="45.517960" lon="-122.635056">
      <ele>200.0</ele>
      <time>2024-03-12T07:38:20.000Z</time>
      <extensions><gpxtpx:TrackPointExtension><gpxtpx:hr>133</gpxtpx:hr><gpxtpx:cad>85</gpxtpx:cad></gpxtpx:TrackPointExtension></extensions>
    </trkpt>
    <trkpt lat="45.517944" lon="-122.634974">
      <ele>200.0</ele>
      <time>2024-03-12T07:38:21.000Z</time>
      <extensions><gpxtpx:TrackPointExtension><gpxtpx:hr>133</gpxtpx:hr><gpxtpx:cad>85</gpxtpx:cad></gpxtpx:TrackPointExtension></extensions>
    </trkpt>
    <trkpt lat="45.517929" lon="-122.634891">
      <ele>200.0</ele>
      <time>2024-03-12T07:38:22.000Z</time>
      <extensions><gpxtpx:TrackPointExtension><gpxtpx:hr>136</gpxtpx:hr><gpxtpx:cad>78</gpxtpx:cad></gpxtpx:TrackPointExtension></extensions>
    </trkpt>
    <trkpt lat="45.517914" lon="-122.634808">
      <ele>200.0</ele>
      <time>2024-03-12T07:38:23.000Z</time>
      <extensions><gpxtpx:TrackPointExtension><gpxtpx:hr>133</gpxtpx:hr><gpxtpx:cad>81</gpxtpx:cad></gpxtpx:TrackPointExtension></extensions>
    </trkpt>
    <trkpt lat="45.517899" lon="-122.634726">
      <ele>200.0</ele>
      <time>2024-03-12T07:38:24.000Z</time>
      <extensions><gpxtpx:TrackPointExtension><gpxtpx:hr>131</gpxtpx:hr><gpxtpx:cad>78</gpxtpx:cad></gpxtpx:TrackPointExtension></extensions>
    </trkpt>
    <trkpt lat="45.517883" lon="-122.634643">
      <ele>200.0</ele>
      <time>2024-03-12T07:38:25.000Z</time>
      <extensions><gpxtpx:TrackPointExtension><gpxtpx:hr>130</gpxtpx:hr><gpxtpx:cad>79</gpxtpx:cad></gpxtpx:TrackPointExtension></extensions>
    </trkpt>
    <trkpt lat="45.517868" lon="-122.634560">
      <ele>200.0</ele>
      <time>2024-03-12T07:38:26.000Z</time>
      <extensions><gpxtpx:TrackPointExtension><gpxtpx:hr>130</gpxtpx:hr><gpxtpx:cad>81</gpxtpx:cad></gpxtpx:TrackPointExtension></extensions>
    </trkpt>
    <trkpt lat="45.517852" lon="-122.634478">
      <ele>200.0</ele>
      <time>2024-03-12T07:38:27.000Z</time>
      <extensions><gpxtpx:TrackPointExtension><gpxtpx:hr>130</gpxtpx:hr><gpxtpx:cad>86</gpxtpx:cad></gpxtpx:TrackPointExtension></extensions>
    </trkpt>
    <trkpt lat="45.517837" lon="-122.634395">
      <ele>200.0</ele>
      <time>2024-03-12T07:38:28.000Z</time>
      <extensions><gpxtpx:TrackPointExtension><gpxtpx:hr>130</gpxtpx:hr><gpxtpx:cad>80</gpxtpx:cad></gpxtpx:TrackPointExtension></extensions>
    </trkpt>
    <trkpt lat="45.517821" lon="-122.634313">
      <ele>200.0</ele>
      <time>2024-03-12T07:38:29.000Z</time>
      <extensions><gpxtpx:TrackPointExtension><gpxtpx:hr>135</gpxtpx:hr><gpxtpx:cad>80</gpxtpx:cad></gpxtpx:TrackPointExtension></extensions>
    </trkpt>
    <trkpt lat="45.517806" lon="-122.634230">
      <ele>200.0</ele>
      <time>2024-03-12T07:38:30.000Z</time>
      <extensions><gpxtpx:TrackPointExtension><gpxtpx:hr>131</gpxtpx:hr><gpxtpx:cad>86</gpxtpx:cad></gpxtpx:TrackPointExtension></extensions>
    </trkpt>
    <trkpt lat="45.517790" lon="-122.634148">
      <ele>200.0</ele>
      <time>2024-03-12T07:38:31.000Z</time>
      <extensions><gpxtpx:TrackPointExtension><gpxtpx:hr>132</gpxtpx:hr><gpxtpx:cad>83</gpxtpx:cad></gpxtpx:TrackPointExtension></extensions>
    </trkpt>
    <trkpt lat="45.517775" lon="-122.634065">
      <ele>200.0</ele>
      <time>2024-03-12T07:38:32.000Z</time>
      <extensions><gpxtpx:TrackPointExtension><gpxtpx:hr>134</gpxtpx:hr><gpxtpx:cad>81</gpxtpx:cad></gpxtpx:TrackPointExtension></extensions>
    </trkpt>
    <trkpt lat="45.517759" lon="-122.633983">
      <ele>200.0</ele>
      <time>2024-03-12T07:38:33.000Z</time>
      <extensions><gpxtpx:TrackPointExtension><gpxtpx:hr>134</gpxtpx:hr><gpxtpx:cad>83</gpxtpx:cad></gpxtpx:TrackPointExtension></extensions>
    </trkpt>
    <trkpt lat="45.517743" lon="-122.633900">
      <ele>200.0</ele>
      <time>2024-03-12T07:38:34.000Z</time>
      <extensions><gpxtpx:TrackPointExtension><gpxtpx:hr>137</gpxtpx:hr><gpxtpx:cad>79</gpxtpx:cad></gpxtpx:TrackPointExtension></extensions>
    </trkpt>
    <trkpt lat="45.517727" lon="-122.633818">
      <ele>200.0</ele>
      <time>2024-03-12T07:38:35.000Z</time>
      <extensions><gpxtpx:TrackPointExtension><gpxtpx:hr>137</gpxtpx:hr><gpxtpx:cad>86</gpxtpx:cad></gpxtpx:TrackPointExtension></extensions>
    </trkpt>
    <trkpt lat="45.517712" lon="-122.633735">
      <ele>200.0</ele>
      <time>2024-03-12T07:38:36.000Z</time>
      <extensions><gpxtpx:TrackPointExtension><gpxtpx:hr>134</gpxtpx:hr><gpxtpx:cad>78</gpxtpx:cad></gpxtpx:TrackPointExtension></extensions>
    </trkpt>
    <trkpt lat="45.517696" lon="-122.633653">
      <ele>200.0</ele>
      <time>2024-03-12T07:38:37.000Z</time>
      <extensions><gpxtpx:TrackPointExtension><gpxtpx:hr>137</gpxtpx:hr><gpxtpx:cad>77</gpxtpx:cad></gpxtpx:TrackPointExtension></extensions>
    </trkpt>
    <trkpt lat="45.517680" lon="-122.633571">
      <ele>200.0</ele>
      <time>2024-03-12T07:38:38.000Z</time>
      <extensions><gpxtpx:TrackPointExtension><gpxtpx:hr>129</gpxtpx:hr><gpxtpx:cad>86</gpxtpx:cad></gpxtpx:TrackPointExtension></extensions>
    </trkpt>
    <trkpt lat="45.517664" lon="-122.633488">
      <ele>200.0</ele>
      <time>2024-03-12T07:38:39.000Z</time>
      <extensions><gpxtpx:TrackPointExtension><gpxtpx:hr>131</gpxtpx:hr><gpxtpx:cad>80</gpxtpx:cad></gpxtpx:TrackPointExtension></extensions>
    </trkpt>
    <trkpt lat="45.517648" lon="-122.633406">
      <ele>200.0</ele>
      <time>2024-03-12T07:38:40.000Z</time>
      <extensions><gpxtpx:TrackPointExtension><gpxtpx:hr>137</gpxtpx:hr><gpxtpx:cad>83</gpxtpx:cad></gpxtpx:TrackPointExtension></extensions>
    </trkpt>
    <trkpt lat="45.517632" lon="-122.633324">
      <ele>200.0</ele>
      <time>2024-03-12T07:38:41.000Z</time>
      <extensions><gpxtpx:TrackPointExtension><gpxtpx:hr>137</gpxtpx:hr><gpxtpx:cad>79</gpxtpx:cad></gpxtpx:TrackPointExtension></extensions>
    </trkpt>
    <trkpt lat="45.517616" lon="-122.633241">
      <ele>200.0</ele>
      <time>2024-03-12T07:38:42.000Z</time>
      <extensions><gpxtpx:TrackPointExtension><gpxtpx:hr>137</gpxtpx:hr><gpxtpx:cad>79</gpxtpx:cad></gpxtpx:TrackPointExtension></extensions>
    </trkpt>
    <trkpt lat="45.517599" lon="-122.633159">
      <ele>200.0</ele>
      <time>2024-03-12T07:38:43.000Z</time>
      <extensions><gpxtpx:TrackPointExtension><gpxtpx:hr>134</gpxtpx:hr><gpxtpx:cad>86</gpxtpx:cad></gpxtpx:TrackPointExtension></extensions>
    </trkpt>
    <trkpt lat="45.517583" lon="-122.633077">
      <ele>200.0</ele>
      <time>2024-03-12T07:38:44.000Z</time>
      <extensions><gpxtpx:TrackPointExtension><gpxtpx:hr>131</gpxtpx:hr><gpxtpx:cad>86</gpxtpx:cad></gpxtpx:TrackPointExtension></extensions>
    </trkpt>
    <trkpt lat="45.517567" lon="-122.632994">
      <ele>200.0</ele>
      <time>2024-03-12T07:38:45.000Z</time>
      <extensions><gpxtpx:TrackPointExtension><gpxtpx:hr>137</gpxtpx:hr><gpxtpx:cad>81</gpxtpx:cad></gpxtpx:TrackPointExtension></extensions>
    </trkpt>
    <trkpt lat="45.517550" lon="-122.632912">
      <ele>200.0</ele>
      <time>2024-03-12T07:38:46.000Z</time>
      <extensions><gpxtpx:TrackPointExtension><gpxtpx:hr>133</gpxtpx:hr><gpxtpx:cad>85</gpxtpx:cad></gpxtpx:TrackPointExtension></extensions>
    </trkpt>
    <trkpt lat="45.517534" lon="-122.632830">
      <ele>200.0</ele>
      <time>2024-03-12T07:38:47.000Z</time>
      <extensions><gpxtpx:TrackPointExtension><gpxtpx:hr>135</gpxtpx:hr><gpxtpx:cad>79</gpxtpx:cad></gpxtpx:TrackPointExtension></extensions>
    </trkpt>
    <trkpt lat="45.517518" lon="-122.632748">
      <ele>200.0</ele>
      <time>2024-03-12T07:38:48.000Z</time>
      <extensions><gpxtpx:TrackPointExtension><gpxtpx:hr>135</gpxtpx:hr><gpxtpx:cad>81</gpxtpx:cad></gpxtpx:TrackPointExtension></extensions>
    </trkpt>
    <trkpt lat="45.517501" lon="-122.632666">
      <ele>200.0</ele>
      <time>2024-03-12T07:38:49.000Z</time>
      <extensions><gpxtpx:TrackPointExtension><gpxtpx:hr>136</gpxtpx:hr><gpxtpx:cad>79</gpxtpx:cad></gpxtpx:TrackPointExtension></extensions>
    </trkpt>
    <trkpt lat="45.517484" lon="-122.632584">
      <ele>200.0</ele>
      <time>2024-03-12T07:38:50.000Z</time>
      <extensions><gpxtpx:TrackPointExtension><gpxtpx:hr>135</gpxtpx:hr><gpxtpx:cad>86</gpxtpx:cad></gpxtpx:TrackPointExtension></extensions>
    </trkpt>
    <trkpt lat="45.517468" lon="-122.632501">
      <ele>200.0</ele>
      <time>2024-03-12T07:38:51.000Z</time>
      <extensions><gpxtpx:TrackPointExtension><gpxtpx:hr>137</gpxtpx:hr><gpxtpx:cad>84</gpxtpx:cad></gpxtpx:TrackPointExtension></extensions>
    </trkpt>
    <trkpt lat="45.517451" lon="-122.632419">
      <ele>200.0</ele>
      <time>2024-03-12T07:38:52.000Z</time>
      <extensions><gpxtpx:TrackPointExtension><gpxtpx:hr>132</gpxtpx:hr><gpxtpx:cad>85</gpxtpx:cad></gpxtpx:TrackPointExtension></extensions>
    </trkpt>
    <trkpt lat="45.517434" lon="-122.632337">
      <ele>200.0</ele>
      <time>2024-03-12T07:38:53.000Z</time>
      <extensions><gpxtpx:TrackPointExtension><gpxtpx:hr>133</gpxtpx:hr><gpxtpx:cad>87</gpxtpx:cad></gpxtpx:TrackPointExtension></extensions>
    </trkpt>
    <trkpt lat="45.517418" lon="-122.632255">
      <ele>200.0</ele>
      <time>2024-03-12T07:38:54.000Z</time>
      <extensions><gpxtpx:TrackPointExtension><gpxtpx:hr>131</gpxtpx:hr><gpxtpx:cad>81</gpxtpx:cad></gpxtpx:TrackPointExtension></extensions>
    </trkpt>
    <trkpt lat="45.517401" lon="-122.632173">
      <ele>200.0</ele>
      <time>2024-03-12T07:38:55.000Z</time>
      <extensions><gpxtpx:TrackPointExtension><gpxtpx:hr>133</gpxtpx:hr><gpxtpx:cad>78</gpxtpx:cad></gpxtpx:TrackPointExtension></extensions>
    </trkpt>
    <trkpt lat="45.517384" lon="-122.632091">
      <ele>200.0</ele>
      <time>2024-03-12T07:38:56.000Z</time>
      <extensions><gpxtpx:TrackPointExtension><gpxtpx:hr>133</gpxtpx:hr><gpxtpx:cad>79</gpxtpx:cad></gpxtpx:TrackPointExtension></extensions>
    </trkpt>
    <trkpt lat="45.517367" lon="-122.632009">
      <ele>200.0</ele>
      <time>2024-03-12T07:38:57.000Z</time>
      <extensions><gpxtpx:TrackPointExtension><gpxtpx:hr>134</gpxtpx:hr><gpxtpx:cad>80</gpxtpx:cad></gpxtpx:TrackPointExtension></extensions>
    </trkpt>
    <trkpt lat="45.517350" lon="-122.631927">
      <ele>200.0</ele>
      <time>2024-03-12T07:38:58.000Z</time>
      <extensions><gpxtpx:TrackPointExtension><gpxtpx:hr>135</gpxtpx:hr><gpxtpx:cad>77</gpxtpx:cad></gpxtpx:TrackPointExtension></extensions>
    </trkpt>
    <trkpt lat="45.517332" lon="-122.631846">
      <ele>200.0</ele>
      <time>2024-03-12T07:38:59.000Z</time>
      <extensions><gpxtpx:TrackPointExtension><gpxtpx:hr>136</gpxtpx:hr><gpxtpx:cad>77</gpxtpx:cad></gpxtpx:TrackPointExtension></extensions>
    </trkpt>
    <trkpt lat="45.517315" lon="-122.631764">
      <ele>200.0</ele>
      <time>2024-03-12T07:39:00.000Z</time>
      <extensions><gpxtpx:TrackPointExtension><gpxtpx:hr>130</gpxtpx:hr><gpxtpx:cad>81</gpxtpx:cad></gpxtpx:TrackPointExtension></extensions>
    </trkpt>
    <trkpt lat="45.517298" lon="-122.631682">
      <ele>200.0</ele>
      <time>2024-03-12T07:39:01.000Z</time>
      <extensions><gpxtpx:TrackPointExtension><gpxtpx:hr>136</gpxtpx:hr><gpxtpx:cad>77</gpxtpx:cad></gpxtpx:TrackPointExtension></extensions>
    </trkpt>
    <trkpt lat="45.517281" lon="-122.631600">
      <ele>200.0</ele>
      <time>2024-03-12T07:39:02.000Z</time>
      <extensions><gpxtpx:TrackPointExtension><gpxtpx:hr>130</gpxtpx:hr><gpxtpx:cad>83</gpxtpx:cad></gpxtpx:TrackPointExtension></extensions>
    </trkpt>
    <trkpt lat="45.517263" lon="-122.631518">
      <ele>200.0</ele>
      <time>2024-03-12T07:39:03.000Z</time>
      <extensions><gpxtpx:TrackPointExtension><gpxtpx:hr>130</gpxtpx:hr><gpxtpx:cad>85</gpxtpx:cad></gpxtpx:TrackPointExtension></extensions>
    </trkpt>
    <trkpt lat="45.517246" lon="-122.631437">
      <ele>200.0</ele>
      <time>2024-03-12T07:39:04.000Z</time>
      <extensions><gpxtpx:TrackPointExtension><gpxtpx:hr>130</gpxtpx:hr><gpxtpx:cad>82</gpxtpx:cad></gpxtpx:TrackPointExtension></extensions>
    </trkpt>
    <trkpt lat="45.517228" lon="-122.631355">
      <ele>200.0</ele>
      <time>2024-03-12T07:39:05.000Z</time>
      <extensions><gpxtpx:TrackPointExtension><gpxtpx:hr>136</gpxtpx:hr><gpxtpx:cad>85</gpxtpx:cad></gpxtpx:TrackPointExtension></extensions>
    </trkpt>
    <trkpt lat="45.517211" lon="-122.631273">
      <ele>200.0</ele>
      <time>2024-03-12T07:39:06.000Z</time>
      <extensions><gpxtpx:TrackPointExtension><gpxtpx:hr>133</gpxtpx:hr><gpxtpx:cad>79</gpxtpx:cad></gpxtpx:TrackPointExtension></extensions>
    </trkpt>
    <trkpt lat="45.517193" lon="-122.631191">
      <ele>200.0</ele>
      <time>2024-03-12T07:39:07.000Z</time>
      <extensions><gpxtpx:TrackPointExtension><gpxtpx:hr>135</gpxtpx:hr><gpxtpx:cad>86</gpxtpx:cad></gpxtpx:TrackPointExtension></extensions>
    </trkpt>
    <trkpt lat="45.517175" lon="-122.631110">
      <ele>200.0</ele>
      <time>2024-03-12T07:39:08.000Z</time>
      <extensions><gpxtpx:TrackPointExtension><gpxtpx:hr>130</gpxtpx:hr><gpxtpx:cad>86</gpxtpx:cad></gpxtpx:TrackPointExtension></extensions>
    </trkpt>
    <trkpt lat="45.517158" lon="-122.631028">
      <ele>200.0</ele>
      <time>2024-03-12T07:39:09.000Z</time>
      <extensions><gpxtpx:TrackPointExtension><gpxtpx:hr>134</gpxtpx:hr><gpxtpx:cad>79</gpxtpx:cad></gpxtpx:TrackPointExtension></extensions>
    </trkpt>
    <trkpt lat="45.517140" lon="-122.630947">
      <ele>200.0</ele>
      <time>2024-03-12T07:39:10.000Z</time>
      <extensions><gpxtpx:TrackPointExtension><gpxtpx:hr>131</gpxtpx:hr><gpxtpx:cad>87</gpxtpx:cad></gpxtpx:TrackPointExtension></extensions>
    </trkpt>
    <trkpt lat="45.517122" lon="-122.630865">
      <ele>200.0</ele>
      <time>2024-03-12T07:39:11.000Z</time>
      <extensions><gpxtpx:TrackPointExtension><gpxtpx:hr>135</gpxtpx:hr><gpxtpx:cad>81</gpxtpx:cad></gpxtpx:TrackPointExtension></extensions>
    </trkpt>
    <trkpt lat="45.517104" lon="-122.630784">
      <ele>200.0</ele>
      <time>2024-03-12T07:39:12.000Z</time>
      <extensions><gpxtpx:TrackPointExtension><gpxtpx:hr>137</gpxtpx:hr><gpxtpx:cad>79</gpxtpx:cad></gpxtpx:TrackPointExtension></extensions>
    </trkpt>
    <trkpt lat="45.517086" lon="-122.630702">
      <ele>200.0</ele>
      <time>2024-03-12T07:39:13.000Z</time>
      <extensions><gpxtpx:TrackPointExtension><gpxtpx:hr>131</gpxtpx:hr><gpxtpx:cad>80</gpxtpx:cad></gpxtpx:TrackPointExtension></extensions>
    </trkpt>
    <trkpt lat="45.517068" lon="-122.630621">
      <ele>200.0</ele>
      <time>2024-03-12T07:39:14.000Z</time>
      <extensions><gpxtpx:TrackPointExtension><gpxtpx:hr>133</gpxtpx:hr><gpxtpx:cad>82</gpxtpx:cad></gpxtpx:TrackPointExtension></extensions>
    </trkpt>
    <trkpt lat="45.517049" lon="-122.630539">
      <ele>200.0</ele>
      <time>2024-03-12T07:39:15.000Z</time>
      <extensions><gpxtpx:TrackPointExtension><gpxtpx:hr>134</gpxtpx:hr><gpxtpx:cad>80</gpxtpx:cad></gpxtpx:TrackPointExtension></extensions>
    </trkpt>
    <trkpt lat="45.517031" lon="-122.630458">
      <ele>200.0</ele>
      <time>2024-03-12T07:39:16.000Z</time>
      <extensions><gpxtpx:TrackPointExtension><gpxtpx:hr>131</gpxtpx:hr><gpxtpx:cad>80</gpxtpx:cad></gpxtpx:TrackPointExtension></extensions>
    </trkpt>
    <trkpt lat="45.517013" lon="-122.630376">
      <ele>200.0</ele>
      <time>2024-03-12T07:39:17.000Z</time>
      <extensions><gpxtpx:TrackPointExtension><gpxtpx:hr>132</gpxtpx:hr><gpxtpx:cad>81</gpxtpx:cad></gpxtpx:TrackPointExtension></extensions>
    </trkpt>
    <trkpt lat="45.516994" lon="-122.630295">
      <ele>200.0</ele>
      <time>2024-03-12T07:39:18.000Z</time>
      <extensions><gpxtpx:TrackPointExtension><gpxtpx:hr>131</gpxtpx:hr><gpxtpx:cad>81</gpxtpx:cad></gpxtpx:TrackPointExtension></extensions>
    </trkpt>
    <trkpt lat="45.516976" lon="-122.630214">
      <ele>200.0</ele>
      <time>2024-03-12T07:39:19.000Z</time>
      <extensions><gpxtpx:TrackPointExtension><gpxtpx:hr>133</gpxtpx:hr><gpxtpx:cad>86</gpxtpx:cad></gpxtpx:TrackPointExtension></extensions>
    </trkpt>
    <trkpt lat="45.516957" lon="-122.630133">
      <ele>200.0</ele>
      <time>2024-03-12T07:39:20.000Z</time>
      <extensions><gpxtpx:TrackPointExtension><gpxtpx:hr>131</gpxtpx:hr><gpxtpx:cad>87</gpxtpx:cad></gpxtpx:TrackPointExtension></extensions>
    </trkpt>
    <trkpt lat="45.516938" lon="-122.630051">
      <ele>200.0</ele>
      <time>2024-03-12T07:39:21.000Z</time>
      <extensions><gpxtpx:TrackPointExtension><gpxtpx:hr>130</gpxtpx:hr><gpxtpx:cad>83</gpxtpx:cad></gpxtpx:TrackPointExtension></extensions>
    </trkpt>
    <trkpt lat="45.516920" lon="-122.629970">
      <ele>200.0</ele>
      <time>2024-03-12T07:39:22.000Z</time>
      <extensions><gpxtpx:TrackPointExtension><gpxtpx:hr>133</gpxtpx:hr><gpxtpx:cad>84</gpxtpx:cad></gpxtpx:TrackPointExtension></extensions>
    </trkpt>
    <trkpt lat="45.516901" lon="-122.629889">
      <ele>200.0</ele>
      <time>2024-03-12T07:39:23.000Z</time>
      <extensions><gpxtpx:TrackPointExtension><gpxtpx:hr>134</gpxtpx:hr><gpxtpx:cad>82</gpxtpx:cad></gpxtpx:TrackPointExtension></extensions>
    </trkpt>
    <trkpt lat="45.516882" lon="-122.629808">
      <ele>200.0</ele>
      <time>2024-03-12T07:39:24.000Z</time>
      <extensions><gpxtpx:TrackPointExtension><gpxtpx:hr>135</gpxtpx:hr><gpxtpx:cad>80</gpxtpx:cad></gpxtpx:TrackPointExtension></extensions>
    </trkpt>
    <trkpt lat="45.516863" lon="-122.629727">
      <ele>200.0</ele>
      <time>2024-03-12T07:39:25.000Z</time>
      <extensions><gpxtpx:TrackPointExtension><gpxtpx:hr>137</gpxtpx:hr><gpxtpx:cad>83</gpxtpx:cad></gpxtpx:TrackPointExtension></extensions>
    </trkpt>
    <trkpt lat="45.516844" lon="-122.629646">
      <ele>200.0</ele>
      <time>2024-03-12T07:39:26.000Z</time>
      <extensions><gpxtpx:TrackPointExtension><gpxtpx:hr>131</gpxtpx:hr><gpxtpx:cad>86</gpxtpx:cad></gpxtpx:TrackPointExtension></extensions>
    </trkpt>
    <trkpt lat="45.516825" lon="-122.629565">
      <ele>200.0</ele>
      <time>2024-03-12T07:39:27.000Z</time>
      <extensions><gpxtpx:TrackPointExtension><gpxtpx:hr>133</gpxtpx:hr><gpxtpx:cad>86</gpxtpx:cad></gpxtpx:TrackPointExtension></extensions>
    </trkpt>
    <trkpt lat="45.516805" lon="-122.629484">
      <ele>200.0</ele>
      <time>2024-03-12T07:39:28.000Z</time>
      <extensions><gpxtpx:TrackPointExtension><gpxtpx:hr>132</gpxtpx:hr><gpxtpx:cad>78</gpxtpx:cad></gpxtpx:TrackPointExtension></extensions>
    </trkpt>
    <trkpt lat="45.516786" lon="-122.629403">
      <ele>200.0</ele>
      <time>2024-03-12T07:39:29.000Z</time>
      <extensions><gpxtpx:TrackPointExtension><gpxtpx:hr>131</gpxtpx:hr><gpxtpx:cad>81</gpxtpx:cad></gpxtpx:TrackPointExtension></extensions>
    </trkpt>
    <trkpt lat="45.516767" lon="-122.629322">
      <ele>200.0</ele>
      <time>2024-03-12T07:39:30.000Z</time>
      <extensions><gpxtpx:TrackPointExtension><gpxtpx:hr>134</gpxtpx:hr><gpxtpx:cad>84</gpxtpx:cad></gpxtpx:TrackPointExtension></extensions>
    </trkpt>
    <trkpt lat="45.516747" lon="-122.629241">
      <ele>200.0</ele>
      <time>2024-03-12T07:39:31.000Z</time>
      <extensions><gpxtpx:TrackPointExtension><gpxtpx:hr>130</gpxtpx:hr><gpxtpx:cad>86</gpxtpx:cad></gpxtpx:TrackPointExtension></extensions>
    </trkpt>
    <trkpt lat="45.516728" lon="-122.629161">
      <ele>200.0</ele>
      <time>2024-03-12T07:39:32.000Z</time>
      <extensions><gpxtpx:TrackPointExtension><gpxtpx:hr>130</gpxtpx:hr><gpxtpx:cad>79</gpxtpx:cad></gpxtpx:TrackPointExtension></extensions>
    </trkpt>
    <trkpt lat="45.516708" lon="-122.629080">
      <ele>200.0</ele>
      <time>2024-03-12T07:39:33.000Z</time>
      <extensions><gpxtpx:TrackPointExtension><gpxtpx:hr>134</gpxtpx:hr><gpxtpx:cad>86</gpxtpx:cad></gpxtpx:TrackPointExtension></extensions>
    </trkpt>
    <trkpt lat="45.516688" lon="-122.628999">
      <ele>200.0</ele>
      <time>2024-03-12T07:39:34.000Z</time>
      <extensions><gpxtpx:TrackPointExtension><gpxtpx:hr>135</gpxtpx:hr><gpxtpx:cad>84</gpxtpx:cad></gpxtpx:TrackPointExtension></extensions>
    </trkpt>
    <trkpt lat="45.516669" lon="-122.628919">
      <ele>200.0</ele>
      <time>2024-03-12T07:39:35.000Z</time>
      <extensions><gpxtpx:TrackPointExtension><gpxtpx:hr>129</gpxtpx:hr><gpxtpx:cad>79</gpxtpx:cad></gpxtpx:TrackPointExtension></extensions>
    </trkpt>
    <trkpt lat="45.516649" lon="-122.628838">
      <ele>200.0</ele>
      <time>2024-03-12T07:39:36.000Z</time>
      <extensions><gpxtpx:TrackPointExtension><gpxtpx:hr>130</gpxtpx:hr><gpxtpx:cad>79</gpxtpx:cad></gpxtpx:TrackPointExtension></extensions>
    </trkpt>
    <trkpt lat="45.516629" lon="-122.628757">
      <ele>200.0</ele>
      <time>2024-03-12T07:39:37.000Z</time>
      <extensions><gpxtpx:TrackPointExtension><gpxtpx:hr>135</gpxtpx:hr><gpxtpx:cad>78</gpxtpx:cad></gpxtpx:TrackPointExtension></extensions>
    </trkpt>
    <trkpt lat="45.516609" lon="-122.628677">
      <ele>200.0</ele>
      <time>2024-03-12T07:39:38.000Z</time>
      <extensions><gpxtpx:TrackPointExtension><gpxtpx:hr>129</gpxtpx:hr><gpxtpx:cad>87</gpxtpx:cad></gpxtpx:TrackPointExtension></extensions>
    </trkpt>
    <trkpt lat="45.516589" lon="-122.628596">
      <ele>200.0</ele>
      <time>2024-03-12T07:39:39.000Z</time>
      <extensions><gpxtpx:TrackPointExtension><gpxtpx:hr>136</gpxtpx:hr><gpxtpx:cad>87</gpxtpx:cad></gpxtpx:TrackPointExtension></extensions>
    </trkpt>
    <trkpt lat="45.516568" lon="-122.628516">
      <ele>200.0</ele>
      <time>2024-03-12T07:39:40.000Z</time>
      <extensions><gpxtpx:TrackPointExtension><gpxtpx:hr>134</gpxtpx:hr><gpxtpx:cad>80</gpxtpx:cad></gpxtpx:TrackPointExtension></extensions>
    </trkpt>
    <trkpt lat="45.516548" lon="-122.628435">
      <ele>200.0</ele>
      <time>2024-03-12T07:39:41.000Z</time>
      <extensions><gpxtpx:TrackPointExtension><gpxtpx:hr>134</gpxtpx:hr><gpxtpx:cad>86</gpxtpx:cad></gpxtpx:TrackPointExtension></extensions>
    </trkpt>
    <trkpt lat="45.516528" lon="-122.628355">
      <ele>200.0</ele>
      <time>2024-03-12T07:39:42.000Z</time>
      <extensions><gpxtpx:TrackPointExtension><gpxtpx:hr>135</gpxtpx:hr><gpxtpx:cad>82</gpxtpx:cad></gpxtpx:TrackPointExtension></extensions>
    </trkpt>
    <trkpt lat="45.516507" lon="-122.628275">
      <ele>200.0</ele>
      <time>2024-03-12T07:39:43.000Z</time>
      <extensions><gpxtpx:TrackPointExtension><gpxtpx:hr>132</gpxtpx:hr><gpxtpx:cad>84</gpxtpx:cad></gpxtpx:TrackPointExtension></extensions>
    </trkpt>
    <trkpt lat="45.516487" lon="-122.628194">
      <ele>200.0</ele>
      <time>2024-03-12T07:39:44.000Z</time>
      <extensions><gpxtpx:TrackPointExtension><gpxtpx:hr>136</gpxtpx:hr><gpxtpx:cad>85</gpxtpx:cad></gpxtpx:TrackPointExtension></extensions>
    </trkpt>
    <trkpt lat="45.516466" lon="-122.628114">
      <ele>200.0</ele>
      <time>2024-03-12T07:39:45.000Z</time>
      <extensions><gpxtpx:TrackPointExtension><gpxtpx:hr>134</gpxtpx:hr><gpxtpx:cad>86</gpxtpx:cad></gpxtpx:TrackPointExtension></extensions>
    </trkpt>
    <trkpt lat="45.516445" lon="-122.628034">
      <ele>200.0</ele>
      <time>2024-03-12T07:39:46.000Z</time>
      <extensions><gpxtpx:TrackPointExtension><gpxtpx:hr>137</gpxtpx:hr><gpxtpx:cad>87</gpxtpx:cad></gpxtpx:TrackPointExtension></extensions>
    </trkpt>
    <trkpt lat="45.516424" lon="-122.627954">
      <ele>200.0</ele>
      <time>2024-03-12T07:39:47.000Z</time>
      <extensions><gpxtpx:TrackPointExtension><gpxtpx:hr>135</gpxtpx:hr><gpxtpx:cad>86</gpxtpx:cad></gpxtpx:TrackPointExtension></extensions>
    </trkpt>
    <trkpt lat="45.516404" lon="-122.627874">
      <ele>200.0</ele>
      <time>2024-03-12T07:39:48.000Z</time>
      <extensions><gpxtpx:TrackPointExtension><gpxtpx:hr>130</gpxtpx:hr><gpxtpx:cad>79</gpxtpx:cad></gpxtpx:TrackPointExtension></extensions>
    </trkpt>
    <trkpt lat="45.516383" lon="-122.627794">
      <ele>200.0</ele>
      <time>2024-03-12T07:39:49.000Z</time>
      <extensions><gpxtpx:TrackPointExtension><gpxtpx:hr>130</gpxtpx:hr><gpxtpx:cad>86</gpxtpx:cad></gpxtpx:TrackPointExtension></extensions>
    </trkpt>
    <trkpt lat="45.516362" lon="-122.627714">
      <ele>200.0</ele>
      <time>2024-03-12T07:39:50.000Z</time>
      <extensions><gpxtpx:TrackPointExtension><gpxtpx:hr>131</gpxtpx:hr><gpxtpx:cad>79</gpxtpx:cad></gpxtpx:TrackPointExtension></extensions>
    </trkpt>
    <trkpt lat="45.516340" lon="-122.627634">
      <ele>200.0</ele>
      <time>2024-03-12T07:39:51.000Z</time>
      <extensions><gpxtpx:TrackPointExtension><gpxtpx:hr>132</gpxtpx:hr><gpxtpx:cad>82</gpxtpx:cad></gpxtpx:TrackPointExtension></extensions>
    </trkpt>
    <trkpt lat="45.516319" lon="-122.627554">
      <ele>200.0</ele>
      <time>2024-03-12T07:39:52.000Z</time>
      <extensions><gpxtpx:TrackPointExtension><gpxtpx:hr>133</gpxtpx:hr><gpxtpx:cad>83</gpxtpx:cad></gpxtpx:TrackPointExtension></extensions>
    </trkpt>
    <trkpt lat="45.516298" lon="-122.627474">
      <ele>200.0</ele>
      <time>2024-03-12T07:39:53.000Z</time>
      <extensions><gpxtpx:TrackPointExtension><gpxtpx:hr>137</gpxtpx:hr><gpxtpx:cad>80</gpxtpx:cad></gpxtpx:TrackPointExtension></extensions>
    </trkpt>
    <trkpt lat="45.516276" lon="-122.627394">
      <ele>200.0</ele>
      <time>2024-03-12T07:39:54.000Z</time>
      <extensions><gpxtpx:TrackPointExtension><gpxtpx:hr>131</gpxtpx:hr><gpxtpx:cad>77</gpxtpx:cad></gpxtpx:TrackPointExtension></extensions>
    </trkpt>
    <trkpt lat="45.516255" lon="-122.627314">
      <ele>200.0</ele>
      <time>2024-03-12T07:39:55.000Z</time>
      <extensions><gpxtpx:TrackPointExtension><gpxtpx:hr>133</gpxtpx:hr><gpxtpx:cad>80</gpxtpx:cad></gpxtpx:TrackPointExtension></extensions>
    </trkpt>
    <trkpt lat="45.516233" lon="-122.627235">
      <ele>200.0</ele>
      <time>2024-03-12T07:39:56.000Z</time>
      <extensions><gpxtpx:TrackPointExtension><gpxtpx:hr>137</gpxtpx:hr><gpxtpx:cad>85</gpxtpx:cad></gpxtpx:TrackPointExtension></extensions>
    </trkpt>
    <trkpt lat="45.516212" lon="-122.627155">
      <ele>200.0</ele>
      <time>2024-03-12T07:39:57.000Z</time>
      <extensions><gpxtpx:TrackPointExtension><gpxtpx:hr>134</gpxtpx:hr><gpxtpx:cad>83</gpxtpx:cad></gpxtpx:TrackPointExtension></extensions>
    </trkpt>
    <trkpt lat="45.516190" lon="-122.627075">
      <ele>200.0</ele>
      <time>2024-03-12T07:39:58.000Z</time>
      <extensions><gpxtpx:TrackPointExtension><gpxtpx:hr>131</gpxtpx:hr><gpxtpx:cad>82</gpxtpx:cad></gpxtpx:TrackPointExtension></extensions>
    </trkpt>
    <trkpt lat="45.516168" lon="-122.626996">
      <ele>200.0</ele>
      <time>2024-03-12T07:39:59.000Z</time>
      <extensions><gpxtpx:TrackPointExtension><gpxtpx:hr>133</gpxtpx:hr><gpxtpx:cad>86</gpxtpx:cad></gpxtpx:TrackPointExtension></extensions>
    </trkpt>
    <trkpt lat="45.516146" lon="-122.626916">
      <ele>200.0</ele>
      <time>2024-03-12T07:40:00.000Z</time>
      <extensions><gpxtpx:TrackPointExtension><gpxtpx:hr>134</gpxtpx:hr><gpxtpx:cad>77</gpxtpx:cad></gpxtpx:TrackPointExtension></extensions>
    </trkpt>
    <trkpt lat="45.516124" lon="-122.626837">
      <ele>200.0</ele>
      <time>2024-03-12T07:40:01.000Z</time>
      <extensions><gpxtpx:TrackPointExtension><gpxtpx:hr>137</gpxtpx:hr><gpxtpx:cad>82</gpxtpx:cad></gpxtpx:TrackPointExtension></extensions>
    </trkpt>
    <trkpt lat="45.516102" lon="-122.626758">
      <ele>200.0</ele>
      <time>2024-03-12T07:40:02.000Z</time>
      <extensions><gpxtpx:TrackPointExtension><gpxtpx:hr>131</gpxtpx:hr><gpxtpx:cad>84</gpxtpx:cad></gpxtpx:TrackPointExtension></extensions>
    </trkpt>
    <trkpt lat="45.516079" lon="-122.626678">
      <ele>200.0</ele>
      <time>2024-03-12T07:40:03.000Z</time>
      <extensions><gpxtpx:TrackPointExtension><gpxtpx:hr>132</gpxtpx:hr><gpxtpx:cad>80</gpxtpx:cad></gpxtpx:TrackPointExtension></extensions>
    </trkpt>
    <trkpt lat="45.516057" lon="-122.626599">
      <ele>200.0</ele>
      <time>2024-03-12T07:40:04.000Z</time>
      <extensions><gpxtpx:TrackPointExtension><gpxtpx:hr>131</gpxtpx:hr><gpxtpx:cad>79</gpxtpx:cad></gpxtpx:TrackPointExtension></extensions>
    </trkpt>
    <trkpt lat="45.516035" lon="-122.626520">
      <ele>200.0</ele>
      <time>2024-03-12T07:40:05.000Z</time>
      <extensions><gpxtpx:TrackPointExtension><gpxtpx:hr>132</gpxtpx:hr><gpxtpx:cad>87</gpxtpx:cad></gpxtpx:TrackPointExtension></extensions>
    </trkpt>
    <trkpt lat="45.516012" lon="-122.626440">
      <ele>200.0</ele>
      <time>2024-03-12T07:40:06.000Z</time>
      <extensions><gpxtpx:TrackPointExtension><gpxtpx:hr>133</gpxtpx:hr><gpxtpx:cad>82</gpxtpx:cad></gpxtpx:TrackPointExtension></extensions>
    </trkpt>
    <trkpt lat="45.515990" lon="-122.626361">
      <ele>200.0</ele>
      <time>2024-03-12T07:40:07.000Z</time>
      <extensions><gpxtpx:TrackPointExtension><gpxtpx:hr>135</gpxtpx:hr><gpxtpx:cad>87</gpxtpx:cad></gpxtpx:TrackPointExtension></extensions>
    </trkpt>
    <trkpt lat="45.515967" lon="-122.626282">
      <ele>200.0</ele>
      <time>2024-03-12T07:40:08.000Z</time>
      <extensions><gpxtpx:TrackPointExtension><gpxtpx:hr>135</gpxtpx:hr><gpxtpx:cad>86</gpxtpx:cad></gpxtpx:TrackPointExtension></extensions>
    </trkpt>
    <trkpt lat="45.515944" lon="-122.626203">
      <ele>200.0</ele>
      <time>2024-03-12T07:40:09.000Z</time>
      <extensions><gpxtpx:TrackPointExtension><gpxtpx:hr>132</gpxtpx:hr><gpxtpx:cad>85</gpxtpx:cad></gpxtpx:TrackPointExtension></extensions>
    </trkpt>
    <trkpt lat="45.515921" lon="-122.626124">
      <ele>200.0</ele>
      <time>2024-03-12T07:40:10.000Z</time>
      <extensions><gpxtpx:TrackPointExtension><gpxtpx:hr>132</gpxtpx:hr><gpxtpx:cad>86</gpxtpx:cad></gpxtpx:TrackPointExtension></extensions>
    </trkpt>
    <trkpt lat="45.515898" lon="-122.626045">
      <ele>200.0</ele>
      <time>2024-03-12T07:40:11.000Z</time>
      <extensions><gpxtpx:TrackPointExtension><gpxtpx:hr>132</gpxtpx:hr><gpxtpx:cad>84</gpxtpx:cad></gpxtpx:TrackPointExtension></extensions>
    </trkpt>
    <trkpt lat="45.515875" lon="-122.625966">
      <ele>200.0</ele>
      <time>2024-03-12T07:40:12.000Z</time>
      <extensions><gpxtpx:TrackPointExtension><gpxtpx:hr>134</gpxtpx:hr><gpxtpx:cad>78</gpxtpx:cad></gpxtpx:TrackPointExtension></extensions>
    </trkpt>
    <trkpt lat="45.515852" lon="-122.625888">
      <ele>200.0</ele>
      <time>2024-03-12T07:40:13.000Z</time>
      <extensions><gpxtpx:TrackPointExtension><gpxtpx:hr>132</gpxtpx:hr><gpxtpx:cad>85</gpxtpx:cad></gpxtpx:TrackPointExtension></extensions>
    </trkpt>
    <trkpt lat="45.515829" lon="-122.625809">
      <ele>200.0</ele>
      <time>2024-03-12T07:40:14.000Z</time>
      <extensions><gpxtpx:TrackPointExtension><gpxtpx:hr>130</gpxtpx:hr><gpxtpx:cad>78</gpxtpx:cad></gpxtpx:TrackPointExtension></extensions>
    </trkpt>
    <trkpt lat="45.515806" lon="-122.625730">
      <ele>200.0</ele>
      <time>2024-03-12T07:40:15.000Z</time>
      <extensions><gpxtpx:TrackPointExtension><gpxtpx:hr>136</gpxtpx:hr><gpxtpx:cad>86</gpxtpx:cad></gpxtpx:TrackPointExtension></extensions>
    </trkpt>
    <trkpt lat="45.515782" lon="-122.625651">
      <ele>200.0</ele>
      <time>2024-03-12T07:40:16.000Z</time>
      <extensions><gpxtpx:TrackPointExtension><gpxtpx:hr>137</gpxtpx:hr><gpxtpx:cad>80</gpxtpx:cad></gpxtpx:TrackPointExtension></extensions>
    </trkpt>
    <trkpt lat="45.515759" lon="-122.625573">
      <ele>200.0</ele>
      <time>2024-03-12T07:40:17.000Z</time>
      <extensions><gpxtpx:TrackPointExtension><gpxtpx:hr>131</gpxtpx:hr><gpxtpx:cad>79</gpxtpx:cad></gpxtpx:TrackPointExtension></extensions>
    </trkpt>
    <trkpt lat="45.515735" lon="-122.625494">
      <ele>200.0</ele>
      <time>2024-03-12T07:40:18.000Z</time>
      <extensions><gpxtpx:TrackPointExtension><gpxtpx:hr>136</gpxtpx:hr><gpxtpx:cad>85</gpxtpx:cad></gpxtpx:TrackPointExtension></extensions>
    </trkpt>
    <trkpt lat="45.515711" lon="-122.625416">
      <ele>200.0</ele>
      <time>2024-03-12T07:40:19.000Z</time>
      <extensions><gpxtpx:TrackPointExtension><gpxtpx:hr>135</gpxtpx:hr><gpxtpx:cad>80</gpxtpx:cad></gpxtpx:TrackPointExtension></extensions>
    </trkpt>
    <trkpt lat="45.515688" lon="-122.625337">
      <ele>200.0</ele>
      <time>2024-03-12T07:40:20.000Z</time>
      <extensions><gpxtpx:TrackPointExtension><gpxtpx:hr>134</gpxtpx:hr><gpxtpx:cad>84</gpxtpx:cad></gpxtpx:TrackPointExtension></extensions>
    </trkpt>
    <trkpt lat="45.515664" lon="-122.625259">
      <ele>200.0</ele>
      <time>2024-03-12T07:40:21.000Z</time>
      <extensions><gpxtpx:TrackPointExtension><gpxtpx:hr>136</gpxtpx:hr><gpxtpx:cad>86</gpxtpx:cad></gpxtpx:TrackPointExtension></extensions>
    </trkpt>
    <trkpt lat="45.515640" lon="-122.625181">
      <ele>200.0</ele>
      <time>2024-03-12T07:40:22.000Z</time>
      <extensions><gpxtpx:TrackPointExtension><gpxtpx:hr>134</gpxtpx:hr><gpxtpx:cad>80</gpxtpx:cad></gpxtpx:TrackPointExtension></extensions>
    </trkpt>
    <trkpt lat="45.515616" lon="-122.625102">
      <ele>200.0</ele>
      <time>2024-03-12T07:40:23.000Z</time>
      <extensions><gpxtpx:TrackPointExtension><gpxtpx:hr>129</gpxtpx:hr><gpxtpx:cad>78</gpxtpx:cad></gpxtpx:TrackPointExtension></extensions>
    </trkpt>
    <trkpt lat="45.515591" lon="-122.625024">
      <ele>200.0</ele>
      <time>2024-03-12T07:40:24.000Z</time>
      <extensions><gpxtpx:TrackPointExtension><gpxtpx:hr>136</gpxtpx:hr><gpxtpx:cad>83</gpxtpx:cad></gpxtpx:TrackPointExtension></extensions>
    </trkpt>
    <trkpt lat="45.515567" lon="-122.624946">
      <ele>200.0</ele>
      <time>2024-03-12T07:40:25.000Z</time>
      <extensions><gpxtpx:TrackPointExtension><gpxtpx:hr>134</gpxtpx:hr><gpxtpx:cad>77</gpxtpx:cad></gpxtpx:TrackPointExtension></extensions>
    </trkpt>
    <trkpt lat="45.515543" lon="-122.624868">
      <ele>200.0</ele>
      <time>2024-03-12T07:40:26.000Z</time>
      <extensions><gpxtpx:TrackPointExtension><gpxtpx:hr>137</gpxtpx:hr><gpxtpx:cad>78</gpxtpx:cad></gpxtpx:TrackPointExtension></extensions>
    </trkpt>
    <trkpt lat="45.515518" lon="-122.624790">
      <ele>200.0</ele>
      <time>2024-03-12T07:40:27.000Z</time>
      <extensions><gpxtpx:TrackPointExtension><gpxtpx:hr>132</gpxtpx:hr><gpxtpx:cad>81</gpxtpx:cad></gpxtpx:TrackPointExtension></extensions>
    </trkpt>
    <trkpt lat="45.515494" lon="-122.624712">
      <ele>200.0</ele>
      <time>2024-03-12T07:40:28.000Z</time>
      <extensions><gpxtpx:TrackPointExtension><gpxtpx:hr>136</gpxtpx:hr><gpxtpx:cad>86</gpxtpx:cad></gpxtpx:TrackPointExtension></extensions>
    </trkpt>
    <trkpt lat="45.515469" lon="-122.624634">
      <ele>200.0</ele>
      <time>2024-03-12T07:40:29.000Z</time>
      <extensions><gpxtpx:TrackPointExtension><gpxtpx:hr>130</gpxtpx:hr><gpxtpx:cad>78</gpxtpx:cad></gpxtpx:TrackPointExtension></extensions>
    </trkpt>
    <trkpt lat="45.515445" lon="-122.624556">
      <ele>200.0</ele>
      <time>2024-03-12T07:40:30.000Z</time>
      <extensions><gpxtpx:TrackPointExtension><gpxtpx:hr>130</gpxtpx:hr><gpxtpx:cad>78</gpxtpx:cad></gpxtpx:TrackPointExtension></extensions>
    </trkpt>
    <trkpt lat="45.515420" lon="-122.624478">
      <ele>200.0</ele>
      <time>2024-03-12T07:40:31.000Z</time>
      <extensions><gpxtpx:TrackPointExtension><gpxtpx:hr>130</gpxtpx:hr><gpxtpx:cad>85</gpxtpx:cad></gpxtpx:TrackPointExtension></extensions>
    </trkpt>
    <trkpt lat="45.515395" lon="-122.624401">
      <ele>200.0</ele>
      <time>2024-03-12T07:40:32.000Z</time>
      <extensions><gpxtpx:TrackPointExtension><gpxtpx:hr>132</gpxtpx:hr><gpxtpx:cad>82</gpxtpx:cad></gpxtpx:TrackPointExtension></extensions>
    </trkpt>
    <trkpt lat="45.515370" lon="-122.624323">
      <ele>200.0</ele>
      <time>2024-03-12T07:40:33.000Z</time>
      <extensions><gpxtpx:TrackPointExtension><gpxtpx:hr>134</gpxtpx:hr><gpxtpx:cad>86</gpxtpx:cad></gpxtpx:TrackPointExtension></extensions>
    </trkpt>
    <trkpt lat="45.515345" lon="-122.624245">
      <ele>200.0</ele>
      <time>2024-03-12T07:40:34.000Z</time>
      <extensions><gpxtpx:TrackPointExtension><gpxtpx:hr>132</gpxtpx:hr><gpxtpx:cad>86</gpxtpx:cad></gpxtpx:TrackPointExtension></extensions>
    </trkpt>
    <trkpt lat="45.515320" lon="-122.624168">
      <ele>200.0</ele>
      <time>2024-03-12T07:40:35.000Z</time>
      <extensions><gpxtpx:TrackPointExtension><gpxtpx:hr>130</gpxtpx:hr><gpxtpx:cad>83</gpxtpx:cad></gpxtpx:TrackPointExtension></extensions>
    </trkpt>
    <trkpt lat="45.515295" lon="-122.624090">
      <ele>200.0</ele>
      <time>2024-03-12T07:40:36.000Z</time>
      <extensions><gpxtpx:TrackPointExtension><gpxtpx:hr>135</gpxtpx:hr><gpxtpx:cad>83</gpxtpx:cad></gpxtpx:TrackPointExtension></extensions>
    </trkpt>
    <trkpt lat="45.515269" lon="-122.624013">
      <ele>200.0</ele>
      <time>2024-03-12T07:40:37.000Z</time>
      <extensions><gpxtpx:TrackPointExtension><gpxtpx:hr>136</gpxtpx:hr><gpxtpx:cad>84</gpxtpx:cad></gpxtpx:TrackPointExtension></extensions>
    </trkpt>
    <trkpt lat="45.515244" lon="-122.623935">
      <ele>200.0</ele>
      <time>2024-03-12T07:40:38.000Z</time>
      <extensions><gpxtpx:TrackPointExtension><gpxtpx:hr>132</gpxtpx:hr><gpxtpx:cad>81</gpxtpx:cad></gpxtpx:TrackPointExtension></extensions>
    </trkpt>
    <trkpt lat="45.515218" lon="-122.623858">
      <ele>200.0</ele>
      <time>2024-03-12T07:40:39.000Z</time>
      <extensions><gpxtpx:TrackPointExtension><gpxtpx:hr>131</gpxtpx:hr><gpxtpx:cad>87</gpxtpx:cad></gpxtpx:TrackPointExtension></extensions>
    </trkpt>
    <trkpt lat="45.515193" lon="-122.623781">
      <ele>200.0</ele>
      <time>2024-03-12T07:40:40.000Z</time>
      <extensions><gpxtpx:TrackPointExtension><gpxtpx:hr>135</gpxtpx:hr><gpxtpx:cad>79</gpxtpx:cad></gpxtpx:TrackPointExtension></extensions>
    </trkpt>
    <trkpt lat="45.515167" lon="-122.623704">
      <ele>200.0</ele>
      <time>2024-03-12T07:40:41.000Z</time>
      <extensions><gpxtpx:TrackPointExtension><gpxtpx:hr>133</gpxtpx:hr><gpxtpx:cad>79</gpxtpx:cad></gpxtpx:TrackPointExtension></extensions>
    </trkpt>
    <trkpt lat="45.515141" lon="-122.623626">
      <ele>200.0</ele>
      <time>2024-03-12T07:40:42.000Z</time>
      <extensions><gpxtpx:TrackPointExtension><gpxtpx:hr>131</gpxtpx:hr><gpxtpx:cad>84</gpxtpx:cad></gpxtpx:TrackPointExtension></extensions>
    </trkpt>
    <trkpt lat="45.515115" lon="-122.623549">
      <ele>200.0</ele>
      <time>2024-03-12T07:40:43.000Z</time>
      <extensions><gpxtpx:TrackPointExtension><gpxtpx:hr>133</gpxtpx:hr><gpxtpx:cad>83</gpxtpx:cad></gpxtpx:TrackPointExtension></extensions>
    </trkpt>
    <trkpt lat="45.515089" lon="-122.623472">
      <ele>200.0</ele>
      <time>2024-03-12T07:40:44.000Z</time>
      <extensions><gpxtpx:TrackPointExtension><gpxtpx:hr>135</gpxtpx:hr><gpxtpx:cad>79</gpxtpx:cad></gpxtpx:TrackPointExtension></extensions>
    </trkpt>
    <trkpt lat="45.515063" lon="-122.623395">
      <ele>200.0</ele>
      <time>2024-03-12T07:40:45.000Z</time>
      <extensions><gpxtpx:TrackPointExtension><gpxtpx:hr>132</gpxtpx:hr><gpxtpx:cad>82</gpxtpx:cad></gpxtpx:TrackPointExtension></extensions>
    </trkpt>
    <trkpt lat="45.515037" lon="-122.623319">
      <ele>200.0</ele>
      <time>2024-03-12T07:40:46.000Z</time>
      <extensions><gpxtpx:TrackPointExtension><gpxtpx:hr>132</gpxtpx:hr><gpxtpx:cad>86</gpxtpx:cad></gpxtpx:TrackPointExtension></extensions>
    </trkpt>
    <trkpt lat="45.515011" lon="-122.623242">
      <ele>200.0</ele>
      <time>2024-03-12T07:40:47.000Z</time>
      <extensions><gpxtpx:TrackPointExtension><gpxtpx:hr>131</gpxtpx:hr><gpxtpx:cad>86</gpxtpx:cad></gpxtpx:TrackPointExtension></extensions>
    </trkpt>
    <trkpt lat="45.514985" lon="-122.623165">
      <ele>200.0</ele>
      <time>2024-03-12T07:40:48.000Z</time>
      <extensions><gpxtpx:TrackPointExtension><gpxtpx:hr>132</gpxtpx:hr><gpxtpx:cad>84</gpxtpx:cad></gpxtpx:TrackPointExtension></extensions>
    </trkpt>
    <trkpt lat="45.514958" lon="-122.623088">
      <ele>200.0</ele>
      <time>2024-03-12T07:40:49.000Z</time>
      <extensions><gpxtpx:TrackPointExtension><gpxtpx:hr>134</gpxtpx:hr><gpxtpx:cad>83</gpxtpx:cad></gpxtpx:TrackPointExtension></extensions>
    </trkpt>
    <trkpt lat="45.514932" lon="-122.623012">
      <ele>200.0</ele>
      <time>2024-03-12T07:40:50.000Z</time>
      <extensions><gpxtpx:TrackPointExtension><gpxtpx:hr>133</gpxtpx:hr><gpxtpx:cad>78</gpxtpx:cad></gpxtpx:TrackPointExtension></extensions>
    </trkpt>
    <trkpt lat="45.514905" lon="-122.622935">
      <ele>200.0</ele>
      <time>2024-03-12T07:40:51.000Z</time>
      <extensions><gpxtpx:TrackPointExtension><gpxtpx:hr>137</gpxtpx:hr><gpxtpx:cad>77</gpxtpx:cad></gpxtpx:TrackPointExtension></extensions>
    </trkpt>
    <trkpt lat="45.514878" lon="-122.622858">
      <ele>200.0</ele>
      <time>2024-03-12T07:40:52.000Z</time>
      <extensions><gpxtpx:TrackPointExtension><gpxtpx:hr>134</gpxtpx:hr><gpxtpx:cad>83</gpxtpx:cad></gpxtpx:TrackPointExtension></extensions>
    </trkpt>
    <trkpt lat="45.514852" lon="-122.622782">
      <ele>200.0</ele>
      <time>2024-03-12T07:40:53.000Z</time>
      <extensions><gpxtpx:TrackPointExtension><gpxtpx:hr>130</gpxtpx:hr><gpxtpx:cad>84</gpxtpx:cad></gpxtpx:TrackPointExtension></extensions>
    </trkpt>
    <trkpt lat="45.514825" lon="-122.622706">
      <ele>200.0</ele>
      <time>2024-03-12T07:40:54.000Z</time>
      <extensions><gpxtpx:TrackPointExtension><gpxtpx:hr>133</gpxtpx:hr><gpxtpx:cad>79</gpxtpx:cad></gpxtpx:TrackPointExtension></extensions>
    </trkpt>
    <trkpt lat="45.514798" lon="-122.622629">
      <ele>200.0</ele>
      <time>2024-03-12T07:40:55.000Z</time>
      <extensions><gpxtpx:TrackPointExtension><gpxtpx:hr>136</gpxtpx:hr><gpxtpx:cad>83</gpxtpx:cad></gpxtpx:TrackPointExtension></extensions>
    </trkpt>
    <trkpt lat="45.514771" lon="-122.622553">
      <ele>200.0</ele>
      <time>2024-03-12T07:40:56.000Z</time>
      <extensions><gpxtpx:TrackPointExtension><gpxtpx:hr>129</gpxtpx:hr><gpxtpx:cad>80</gpxtpx:cad></gpxtpx:TrackPointExtension></extensions>
    </trkpt>
    <trkpt lat="45.514744" lon="-122.622477">
      <ele>200.0</ele>
      <time>2024-03-12T07:40:57.000Z</time>
      <extensions><gpxtpx:TrackPointExtension><gpxtpx:hr>130</gpxtpx:hr><gpxtpx:cad>81</gpxtpx:cad></gpxtpx:TrackPointExtension></extensions>
    </trkpt>
    <trkpt lat="45.514717" lon="-122.622401">
      <ele>200.0</ele>
      <time>2024-03-12T07:40:58.000Z</time>
      <extensions><gpxtpx:TrackPointExtension><gpxtpx:hr>137</gpxtpx:hr><gpxtpx:cad>85</gpxtpx:cad></gpxtpx:TrackPointExtension></extensions>
    </trkpt>
    <trkpt lat="45.514689" lon="-122.622325">
      <ele>200.0</ele>
      <time>2024-03-12T07:40:59.000Z</time>
      <extensions><gpxtpx:TrackPointExtension><gpxtpx:hr>137</gpxtpx:hr><gpxtpx:cad>84</gpxtpx:cad></gpxtpx:TrackPointExtension></extensions>
    </trkpt>
    <trkpt lat="45.514662" lon="-122.622249">
      <ele>200.0</ele>
      <time>2024-03-12T07:41:00.000Z</time>
      <extensions><gpxtpx:TrackPointExtension><gpxtpx:hr>130</gpxtpx:hr><gpxtpx:cad>85</gpxtpx:cad></gpxtpx:TrackPointExtension></extensions>
    </trkpt>
    <trkpt lat="45.514635" lon="-122.622173">
      <ele>200.0</ele>
      <time>2024-03-12T07:41:01.000Z</time>
      <extensions><gpxtpx:TrackPointExtension><gpxtpx:hr>132</gpxtpx:hr><gpxtpx:cad>77</gpxtpx:cad></gpxtpx:TrackPointExtension></extensions>
    </trkpt>
    <trkpt lat="45.514607" lon="-122.622097">
      <ele>200.0</ele>
      <time>2024-03-12T07:41:02.000Z</time>
      <extensions><gpxtpx:TrackPointExtension><gpxtpx:hr>130</gpxtpx:hr><gpxtpx:cad>86</gpxtpx:cad></gpxtpx:TrackPointExtension></extensions>
    </trkpt>
    <trkpt lat="45.514579" lon="-122.622021">
      <ele>200.0</ele>
      <time>2024-03-12T07:41:03.000Z</time>
      <extensions><gpxtpx:TrackPointExtension><gpxtpx:hr>131</gpxtpx:hr><gpxtpx:cad>86</gpxtpx:cad></gpxtpx:TrackPointExtension></extensions>
    </trkpt>
    <trkpt lat="45.514552" lon="-122.621945">
      <ele>200.0</ele>
      <time>2024-03-12T07:41:04.000Z</time>
      <extensions><gpxtpx:TrackPointExtension><gpxtpx:hr>130</gpxtpx:hr><gpxtpx:cad>86</gpxtpx:cad></gpxtpx:TrackPointExtension></extensions>
    </trkpt>
    <trkpt lat="45.514524" lon="-122.621869">
      <ele>200.0</ele>
      <time>2024-03-12T07:41:05.000Z</time>
      <extensions><gpxtpx:TrackPointExtension><gpxtpx:hr>132</gpxtpx:hr><gpxtpx:cad>79</gpxtpx:cad></gpxtpx:TrackPointExtension></extensions>
    </trkpt>
    <trkpt lat="45.514496" lon="-122.621794">
      <ele>200.0</ele>
      <time>2024-03-12T07:41:06.000Z</time>
      <extensions><gpxtpx:TrackPointExtension><gpxtpx:hr>134</gpxtpx:hr><gpxtpx:cad>80</gpxtpx:cad></gpxtpx:TrackPointExtension></extensions>
    </trkpt>
    <trkpt lat="45.514468" lon="-122.621718">
      <ele>200.0</ele>
      <time>2024-03-12T07:41:07.000Z</time>
      <extensions><gpxtpx:TrackPointExtension><gpxtpx:hr>137</gpxtpx:hr><gpxtpx:cad>85</gpxtpx:cad></gpxtpx:TrackPointExtension></extensions>
    </trkpt>
    <trkpt lat="45.514440" lon="-122.621642">
      <ele>200.0</ele>
      <time>2024-03-12T07:41:08.000Z</time>
      <extensions><gpxtpx:TrackPointExtension><gpxtpx:hr>131</gpxtpx:hr><gpxtpx:cad>82</gpxtpx:cad></gpxtpx:TrackPointExtension></extensions>
    </trkpt>
    <trkpt lat="45.514412" lon="-122.621567">
      <ele>200.0</ele>
      <time>2024-03-12T07:41:09.000Z</time>
      <extensions><gpxtpx:TrackPointExtension><gpxtpx:hr>133</gpxtpx:hr><gpxtpx:cad>85</gpxtpx:cad></gpxtpx:TrackPointExtension></extensions>
    </trkpt>
    <trkpt lat="45.514384" lon="-122.621492">
      <ele>200.0</ele>
      <time>2024-03-12T07:41:10.000Z</time>
      <extensions><gpxtpx:TrackPointExtension><gpxtpx:hr>131</gpxtpx:hr><gpxtpx:cad>86</gpxtpx:cad></gpxtpx:TrackPointExtension></extensions>
    </trkpt>
    <trkpt lat="45.514356" lon="-122.621416">
      <ele>200.0</ele>
      <time>2024-03-12T07:41:11.000Z</time>
      <extensions><gpxtpx:TrackPointExtension><gpxtpx:hr>136</gpxtpx:hr><gpxtpx:cad>79</gpxtpx:cad></gpxtpx:TrackPointExtension></extensions>
    </trkpt>
    <trkpt lat="45.514327" lon="-122.621341">
      <ele>200.0</ele>
      <time>2024-03-12T07:41:12.000Z</time>
      <extensions><gpxtpx:TrackPointExtension><gpxtpx:hr>133</gpxtpx:hr><gpxtpx:cad>82</gpxtpx:cad></gpxtpx:TrackPointExtension></extensions>
    </trkpt>
    <trkpt lat="45.514299" lon="-122.621266">
      <ele>200.0</ele>
      <time>2024-03-12T07:41:13.000Z</time>
      <extensions><gpxtpx:TrackPointExtension><gpxtpx:hr>137</gpxtpx:hr><gpxtpx:cad>83</gpxtpx:cad></gpxtpx:TrackPointExtension></extensions>
    </trkpt>
    <trkpt lat="45.514270" lon="-122.621190">
      <ele>200.0</ele>
      <time>2024-03-12T07:41:14.000Z</time>
      <extensions><gpxtpx:TrackPointExtension><gpxtpx:hr>135</gpxtpx:hr><gpxtpx:cad>79</gpxtpx:cad></gpxtpx:TrackPointExtension></extensions>
    </trkpt>
    <trkpt lat="45.514242" lon="-122.621115">
      <ele>200.0</ele>
      <time>2024-03-12T07:41:15.000Z</time>
      <extensions><gpxtpx:TrackPointExtension><gpxtpx:hr>130</gpxtpx:hr><gpxtpx:cad>79</gpxtpx:cad></gpxtpx:TrackPointExtension></extensions>
    </trkpt>
    <trkpt lat="45.514213" lon="-122.621040">
      <ele>200.0</ele>
      <time>2024-03-12T07:41:16.000Z</time>
      <extensions><gpxtpx:TrackPointExtension><gpxtpx:hr>134</gpxtpx:hr><gpxtpx:cad>80</gpxtpx:cad></gpxtpx:TrackPointExtension></extensions>
    </trkpt>
    <trkpt lat="45.514185" lon="-122.620965">
      <ele>200.0</ele>
      <time>2024-03-12T07:41:17.000Z</time>
      <extensions><gpxtpx:TrackPointExtension><gpxtpx:hr>130</gpxtpx:hr><gpxtpx:cad>79</gpxtpx:cad></gpxtpx:TrackPointExtension></extensions>
    </trkpt>
    <trkpt lat="45.514156" lon="-122.620890">
      <ele>200.0</ele>
      <time>2024-03-12T07:41:18.000Z</time>
      <extensions><gpxtpx:TrackPointExtension><gpxtpx:hr>136</gpxtpx:hr><gpxtpx:cad>86</gpxtpx:cad></gpxtpx:TrackPointExtension></extensions>
    </trkpt>
    <trkpt lat="45.514127" lon="-122.620815">
      <ele>200.0</ele>
      <time>2024-03-12T07:41:19.000Z</time>
      <extensions><gpxtpx:TrackPointExtension><gpxtpx:hr>132</gpxtpx:hr><gpxtpx:cad>82</gpxtpx:cad></gpxtpx:TrackPointExtension></extensions>
    </trkpt>
    <trkpt lat="45.514098" lon="-122.620741">
      <ele>200.0</ele>
      <time>2024-03-12T07:41:20.000Z</time>
      <extensions><gpxtpx:TrackPointExtension><gpxtpx:hr>131</gpxtpx:hr><gpxtpx:cad>82</gpxtpx:cad></gpxtpx:TrackPointExtension></extensions>
    </trkpt>
    <trkpt lat="45.514069" lon="-122.620666">
      <ele>200.0</ele>
      <time>2024-03-12T07:41:21.000Z</time>
      <extensions><gpxtpx:TrackPointExtension><gpxtpx:hr>130</gpxtpx:hr><gpxtpx:cad>87</gpxtpx:cad></gpxtpx:TrackPointExtension></extensions>
    </trkpt>
    <trkpt lat="45.514040" lon="-122.620591">
      <ele>200.0</ele>
      <time>2024-03-12T07:41:22.000Z</time>
      <extensions><gpxtpx:TrackPointExtension><gpxtpx:hr>136</gpxtpx:hr><gpxtpx:cad>78</gpxtpx:cad></gpxtpx:TrackPointExtension></extensions>
    </trkpt>
    <trkpt lat="45.514011" lon="-122.620517">
      <ele>200.0</ele>
      <time>2024-03-12T07:41:23.000Z</time>
      <extensions><gpxtpx:TrackPointExtension><gpxtpx:hr>133</gpxtpx:hr><gpxtpx:cad>78</gpxtpx:cad></gpxtpx:TrackPointExtension></extensions>
    </trkpt>
    <trkpt lat="45.513981" lon="-122.620442">
      <ele>200.0</ele>
      <time>2024-03-12T07:41:24.000Z</time>
      <extensions><gpxtpx:TrackPointExtension><gpxtpx:hr>136</gpxtpx:hr><gpxtpx:cad>86</gpxtpx:cad></gpxtpx:TrackPointExtension></extensions>
    </trkpt>
    <trkpt lat="45.513952" lon="-122.620367">
      <ele>200.0</ele>
      <time>2024-03-12T07:41:25.000Z</time>
      <extensions><gpxtpx:TrackPointExtension><gpxtpx:hr>135</gpxtpx:hr><gpxtpx:cad>84</gpxtpx:cad></gpxtpx:TrackPointExtension></extensions>
    </trkpt>
    <trkpt lat="45.513923" lon="-122.620293">
      <ele>200.0</ele>
      <time>2024-03-12T07:41:26.000Z</time>
      <extensions><gpxtpx:TrackPointExtension><gpxtpx:hr>130</gpxtpx:hr><gpxtpx:cad>85</gpxtpx:cad></gpxtpx:TrackPointExtension></extensions>
    </trkpt>
    <trkpt lat="45.513893" lon="-122.620219">
      <ele>200.0</ele>
      <time>2024-03-12T07:41:27.000Z</time>
      <extensions><gpxtpx:TrackPointExtension><gpxtpx:hr>136</gpxtpx:hr><gpxtpx:cad>84</gpxtpx:cad></gpxtpx:TrackPointExtension></extensions>
    </trkpt>
    <trkpt lat="45.513864" lon="-122.620144">
      <ele>200.0</ele>
      <time>2024-03-12T07:41:28.000Z</time>
      <extensions><gpxtpx:TrackPointExtension><gpxtpx:hr>136</gpxtpx:hr><gpxtpx:cad>86</gpxtpx:cad></gpxtpx:TrackPointExtension></extensions>
    </trkpt>
    <trkpt lat="45.513834" lon="-122.620070">
      <ele>200.0</ele>
      <time>2024-03-12T07:41:29.000Z</time>
      <extensions><gpxtpx:TrackPointExtension><gpxtpx:hr>134</gpxtpx:hr><gpxtpx:cad>81</gpxtpx:cad></gpxtpx:TrackPointExtension></extensions>
    </trkpt>
    <trkpt lat="45.513805" lon="-122.619996">
      <ele>200.0</ele>
      <time>2024-03-12T07:41:30.000Z</time>
      <extensions><gpxtpx:TrackPointExtension><gpxtpx:hr>130</gpxtpx:hr><gpxtpx:cad>83</gpxtpx:cad></gpxtpx:TrackPointExtension></extensions>
    </trkpt>
    <trkpt lat="45.513775" lon="-122.619921">
      <ele>200.0</ele>
      <time>2024-03-12T07:41:31.000Z</time>
      <extensions><gpxtpx:TrackPointExtension><gpxtpx:hr>131</gpxtpx:hr><gpxtpx:cad>79</gpxtpx:cad></gpxtpx:TrackPointExtension></extensions>
    </trkpt>
    <trkpt lat="45.513745" lon="-122.619847">
      <ele>200.0</ele>
      <time>2024-03-12T07:41:32.000Z</time>
      <extensions><gpxtpx:TrackPointExtension><gpxtpx:hr>137</gpxtpx:hr><gpxtpx:cad>85</gpxtpx:cad></gpxtpx:TrackPointExtension></extensions>
    </trkpt>
    <trkpt lat="45.513715" lon="-122.619773">
      <ele>200.0</ele>
      <time>2024-03-12T07:41:33.000Z</time>
      <extensions><gpxtpx:TrackPointExtension><gpxtpx:hr>135</gpxtpx:hr><gpxtpx:cad>79</gpxtpx:cad></gpxtpx:TrackPointExtension></extensions>
    </trkpt>
    <trkpt lat="45.513685" lon="-122.619699">
      <ele>200.0</ele>
      <time>2024-03-12T07:41:34.000Z</time>
      <extensions><gpxtpx:TrackPointExtension><gpxtpx:hr>136</gpxtpx:hr><gpxtpx:cad>81</gpxtpx:cad></gpxtpx:TrackPointExtension></extensions>
    </trkpt>
    <trkpt lat="45.513655" lon="-122.619625">
      <ele>200.0</ele>
      <time>2024-03-12T07:41:35.000Z</time>
      <extensions><gpxtpx:TrackPointExtension><gpxtpx:hr>133</gpxtpx:hr><gpxtpx:cad>78</gpxtpx:cad></gpxtpx:TrackPointExtension></extensions>
    </trkpt>
    <trkpt lat="45.513625" lon="-122.619551">
      <ele>200.0</ele>
      <time>2024-03-12T07:41:36.000Z</time>
      <extensions><gpxtpx:TrackPointExtension><gpxtpx:hr>130</gpxtpx:hr><gpxtpx:cad>77</gpxtpx:cad></gpxtpx:TrackPointExtension></extensions>
    </trkpt>
    <trkpt lat="45.513595" lon="-122.619477">
      <ele>200.0</ele>
      <time>2024-03-12T07:41:37.000Z</time>
      <extensions><gpxtpx:TrackPointExtension><gpxtpx:hr>137</gpxtpx:hr><gpxtpx:cad>79</gpxtpx:cad></gpxtpx:TrackPointExtension></extensions>
    </trkpt>
    <trkpt lat="45.513565" lon="-122.619404">
      <ele>200.0</ele>
      <time>2024-03-12T07:41:38.000Z</time>
      <extensions><gpxtpx:TrackPointExtension><gpxtpx:hr>131</gpxtpx:hr><gpxtpx:cad>80</gpxtpx:cad></gpxtpx:TrackPointExtension></extensions>
    </trkpt>
    <trkpt lat="45.513535" lon="-122.619330">
      <ele>200.0</ele>
      <time>2024-03-12T07:41:39.000Z</time>
      <extensions><gpxtpx:TrackPointExtension><gpxtpx:hr>137</gpxtpx:hr><gpxtpx:cad>87</gpxtpx:cad></gpxtpx:TrackPointExtension></extensions>
    </trkpt>
    <trkpt lat="45.513504" lon="-122.619256">
      <ele>200.0</ele>
      <time>2024-03-12T07:41:40.000Z</time>
      <extensions><gpxtpx:TrackPointExtension><gpxtpx:hr>132</gpxtpx:hr><gpxtpx:cad>80</gpxtpx:cad></gpxtpx:TrackPointExtension></extensions>
    </trkpt>
    <trkpt lat="45.513474" lon="-122.619182">
      <ele>200.0</ele>
      <time>2024-03-12T07:41:41.000Z</time>
      <extensions><gpxtpx:TrackPointExtension><gpxtpx:hr>135</gpxtpx:hr><gpxtpx:cad>80</gpxtpx:cad></gpxtpx:TrackPointExtension></extensions>
    </trkpt>
    <trkpt lat="45.513444" lon="-122.619109">
      <ele>200.0</ele>
      <time>2024-03-12T07:41:42.000Z</time>
      <extensions><gpxtpx:TrackPointExtension><gpxtpx:hr>135</gpxtpx:hr><gpxtpx:cad>78</gpxtpx:cad></gpxtpx:TrackPointExtension></extensions>
    </trkpt>
    <trkpt lat="45.513413" lon="-122.619035">
      <ele>200.0</ele>
      <time>2024-03-12T07:41:43.000Z</time>
      <extensions><gpxtpx:TrackPointExtension><gpxtpx:hr>137</gpxtpx:hr><gpxtpx:cad>85</gpxtpx:cad></gpxtpx:TrackPointExtension></extensions>
    </trkpt>
    <trkpt lat="45.513383" lon="-122.618962">
      <ele>200.0</ele>
      <time>2024-03-12T07:41:44.000Z</time>
      <extensions><gpxtpx:TrackPointExtension><gpxtpx:hr>130</gpxtpx:hr><gpxtpx:cad>84</gpxtpx:cad></gpxtpx:TrackPointExtension></extensions>
    </trkpt>
    <trkpt lat="45.513352" lon="-122.618888">
      <ele>200.0</ele>
      <time>2024-03-12T07:41:45.000Z</time>
      <extensions><gpxtpx:TrackPointExtension><gpxtpx:hr>131</gpxtpx:hr><gpxtpx:cad>86</gpxtpx:cad></gpxtpx:TrackPointExtension></extensions>
    </trkpt>
    <trkpt lat="45.513321" lon="-122.618815">
      <ele>200.0</ele>
      <time>2024-03-12T07:41:46.000Z</time>
      <extensions><gpxtpx:TrackPointExtension><gpxtpx:hr>134</gpxtpx:hr><gpxtpx:cad>83</gpxtpx:cad></gpxtpx:TrackPointExtension></extensions>
    </trkpt>
    <trkpt lat="45.513291" lon="-122.618742">
      <ele>200.0</ele>
      <time>2024-03-12T07:41:47.000Z</time>
      <extensions><gpxtpx:TrackPointExtension><gpxtpx:hr>134</gpxtpx:hr><gpxtpx:cad>84</gpxtpx:cad></gpxtpx:TrackPointExtension></extensions>
    </trkpt>
    <trkpt lat="45.513260" lon="-122.618668">
      <ele>200.0</ele>
      <time>2024-03-12T07:41:48.000Z</time>
      <extensions><gpxtpx:TrackPointExtension><gpxtpx:hr>137</gpxtpx:hr><gpxtpx:cad>86</gpxtpx:cad></gpxtpx:TrackPointExtension></extensions>
    </trkpt>
    <trkpt lat="45.513229" lon="-122.618595">
      <ele>200.0</ele>
      <time>2024-03-12T07:41:49.000Z</time>
      <extensions><gpxtpx:TrackPointExtension><gpxtpx:hr>137</gpxtpx:hr><gpxtpx:cad>79</gpxtpx:cad></gpxtpx:TrackPointExtension></extensions>
    </trkpt>
    <trkpt lat="45.513198" lon="-122.618522">
      <ele>200.0</ele>
      <time>2024-03-12T07:41:50.000Z</time>
      <extensions><gpxtpx:TrackPointExtension><gpxtpx:hr>134</gpxtpx:hr><gpxtpx:cad>86</gpxtpx:cad></gpxtpx:TrackPointExtension></extensions>
    </trkpt>
    <trkpt lat="45.513167" lon="-122.618449">
      <ele>200.0</ele>
      <time>2024-03-12T07:41:51.000Z</time>
      <extensions><gpxtpx:TrackPointExtension><gpxtpx:hr>131</gpxtpx:hr><gpxtpx:cad>84</gpxtpx:cad></gpxtpx:TrackPointExtension></extensions>
    </trkpt>
    <trkpt lat="45.513136" lon="-122.618375">
      <ele>200.0</ele>
      <time>2024-03-12T07:41:52.000Z</time>
      <extensions><gpxtpx:TrackPointExtension><gpxtpx:hr>130</gpxtpx:hr><gpxtpx:cad>84</gpxtpx:cad></gpxtpx:TrackPointExtension></extensions>
    </trkpt>
    <trkpt lat="45.513105" lon="-122.618302">
      <ele>200.0</ele>
      <time>2024-03-12T07:41:53.000Z</time>
      <extensions><gpxtpx:TrackPointExtension><gpxtpx:hr>137</gpxtpx:hr><gpxtpx:cad>83</gpxtpx:cad></gpxtpx:TrackPointExtension></extensions>
    </trkpt>
    <trkpt lat="45.513074" lon="-122.618229">
      <ele>200.0</ele>
      <time>2024-03-12T07:41:54.000Z</time>
      <extensions><gpxtpx:TrackPointExtension><gpxtpx:hr>137</gpxtpx:hr><gpxtpx:cad>79</gpxtpx:cad></gpxtpx:TrackPointExtension></extensions>
    </trkpt>
    <trkpt lat="45.513043" lon="-122.618156">
      <ele>200.0</ele>
      <time>2024-03-12T07:41:55.000Z</time>
      <extensions><gpxtpx:TrackPointExtension><gpxtpx:hr>133</gpxtpx:hr><gpxtpx:cad>79</gpxtpx:cad></gpxtpx:TrackPointExtension></extensions>
    </trkpt>
    <trkpt lat="45.513012" lon="-122.618083">
      <ele>200.0</ele>
      <time>2024-03-12T07:41:56.000Z</time>
      <extensions><gpxtpx:TrackPointExtension><gpxtpx:hr>133</gpxtpx:hr><gpxtpx:cad>77</gpxtpx:cad></gpxtpx:TrackPointExtension></extensions>
    </trkpt>
    <trkpt lat="45.512980" lon="-122.618011">
      <ele>200.0</ele>
      <time>2024-03-12T07:41:57.000Z</time>
      <extensions><gpxtpx:TrackPointExtension><gpxtpx:hr>131</gpxtpx:hr><gpxtpx:cad>83</gpxtpx:cad></gpxtpx:TrackPointExtension></extensions>
    </trkpt>
    <trkpt lat="45.512949" lon="-122.617938">
      <ele>200.0</ele>
      <time>2024-03-12T07:41:58.000Z</time>
      <extensions><gpxtpx:TrackPointExtension><gpxtpx:hr>131</gpxtpx:hr><gpxtpx:cad>87</gpxtpx:cad></gpxtpx:TrackPointExtension></extensions>
    </trkpt>
    <trkpt lat="45.512918" lon="-122.617865">
      <ele>200.0</ele>
      <time>2024-03-12T07:41:59.000Z</time>
      <extensions><gpxtpx:TrackPointExtension><gpxtpx:hr>130</gpxtpx:hr><gpxtpx:cad>80</gpxtpx:cad></gpxtpx:TrackPointExtension></extensions>
    </trkpt>
    <trkpt lat="45.512886" lon="-122.617792">
      <ele>200.0</ele>
      <time>2024-03-12T07:42:00.000Z</time>
      <extensions><gpxtpx:TrackPointExtension><gpxtpx:hr>134</gpxtpx:hr><gpxtpx:cad>78</gpxtpx:cad></gpxtpx:TrackPointExtension></extensions>
    </trkpt>
    <trkpt lat="45.512855" lon="-122.617719">
      <ele>200.0</ele>
      <time>2024-03-12T07:42:01.000Z</time>
      <extensions><gpxtpx:TrackPointExtension><gpxtpx:hr>133</gpxtpx:hr><gpxtpx:cad>83</gpxtpx:cad></gpxtpx:TrackPointExtension></extensions>
    </trkpt>
    <trkpt lat="45.512823" lon="-122.617647">
      <ele>200.0</ele>
      <time>2024-03-12T07:42:02.000Z</time>
      <extensions><gpxtpx:TrackPointExtension><gpxtpx:hr>136</gpxtpx:hr><gpxtpx:cad>84</gpxtpx:cad></gpxtpx:TrackPointExtension></extensions>
    </trkpt>
    <trkpt lat="45.512792" lon="-122.617574">
      <ele>200.0</ele>
      <time>2024-03-12T07:42:03.000Z</time>
      <extensions><gpxtpx:TrackPointExtension><gpxtpx:hr>137</gpxtpx:hr><gpxtpx:cad>86</gpxtpx:cad></gpxtpx:TrackPointExtension></extensions>
    </trkpt>
    <trkpt lat="45.512760" lon="-122.617501">
      <ele>200.0</ele>
      <time>2024-03-12T07:42:04.000Z</time>
      <extensions><gpxtpx:TrackPointExtension><gpxtpx:hr>137</gpxtpx:hr><gpxtpx:cad>85</gpxtpx:cad></gpxtpx:TrackPointExtension></extensions>
    </trkpt>
    <trkpt lat="45.512729" lon="-122.617429">
      <ele>200.0</ele>
      <time>2024-03-12T07:42:05.000Z</time>
      <extensions><gpxtpx:TrackPointExtension><gpxtpx:hr>132</gpxtpx:hr><gpxtpx:cad>87</gpxtpx:cad></gpxtpx:TrackPointExtension></extensions>
    </trkpt>
    <trkpt lat="45.512697" lon="-122.617356">
      <ele>200.0</ele>
      <time>2024-03-12T07:42:06.000Z</time>
      <extensions><gpxtpx:TrackPointExtension><gpxtpx:hr>130</gpxtpx:hr><gpxtpx:cad>78</gpxtpx:cad></gpxtpx:TrackPointExtension></extensions>
    </trkpt>
    <trkpt lat="45.512665" lon="-122.617284">
      <ele>200.0</ele>
      <time>2024-03-12T07:42:07.000Z</time>
      <extensions><gpxtpx:TrackPointExtension><gpxtpx:hr>136</gpxtpx:hr><gpxtpx:cad>80</gpxtpx:cad></gpxtpx:TrackPointExtension></extensions>
    </trkpt>
    <trkpt lat="45.512634" lon="-122.617211">
      <ele>200.0</ele>
      <time>2024-03-12T07:42:08.000Z</time>
      <extensions><gpxtpx:TrackPointExtension><gpxtpx:hr>133</gpxtpx:hr><gpxtpx:cad>85</gpxtpx:cad></gpxtpx:TrackPointExtension></extensions>
    </trkpt>
    <trkpt lat="45.512602" lon="-122.617139">
      <ele>200.0</ele>
      <time>2024-03-12T07:42:09.000Z</time>
      <extensions><gpxtpx:TrackPointExtension><gpxtpx:hr>130</gpxtpx:hr><gpxtpx:cad>78</gpxtpx:cad></gpxtpx:TrackPointExtension></extensions>
    </trkpt>
    <trkpt lat="45.512570" lon="-122.617066">
      <ele>200.0</ele>
      <time>2024-03-12T07:42:10.000Z</time>
      <extensions><gpxtpx:TrackPointExtension><gpxtpx:hr>134</gpxtpx:hr><gpxtpx:cad>77</gpxtpx:cad></gpxtpx:TrackPointExtension></extensions>
    </trkpt>
    <trkpt lat="45.512538" lon="-122.616994">
      <ele>200.0</ele>
      <time>2024-03-12T07:42:11.000Z</time>
      <extensions><gpxtpx:TrackPointExtension><gpxtpx:hr>137</gpxtpx:hr><gpxtpx:cad>79</gpxtpx:cad></gpxtpx:TrackPointExtension></extensions>
    </trkpt>
    <trkpt lat="45.512506" lon="-122.616922">
      <ele>200.0</ele>
      <time>2024-03-12T07:42:12.000Z</time>
      <extensions><gpxtpx:TrackPointExtension><gpxtpx:hr>131</gpxtpx:hr><gpxtpx:cad>86</gpxtpx:cad></gpxtpx:TrackPointExtension></extensions>
    </trkpt>
    <trkpt lat="45.512474" lon="-122.616849">
      <ele>200.0</ele>
      <time>2024-03-12T07:42:13.000Z</time>
      <extensions><gpxtpx:TrackPointExtension><gpxtpx:hr>135</gpxtpx:hr><gpxtpx:cad>86</gpxtpx:cad></gpxtpx:TrackPointExtension></extensions>
    </trkpt>
    <trkpt lat="45.512442" lon="-122.616777">
      <ele>200.0</ele>
      <time>2024-03-12T07:42:14.000Z</time>
      <extensions><gpxtpx:TrackPointExtension><gpxtpx:hr>132</gpxtpx:hr><gpxtpx:cad>86</gpxtpx:cad></gpxtpx:TrackPointExtension></extensions>
    </trkpt>
    <trkpt lat="45.512410" lon="-122.616705">
      <ele>200.0</ele>
      <time>2024-03-12T07:42:15.000Z</time>
      <extensions><gpxtpx:TrackPointExtension><gpxtpx:hr>133</gpxtpx:hr><gpxtpx:cad>86</gpxtpx:cad></gpxtpx:TrackPointExtension></extensions>
    </trkpt>
    <trkpt lat="45.512378" lon="-122.616633">
      <ele>200.0</ele>
      <time>2024-03-12T07:42:16.000Z</time>
      <extensions><gpxtpx:TrackPointExtension><gpxtpx:hr>137</gpxtpx:hr><gpxtpx:cad>78</gpxtpx:cad></gpxtpx:TrackPointExtension></extensions>
    </trkpt>
    <trkpt lat="45.512346" lon="-122.616561">
      <ele>200.0</ele>
      <time>2024-03-12T07:42:17.000Z</time>
      <extensions><gpxtpx:TrackPointExtension><gpxtpx:hr>135</gpxtpx:hr><gpxtpx:cad>83</gpxtpx:cad></gpxtpx:TrackPointExtension></extensions>
    </trkpt>
    <trkpt lat="45.512314" lon="-122.616488">
      <ele>200.0</ele>
      <time>2024-03-12T07:42:18.000Z</time>
      <extensions><gpxtpx:TrackPointExtension><gpxtpx:hr>135</gpxtpx:hr><gpxtpx:cad>79</gpxtpx:cad></gpxtpx:TrackPointExtension></extensions>
    </trkpt>
    <trkpt lat="45.512282" lon="-122.616416">
      <ele>200.0</ele>
      <time>2024-03-12T07:42:19.000Z</time>
      <extensions><gpxtpx:TrackPointExtension><gpxtpx:hr>135</gpxtpx:hr><gpxtpx:cad>80</gpxtpx:cad></gpxtpx:TrackPointExtension></extensions>
    </trkpt>
    <trkpt lat="45.512250" lon="-122.616344">
      <ele>200.0</ele>
      <time>2024-03-12T07:42:20.000Z</time>
      <extensions><gpxtpx:TrackPointExtension><gpxtpx:hr>132</gpxtpx:hr><gpxtpx:cad>79</gpxtpx:cad></gpxtpx:TrackPointExtension></extensions>
    </trkpt>
    <trkpt lat="45.512218" lon="-122.616272">
      <ele>200.0</ele>
      <time>2024-03-12T07:42:21.000Z</time>
      <extensions><gpxtpx:TrackPointExtension><gpxtpx:hr>133</gpxtpx:hr><gpxtpx:cad>81</gpxtpx:cad></gpxtpx:TrackPointExtension></extensions>
    </trkpt>
    <trkpt lat="45.512185" lon="-122.616200">
      <ele>200.0</ele>
      <time>2024-03-12T07:42:22.000Z</time>
      <extensions><gpxtpx:TrackPointExtension><gpxtpx:hr>136</gpxtpx:hr><gpxtpx:cad>84</gpxtpx:cad></gpxtpx:TrackPointExtension></extensions>
    </trkpt>
    <trkpt lat="45.512153" lon="-122.616128">
      <ele>200.0</ele>
      <time>2024-03-12T07:42:23.000Z</time>
      <extensions><gpxtpx:TrackPointExtension><gpxtpx:hr>134</gpxtpx:hr><gpxtpx:cad>82</gpxtpx:cad></gpxtpx:TrackPointExtension></extensions>
    </trkpt>
    <trkpt lat="45.512121" lon="-122.616056">
      <ele>200.0</ele>
      <time>2024-03-12T07:42:24.000Z</time>
      <extensions><gpxtpx:TrackPointExtension><gpxtpx:hr>137</gpxtpx:hr><gpxtpx:cad>79</gpxtpx:cad></gpxtpx:TrackPointExtension></extensions>
    </trkpt>
    <trkpt lat="45.512089" lon="-122.615984">
      <ele>200.0</ele>
      <time>2024-03-12T07:42:25.000Z</time>
      <extensions><gpxtpx:TrackPointExtension><gpxtpx:hr>135</gpxtpx:hr><gpxtpx:cad>79</gpxtpx:cad></gpxtpx:TrackPointExtension></extensions>
    </trkpt>
    <trkpt lat="45.512056" lon="-122.615912">
      <ele>200.0</ele>
      <time>2024-03-12T07:42:26.000Z</time>
      <extensions><gpxtpx:TrackPointExtension><gpxtpx:hr>133</gpxtpx:hr><gpxtpx:cad>79</gpxtpx:cad></gpxtpx:TrackPointExtension></extensions>
    </trkpt>
    <trkpt lat="45.512024" lon="-122.615840">
      <ele>200.0</ele>
      <time>2024-03-12T07:42:27.000Z</time>
      <extensions><gpxtpx:TrackPointExtension><gpxtpx:hr>134</gpxtpx:hr><gpxtpx:cad>82</gpxtpx:cad></gpxtpx:TrackPointExtension></extensions>
    </trkpt>
    <trkpt lat="45.511992" lon="-122.615768">
      <ele>200.0</ele>
      <time>2024-03-12T07:42:28.000Z</time>
      <extensions><gpxtpx:TrackPointExtension><gpxtpx:hr>135</gpxtpx:hr><gpxtpx:cad>77</gpxtpx:cad></gpxtpx:TrackPointExtension></extensions>
    </trkpt>
    <trkpt lat="45.511959" lon="-122.615696">
      <ele>200.0</ele>
      <time>2024-03-12T07:42:29.000Z</time>
      <extensions><gpxtpx:TrackPointExtension><gpxtpx:hr>135</gpxtpx:hr><gpxtpx:cad>78</gpxtpx:cad></gpxtpx:TrackPointExtension></extensions>
    </trkpt>
    <trkpt lat="45.511927" lon="-122.615624">
      <ele>200.0</ele>
      <time>2024-03-12T07:42:30.000Z</time>
      <extensions><gpxtpx:TrackPointExtension><gpxtpx:hr>133</gpxtpx:hr><gpxtpx:cad>85</gpxtpx:cad></gpxtpx:TrackPointExtension></extensions>
    </trkpt>
    <trkpt lat="45.511895" lon="-122.615553">
      <ele>200.0</ele>
      <time>2024-03-12T07:42:31.000Z</time>
      <extensions><gpxtpx:TrackPointExtension><gpxtpx:hr>137</gpxtpx:hr><gpxtpx:cad>79</gpxtpx:cad></gpxtpx:TrackPointExtension></extensions>
    </trkpt>
    <trkpt lat="45.511862" lon="-122.615481">
      <ele>200.0</ele>
      <time>2024-03-12T07:42:32.000Z</time>
      <extensions><gpxtpx:TrackPointExtension><gpxtpx:hr>133</gpxtpx:hr><gpxtpx:cad>81</gpxtpx:cad></gpxtpx:TrackPointExtension></extensions>
    </trkpt>
    <trkpt lat="45.511830" lon="-122.615409">
      <ele>200.0</ele>
      <time>2024-03-12T07:42:33.000Z</time>
      <extensions><gpxtpx:TrackPointExtension><gpxtpx:hr>130</gpxtpx:hr><gpxtpx:cad>84</gpxtpx:cad></gpxtpx:TrackPointExtension></extensions>
    </trkpt>
    <trkpt lat="45.511797" lon="-122.615337">
      <ele>200.0</ele>
      <time>2024-03-12T07:42:34.000Z</time>
      <extensions><gpxtpx:TrackPointExtension><gpxtpx:hr>130</gpxtpx:hr><gpxtpx:cad>86</gpxtpx:cad></gpxtpx:TrackPointExtension></extensions>
    </trkpt>
    <trkpt lat="45.511765" lon="-122.615265">
      <ele>200.0</ele>
      <time>2024-03-12T07:42:35.000Z</time>
      <extensions><gpxtpx:TrackPointExtension><gpxtpx:hr>132</gpxtpx:hr><gpxtpx:cad>79</gpxtpx:cad></gpxtpx:TrackPointExtension></extensions>
    </trkpt>
    <trkpt lat="45.511732" lon="-122.615193">
      <ele>200.0</ele>
      <time>2024-03-12T07:42:36.000Z</time>
      <extensions><gpxtpx:TrackPointExtension><gpxtpx:hr>134</gpxtpx:hr><gpxtpx:cad>87</gpxtpx:cad></gpxtpx:TrackPointExtension></extensions>
    </trkpt>
    <trkpt lat="45.511700" lon="-122.615122">
      <ele>200.0</ele>
      <time>2024-03-12T07:42:37.000Z</time>
      <extensions><gpxtpx:TrackPointExtension><gpxtpx:hr>134</gpxtpx:hr><gpxtpx:cad>79</gpxtpx:cad></gpxtpx:TrackPointExtension></extensions>
    </trkpt>
    <trkpt lat="45.511667" lon="-122.615050">
      <ele>200.0</ele>
      <time>2024-03-12T07:42:38.000Z</time>
      <extensions><gpxtpx:TrackPointExtension><gpxtpx:hr>132</gpxtpx:hr><gpxtpx:cad>82</gpxtpx:cad></gpxtpx:TrackPointExtension></extensions>
    </trkpt>
    <trkpt lat="45.511635" lon="-122.614978">
      <ele>200.0</ele>
      <time>2024-03-12T07:42:39.000Z</time>
      <extensions><gpxtpx:TrackPointExtension><gpxtpx:hr>136</gpxtpx:hr><gpxtpx:cad>86</gpxtpx:cad></gpxtpx:TrackPointExtension></extensions>
    </trkpt>
    <trkpt lat="45.511602" lon="-122.614906">
      <ele>200.0</ele>
      <time>2024-03-12T07:42:40.000Z</time>
      <extensions><gpxtpx:TrackPointExtension><gpxtpx:hr>136</gpxtpx:hr><gpxtpx:cad>84</gpxtpx:cad></gpxtpx:TrackPointExtension></extensions>
    </trkpt>
    <trkpt lat="45.511570" lon="-122.614835">
      <ele>200.0</ele>
      <time>2024-03-12T07:42:41.000Z</time>
      <extensions><gpxtpx:TrackPointExtension><gpxtpx:hr>132</gpxtpx:hr><gpxtpx:cad>78</gpxtpx:cad></gpxtpx:TrackPointExtension></extensions>
    </trkpt>
    <trkpt lat="45.511537" lon="-122.614763">
      <ele>200.0</ele>
      <time>2024-03-12T07:42:42.000Z</time>
      <extensions><gpxtpx:TrackPointExtension><gpxtpx:hr>133</gpxtpx:hr><gpxtpx:cad>80</gpxtpx:cad></gpxtpx:TrackPointExtension></extensions>
    </trkpt>
    <trkpt lat="45.511505" lon="-122.614691">
      <ele>200.0</ele>
      <time>2024-03-12T07:42:43.000Z</time>
      <extensions><gpxtpx:TrackPointExtension><gpxtpx:hr>135</gpxtpx:hr><gpxtpx:cad>82</gpxtpx:cad></gpxtpx:TrackPointExtension></extensions>
    </trkpt>
    <trkpt lat="45.511472" lon="-122.614619">
      <ele>200.0</ele>
      <time>2024-03-12T07:42:44.000Z</time>
      <extensions><gpxtpx:TrackPointExtension><gpxtpx:hr>135</gpxtpx:hr><gpxtpx:cad>83</gpxtpx:cad></gpxtpx:TrackPointExtension></extensions>
    </trkpt>
    <trkpt lat="45.511440" lon="-122.614548">
      <ele>200.0</ele>
      <time>2024-03-12T07:42:45.000Z</time>
      <extensions><gpxtpx:TrackPointExtension><gpxtpx:hr>130</gpxtpx:hr><gpxtpx:cad>82</gpxtpx:cad></gpxtpx:TrackPointExtension></extensions>
    </trkpt>
    <trkpt lat="45.511407" lon="-122.614476">
      <ele>200.0</ele>
      <time>2024-03-12T07:42:46.000Z</time>
      <extensions><gpxtpx:TrackPointExtension><gpxtpx:hr>134</gpxtpx:hr><gpxtpx:cad>86</gpxtpx:cad></gpxtpx:TrackPointExtension></extensions>
    </trkpt>
    <trkpt lat="45.511374" lon="-122.614404">
      <ele>200.0</ele>
      <time>2024-03-12T07:42:47.000Z</time>
      <extensions><gpxtpx:TrackPointExtension><gpxtpx:hr>136</gpxtpx:hr><gpxtpx:cad>84</gpxtpx:cad></gpxtpx:TrackPointExtension></extensions>
    </trkpt>
    <trkpt lat="45.511342" lon="-122.614332">
      <ele>200.0</ele>
      <time>2024-03-12T07:42:48.000Z</time>
      <extensions><gpxtpx:TrackPointExtension><gpxtpx:hr>133</gpxtpx:hr><gpxtpx:cad>87</gpxtpx:cad></gpxtpx:TrackPointExtension></extensions>
    </trkpt>
    <trkpt lat="45.511309" lon="-122.614261">
      <ele>200.0</ele>
      <time>2024-03-12T07:42:49.000Z</time>
      <extensions><gpxtpx:TrackPointExtension><gpxtpx:hr>133</gpxtpx:hr><gpxtpx:cad>78</gpxtpx:cad></gpxtpx:TrackPointExtension></extensions>
    </trkpt>
    <trkpt lat="45.511277" lon="-122.614189">
      <ele>200.0</ele>
      <time>2024-03-12T07:42:50.000Z</time>
      <extensions><gpxtpx:TrackPointExtension><gpxtpx:hr>135</gpxtpx:hr><gpxtpx:cad>79</gpxtpx:cad></gpxtpx:TrackPointExtension></extensions>
    </trkpt>
    <trkpt lat="45.511244" lon="-122.614117">
      <ele>200.0</ele>
      <time>2024-03-12T07:42:51.000Z</time>
      <extensions><gpxtpx:TrackPointExtension><gpxtpx:hr>130</gpxtpx:hr><gpxtpx:cad>84</gpxtpx:cad></gpxtpx:TrackPointExtension></extensions>
    </trkpt>
    <trkpt lat="45.511212" lon="-122.614045">
      <ele>200.0</ele>
      <time>2024-03-12T07:42:52.000Z</time>
      <extensions><gpxtpx:TrackPointExtension><gpxtpx:hr>131</gpxtpx:hr><gpxtpx:cad>83</gpxtpx:cad></gpxtpx:TrackPointExtension></extensions>
    </trkpt>
    <trkpt lat="45.511179" lon="-122.613974">
      <ele>200.0</ele>
      <time>2024-03-12T07:42:53.000Z</time>
      <extensions><gpxtpx:TrackPointExtension><gpxtpx:hr>135</gpxtpx:hr><gpxtpx:cad>84</gpxtpx:cad></gpxtpx:TrackPointExtension></extensions>
    </trkpt>
    <trkpt lat="45.511147" lon="-122.613902">
      <ele>200.0</ele>
      <time>2024-03-12T07:42:54.000Z</time>
      <extensions><gpxtpx:TrackPointExtension><gpxtpx:hr>131</gpxtpx:hr><gpxtpx:cad>79</gpxtpx:cad></gpxtpx:TrackPointExtension></extensions>
    </trkpt>
    <trkpt lat="45.511114" lon="-122.613830">
      <ele>200.0</ele>
      <time>2024-03-12T07:42:55.000Z</time>
      <extensions><gpxtpx:TrackPointExtension><gpxtpx:hr>131</gpxtpx:hr><gpxtpx:cad>84</gpxtpx:cad></gpxtpx:TrackPointExtension></extensions>
    </trkpt>
    <trkpt lat="45.511082" lon="-122.613758">
      <ele>200.0</ele>
      <time>2024-03-12T07:42:56.000Z</time>
      <extensions><gpxtpx:TrackPointExtension><gpxtpx:hr>135</gpxtpx:hr><gpxtpx:cad>83</gpxtpx:cad></gpxtpx:TrackPointExtension></extensions>
    </trkpt>
    <trkpt lat="45.511049" lon="-122.613687">
      <ele>200.0</ele>
      <time>2024-03-12T07:42:57.000Z</time>
      <extensions><gpxtpx:TrackPointExtension><gpxtpx:hr>130</gpxtpx:hr><gpxtpx:cad>79</gpxtpx:cad></gpxtpx:TrackPointExtension></extensions>
    </trkpt>
    <trkpt lat="45.511017" lon="-122.613615">
      <ele>200.0</ele>
      <time>2024-03-12T07:42:58.000Z</time>
      <extensions><gpxtpx:TrackPointExtension><gpxtpx:hr>134</gpxtpx:hr><gpxtpx:cad>81</gpxtpx:cad></gpxtpx:TrackPointExtension></extensions>
    </trkpt>
    <trkpt lat="45.510984" lon="-122.613543">
      <ele>200.0</ele>
      <time>2024-03-12T07:42:59.000Z</time>
      <extensions><gpxtpx:TrackPointExtension><gpxtpx:hr>133</gpxtpx:hr><gpxtpx:cad>79</gpxtpx:cad></gpxtpx:TrackPointExtension></extensions>
    </trkpt>
    <trkpt lat="45.510952" lon="-122.613471">
      <ele>200.0</ele>
      <time>2024-03-12T07:43:00.000Z</time>
      <extensions><gpxtpx:TrackPointExtension><gpxtpx:hr>134</gpxtpx:hr><gpxtpx:cad>82</gpxtpx:cad></gpxtpx:TrackPointExtension></extensions>
    </trkpt>
    <trkpt lat="45.510919" lon="-122.613400">
      <ele>200.0</ele>
      <time>2024-03-12T07:43:01.000Z</time>
      <extensions><gpxtpx:TrackPointExtension><gpxtpx:hr>135</gpxtpx:hr><gpxtpx:cad>82</gpxtpx:cad></gpxtpx:TrackPointExtension></extensions>
    </trkpt>
    <trkpt lat="45.510887" lon="-122.613328">
      <ele>200.0</ele>
      <time>2024-03-12T07:43:02.000Z</time>
      <extensions><gpxtpx:TrackPointExtension><gpxtpx:hr>135</gpxtpx:hr><gpxtpx:cad>84</gpxtpx:cad></gpxtpx:TrackPointExtension></extensions>
    </trkpt>
    <trkpt lat="45.510854" lon="-122.613256">
      <ele>200.0</ele>
      <time>2024-03-12T07:43:03.000Z</time>
      <extensions><gpxtpx:TrackPointExtension><gpxtpx:hr>130</gpxtpx:hr><gpxtpx:cad>79</gpxtpx:cad></gpxtpx:TrackPointExtension></extensions>
    </trkpt>
    <trkpt lat="45.510822" lon="-122.613184">
      <ele>200.0</ele>
      <time>2024-03-12T07:43:04.000Z</time>
      <extensions><gpxtpx:TrackPointExtension><gpxtpx:hr>130</gpxtpx:hr><gpxtpx:cad>82</gpxtpx:cad></gpxtpx:TrackPointExtension></extensions>
    </trkpt>
    <trkpt lat="45.510789" lon="-122.613112">
      <ele>200.0</ele>
      <time>2024-03-12T07:43:05.000Z</time>
      <extensions><gpxtpx:TrackPointExtension><gpxtpx:hr>131</gpxtpx:hr><gpxtpx:cad>78</gpxtpx:cad></gpxtpx:TrackPointExtension></extensions>
    </trkpt>
    <trkpt lat="45.510757" lon="-122.613040">
      <ele>200.0</ele>
      <time>2024-03-12T07:43:06.000Z</time>
      <extensions><gpxtpx:TrackPointExtension><gpxtpx:hr>130</gpxtpx:hr><gpxtpx:cad>77</gpxtpx:cad></gpxtpx:TrackPointExtension></extensions>
    </trkpt>
    <trkpt lat="45.510725" lon="-122.612968">
      <ele>200.0</ele>
      <time>2024-03-12T07:43:07.000Z</time>
      <extensions><gpxtpx:TrackPointExtension><gpxtpx:hr>137</gpxtpx:hr><gpxtpx:cad>84</gpxtpx:cad></gpxtpx:TrackPointExtension></extensions>
    </trkpt>
    <trkpt lat="45.510692" lon="-122.612896">
      <ele>200.0</ele>
      <time>2024-03-12T07:43:08.000Z</time>
      <extensions><gpxtpx:TrackPointExtension><gpxtpx:hr>135</gpxtpx:hr><gpxtpx:cad>81</gpxtpx:cad></gpxtpx:TrackPointExtension></extensions>
    </trkpt>
    <trkpt lat="45.510660" lon="-122.612824">
      <ele>200.0</ele>
      <time>2024-03-12T07:43:09.000Z</time>
      <extensions><gpxtpx:TrackPointExtension><gpxtpx:hr>133</gpxtpx:hr><gpxtpx:cad>86</gpxtpx:cad></gpxtpx:TrackPointExtension></extensions>
    </trkpt>
    <trkpt lat="45.510628" lon="-122.612752">
      <ele>200.0</ele>
      <time>2024-03-12T07:43:10.000Z</time>
      <extensions><gpxtpx:TrackPointExtension><gpxtpx:hr>134</gpxtpx:hr><gpxtpx:cad>81</gpxtpx:cad></gpxtpx:TrackPointExtension></extensions>
    </trkpt>
    <trkpt lat="45.510595" lon="-122.612680">
      <ele>200.0</ele>
      <time>2024-03-12T07:43:11.000Z</time>
      <extensions><gpxtpx:TrackPointExtension><gpxtpx:hr>137</gpxtpx:hr><gpxtpx:cad>77</gpxtpx:cad></gpxtpx:TrackPointExtension></extensions>
    </trkpt>
    <trkpt lat="45.510563" lon="-122.612608">
      <ele>200.0</ele>
      <time>2024-03-12T07:43:12.000Z</time>
      <extensions><gpxtpx:TrackPointExtension><gpxtpx:hr>134</gpxtpx:hr><gpxtpx:cad>78</gpxtpx:cad></gpxtpx:TrackPointExtension></extensions>
    </trkpt>
    <trkpt lat="45.510531" lon="-122.612536">
      <ele>200.0</ele>
      <time>2024-03-12T07:43:13.000Z</time>
      <extensions><gpxtpx:TrackPointExtension><gpxtpx:hr>135</gpxtpx:hr><gpxtpx:cad>83</gpxtpx:cad></gpxtpx:TrackPointExtension></extensions>
    </trkpt>
    <trkpt lat="45.510499" lon="-122.612464">
      <ele>200.0</ele>
      <time>2024-03-12T07:43:14.000Z</time>
      <extensions><gpxtpx:TrackPointExtension><gpxtpx:hr>133</gpxtpx:hr><gpxtpx:cad>80</gpxtpx:cad></gpxtpx:TrackPointExtension></extensions>
    </trkpt>
    <trkpt lat="45.510467" lon="-122.612392">
      <ele>200.0</ele>
      <time>2024-03-12T07:43:15.000Z</time>
      <extensions><gpxtpx:TrackPointExtension><gpxtpx:hr>131</gpxtpx:hr><gpxtpx:cad>83</gpxtpx:cad></gpxtpx:TrackPointExtension></extensions>
    </trkpt>
    <trkpt lat="45.510435" lon="-122.612320">
      <ele>200.0</ele>
      <time>2024-03-12T07:43:16.000Z</time>
      <extensions><gpxtpx:TrackPointExtension><gpxtpx:hr>131</gpxtpx:hr><gpxtpx:cad>86</gpxtpx:cad></gpxtpx:TrackPointExtension></extensions>
    </trkpt>
    <trkpt lat="45.510403" lon="-122.612248">
      <ele>200.0</ele>
      <time>2024-03-12T07:43:17.000Z</time>
      <extensions><gpxtpx:TrackPointExtension><gpxtpx:hr>132</gpxtpx:hr><gpxtpx:cad>78</gpxtpx:cad></gpxtpx:TrackPointExtension></extensions>
    </trkpt>
    <trkpt lat="45.510370" lon="-122.612176">
      <ele>200.0</ele>
      <time>2024-03-12T07:43:18.000Z</time>
      <extensions><gpxtpx:TrackPointExtension><gpxtpx:hr>135</gpxtpx:hr><gpxtpx:cad>81</gpxtpx:cad></gpxtpx:TrackPointExtension></extensions>
    </trkpt>
    <trkpt lat="45.510338" lon="-122.612104">
      <ele>200.0</ele>
      <time>2024-03-12T07:43:19.000Z</time>
      <extensions><gpxtpx:TrackPointExtension><gpxtpx:hr>131</gpxtpx:hr><gpxtpx:cad>79</gpxtpx:cad></gpxtpx:TrackPointExtension></extensions>
    </trkpt>
    <trkpt lat="45.510306" lon="-122.612031">
      <ele>200.0</ele>
      <time>2024-03-12T07:43:20.000Z</time>
      <extensions><gpxtpx:TrackPointExtension><gpxtpx:hr>134</gpxtpx:hr><gpxtpx:cad>84</gpxtpx:cad></gpxtpx:TrackPointExtension></extensions>
    </trkpt>
    <trkpt lat="45.510275" lon="-122.611959">
      <ele>200.0</ele>
      <time>2024-03-12T07:43:21.000Z</time>
      <extensions><gpxtpx:TrackPointExtension><gpxtpx:hr>132</gpxtpx:hr><gpxtpx:cad>81</gpxtpx:cad></gpxtpx:TrackPointExtension></extensions>
    </trkpt>
    <trkpt lat="45.510243" lon="-122.611887">
      <ele>200.0</ele>
      <time>2024-03-12T07:43:22.000Z</time>
      <extensions><gpxtpx:TrackPointExtension><gpxtpx:hr>134</gpxtpx:hr><gpxtpx:cad>80</gpxtpx:cad></gpxtpx:TrackPointExtension></extensions>
    </trkpt>
    <trkpt lat="45.510211" lon="-122.611814">
      <ele>200.0</ele>
      <time>2024-03-12T07:43:23.000Z</time>
      <extensions><gpxtpx:TrackPointExtension><gpxtpx:hr>130</gpxtpx:hr><gpxtpx:cad>85</gpxtpx:cad></gpxtpx:TrackPointExtension></extensions>
    </trkpt>
    <trkpt lat="45.510179" lon="-122.611742">
      <ele>200.0</ele>
      <time>2024-03-12T07:43:24.000Z</time>
      <extensions><gpxtpx:TrackPointExtension><gpxtpx:hr>133</gpxtpx:hr><gpxtpx:cad>86</gpxtpx:cad></gpxtpx:TrackPointExtension></extensions>
    </trkpt>
    <trkpt lat="45.510147" lon="-122.611669">
      <ele>200.0</ele>
      <time>2024-03-12T07:43:25.000Z</time>
      <extensions><gpxtpx:TrackPointExtension><gpxtpx:hr>137</gpxtpx:hr><gpxtpx:cad>80</gpxtpx:cad></gpxtpx:TrackPointExtension></extensions>
    </trkpt>
    <trkpt lat="45.510115" lon="-122.611597">
      <ele>200.0</ele>
      <time>2024-03-12T07:43:26.000Z</time>
      <extensions><gpxtpx:TrackPointExtension><gpxtpx:hr>137</gpxtpx:hr><gpxtpx:cad>87</gpxtpx:cad></gpxtpx:TrackPointExtension></extensions>
    </trkpt>
    <trkpt lat="45.510084" lon="-122.611524">
      <ele>200.0</ele>
      <time>2024-03-12T07:43:27.000Z</time>
      <extensions><gpxtpx:TrackPointExtension><gpxtpx:hr>134</gpxtpx:hr><gpxtpx:cad>84</gpxtpx:cad></gpxtpx:TrackPointExtension></extensions>
    </trkpt>
    <trkpt lat="45.510052" lon="-122.611452">
      <ele>200.0</ele>
      <time>2024-03-12T07:43:28.000Z</time>
      <extensions><gpxtpx:TrackPointExtension><gpxtpx:hr>137</gpxtpx:hr><gpxtpx:cad>78</gpxtpx:cad></gpxtpx:TrackPointExtension></extensions>
    </trkpt>
    <trkpt lat="45.510020" lon="-122.611379">
      <ele>200.0</ele>
      <time>2024-03-12T07:43:29.000Z</time>
      <extensions><gpxtpx:TrackPointExtension><gpxtpx:hr>130</gpxtpx:hr><gpxtpx:cad>80</gpxtpx:cad></gpxtpx:TrackPointExtension></extensions>
    </trkpt>
    <trkpt lat="45.509989" lon="-122.611307">
      <ele>200.0</ele>
      <time>2024-03-12T07:43:30.000Z</time>
      <extensions><gpxtpx:TrackPointExtension><gpxtpx:hr>134</gpxtpx:hr><gpxtpx:cad>82</gpxtpx:cad></gpxtpx:TrackPointExtension></extensions>
    </trkpt>
    <trkpt lat="45.509957" lon="-122.611234">
      <ele>200.0</ele>
      <time>2024-03-12T07:43:31.000Z</time>
      <extensions><gpxtpx:TrackPointExtension><gpxtpx:hr>137</gpxtpx:hr><gpxtpx:cad>87</gpxtpx:cad></gpxtpx:TrackPointExtension></extensions>
    </trkpt>
    <trkpt lat="45.509926" lon="-122.611161">
      <ele>200.0</ele>
      <time>2024-03-12T07:43:32.000Z</time>
      <extensions><gpxtpx:TrackPointExtension><gpxtpx:hr>132</gpxtpx:hr><gpxtpx:cad>86</gpxtpx:cad></gpxtpx:TrackPointExtension></extensions>
    </trkpt>
    <trkpt lat="45.509895" lon="-122.611088">
      <ele>200.0</ele>
      <time>2024-03-12T07:43:33.000Z</time>
      <extensions><gpxtpx:TrackPointExtension><gpxtpx:hr>134</gpxtpx:hr><gpxtpx:cad>79</gpxtpx:cad></gpxtpx:TrackPointExtension></extensions>
    </trkpt>
    <trkpt lat="45.509863" lon="-122.611016">
      <ele>200.0</ele>
      <time>2024-03-12T07:43:34.000Z</time>
      <extensions><gpxtpx:TrackPointExtension><gpxtpx:hr>136</gpxtpx:hr><gpxtpx:cad>86</gpxtpx:cad></gpxtpx:TrackPointExtension></extensions>
    </trkpt>
    <trkpt lat="45.509832" lon="-122.610943">
      <ele>200.0</ele>
      <time>2024-03-12T07:43:35.000Z</time>
      <extensions><gpxtpx:TrackPointExtension><gpxtpx:hr>136</gpxtpx:hr><gpxtpx:cad>77</gpxtpx:cad></gpxtpx:TrackPointExtension></extensions>
    </trkpt>
    <trkpt lat="45.509801" lon="-122.610870">
      <ele>200.0</ele>
      <time>2024-03-12T07:43:36.000Z</time>
      <extensions><gpxtpx:TrackPointExtension><gpxtpx:hr>131</gpxtpx:hr><gpxtpx:cad>79</gpxtpx:cad></gpxtpx:TrackPointExtension></extensions>
    </trkpt>
    <trkpt lat="45.509770" lon="-122.610797">
      <ele>200.0</ele>
      <time>2024-03-12T07:43:37.000Z</time>
      <extensions><gpxtpx:TrackPointExtension><gpxtpx:hr>134</gpxtpx:hr><gpxtpx:cad>85</gpxtpx:cad></gpxtpx:TrackPointExtension></extensions>
    </trkpt>
    <trkpt lat="45.509738" lon="-122.610724">
      <ele>200.0</ele>
      <time>2024-03-12T07:43:38.000Z</time>
      <extensions><gpxtpx:TrackPointExtension><gpxtpx:hr>133</gpxtpx:hr><gpxtpx:cad>85</gpxtpx:cad></gpxtpx:TrackPointExtension></extensions>
    </trkpt>
    <trkpt lat="45.509707" lon="-122.610651">
      <ele>200.0</ele>
      <time>2024-03-12T07:43:39.000Z</time>
      <extensions><gpxtpx:TrackPointExtension><gpxtpx:hr>130</gpxtpx:hr><gpxtpx:cad>79</gpxtpx:cad></gpxtpx:TrackPointExtension></extensions>
    </trkpt>
    <trkpt lat="45.509676" lon="-122.610578">
      <ele>200.0</ele>
      <time>2024-03-12T07:43:40.000Z</time>
      <extensions><gpxtpx:TrackPointExtension><gpxtpx:hr>137</gpxtpx:hr><gpxtpx:cad>82</gpxtpx:cad></gpxtpx:TrackPointExtension></extensions>
    </trkpt>
    <trkpt lat="45.509645" lon="-122.610505">
      <ele>200.0</ele>
      <time>2024-03-12T07:43:41.000Z</time>
      <extensions><gpxtpx:TrackPointExtension><gpxtpx:hr>137</gpxtpx:hr><gpxtpx:cad>78</gpxtpx:cad></gpxtpx:TrackPointExtension></extensions>
    </trkpt>
    <trkpt lat="45.509615" lon="-122.610431">
      <ele>200.0</ele>
      <time>2024-03-12T07:43:42.000Z</time>
      <extensions><gpxtpx:TrackPointExtension><gpxtpx:hr>132</gpxtpx:hr><gpxtpx:cad>81</gpxtpx:cad></gpxtpx:TrackPointExtension></extensions>
    </trkpt>
    <trkpt lat="45.509584" lon="-122.610358">
      <ele>200.0</ele>
      <time>2024-03-12T07:43:43.000Z</time>
      <extensions><gpxtpx:TrackPointExtension><gpxtpx:hr>130</gpxtpx:hr><gpxtpx:cad>86</gpxtpx:cad></gpxtpx:TrackPointExtension></extensions>
    </trkpt>
    <trkpt lat="45.509553" lon="-122.610285">
      <ele>200.0</ele>
      <time>2024-03-12T07:43:44.000Z</time>
      <extensions><gpxtpx:TrackPointExtension><gpxtpx:hr>130</gpxtpx:hr><gpxtpx:cad>77</gpxtpx:cad></gpxtpx:TrackPointExtension></extensions>
    </trkpt>
    <trkpt lat="45.509522" lon="-122.610211">
      <ele>200.0</ele>
      <time>2024-03-12T07:43:45.000Z</time>
      <extensions><gpxtpx:TrackPointExtension><gpxtpx:hr>131</gpxtpx:hr><gpxtpx:cad>79</gpxtpx:cad></gpxtpx:TrackPointExtension></extensions>
    </trkpt>
    <trkpt lat="45.509492" lon="-122.610138">
      <ele>200.0</ele>
      <time>2024-03-12T07:43:46.000Z</time>
      <extensions><gpxtpx:TrackPointExtension><gpxtpx:hr>132</gpxtpx:hr><gpxtpx:cad>79</gpxtpx:cad></gpxtpx:TrackPointExtension></extensions>
    </trkpt>
    <trkpt lat="45.509461" lon="-122.610064">
      <ele>200.0</ele>
      <time>2024-03-12T07:43:47.000Z</time>
      <extensions><gpxtpx:TrackPointExtension><gpxtpx:hr>135</gpxtpx:hr><gpxtpx:cad>82</gpxtpx:cad></gpxtpx:TrackPointExtension></extensions>
    </trkpt>
    <trkpt lat="45.509431" lon="-122.609991">
      <ele>200.0</ele>
      <time>2024-03-12T07:43:48.000Z</time>
      <extensions><gpxtpx:TrackPointExtension><gpxtpx:hr>133</gpxtpx:hr><gpxtpx:cad>86</gpxtpx:cad></gpxtpx:TrackPointExtension></extensions>
    </trkpt>
    <trkpt lat="45.509400" lon="-122.609917">
      <ele>200.0</ele>
      <time>2024-03-12T07:43:49.000Z</time>
      <extensions><gpxtpx:TrackPointExtension><gpxtpx:hr>135</gpxtpx:hr><gpxtpx:cad>81</gpxtpx:cad></gpxtpx:TrackPointExtension></extensions>
    </trkpt>
    <trkpt lat="45.509370" lon="-122.609843">
      <ele>200.0</ele>
      <time>2024-03-12T07:43:50.000Z</time>
      <extensions><gpxtpx:TrackPointExtension><gpxtpx:hr>134</gpxtpx:hr><gpxtpx:cad>82</gpxtpx:cad></gpxtpx:TrackPointExtension></extensions>
    </trkpt>
    <trkpt lat="45.509340" lon="-122.609770">
      <ele>200.0</ele>
      <time>2024-03-12T07:43:51.000Z</time>
      <extensions><gpxtpx:TrackPointExtension><gpxtpx:hr>133</gpxtpx:hr><gpxtpx:cad>87</gpxtpx:cad></gpxtpx:TrackPointExtension></extensions>
    </trkpt>
    <trkpt lat="45.509310" lon="-122.609696">
      <ele>200.0</ele>
      <time>2024-03-12T07:43:52.000Z</time>
      <extensions><gpxtpx:TrackPointExtension><gpxtpx:hr>132</gpxtpx:hr><gpxtpx:cad>82</gpxtpx:cad></gpxtpx:TrackPointExtension></extensions>
    </trkpt>
    <trkpt lat="45.509280" lon="-122.609622">
      <ele>200.0</ele>
      <time>2024-03-12T07:43:53.000Z</time>
      <extensions><gpxtpx:TrackPointExtension><gpxtpx:hr>137</gpxtpx:hr><gpxtpx:cad>86</gpxtpx:cad></gpxtpx:TrackPointExtension></extensions>
    </trkpt>
    <trkpt lat="45.509250" lon="-122.609548">
      <ele>200.0</ele>
      <time>2024-03-12T07:43:54.000Z</time>
      <extensions><gpxtpx:TrackPointExtension><gpxtpx:hr>135</gpxtpx:hr><gpxtpx:cad>82</gpxtpx:cad></gpxtpx:TrackPointExtension></extensions>
    </trkpt>
    <trkpt lat="45.509220" lon="-122.609474">
      <ele>200.0</ele>
      <time>2024-03-12T07:43:55.000Z</time>
      <extensions><gpxtpx:TrackPointExtension><gpxtpx:hr>134</gpxtpx:hr><gpxtpx:cad>78</gpxtpx:cad></gpxtpx:TrackPointExtension></extensions>
    </trkpt>
    <trkpt lat="45.509190" lon="-122.609400">
      <ele>200.0</ele>
      <time>2024-03-12T07:43:56.000Z</time>
      <extensions><gpxtpx:TrackPointExtension><gpxtpx:hr>136</gpxtpx:hr><gpxtpx:cad>79</gpxtpx:cad></gpxtpx:TrackPointExtension></extensions>
    </trkpt>
    <trkpt lat="45.509160" lon="-122.609326">
      <ele>200.0</ele>
      <time>2024-03-12T07:43:57.000Z</time>
      <extensions><gpxtpx:TrackPointExtension><gpxtpx:hr>136</gpxtpx:hr><gpxtpx:cad>77</gpxtpx:cad></gpxtpx:TrackPointExtension></extensions>
    </trkpt>
    <trkpt lat="45.509130" lon="-122.609251">
      <ele>200.0</ele>
      <time>2024-03-12T07:43:58.000Z</time>
      <extensions><gpxtpx:TrackPointExtension><gpxtpx:hr>133</gpxtpx:hr><gpxtpx:cad>87</gpxtpx:cad></gpxtpx:TrackPointExtension></extensions>
    </trkpt>
    <trkpt lat="45.509101" lon="-122.609177">
      <ele>200.0</ele>
      <time>2024-03-12T07:43:59.000Z</time>
      <extensions><gpxtpx:TrackPointExtension><gpxtpx:hr>135</gpxtpx:hr><gpxtpx:cad>84</gpxtpx:cad></gpxtpx:TrackPointExtension></extensions>
    </trkpt>
    <trkpt lat="45.509071" lon="-122.609103">
      <ele>200.0</ele>
      <time>2024-03-12T07:44:00.000Z</time>
      <extensions><gpxtpx:TrackPointExtension><gpxtpx:hr>129</gpxtpx:hr><gpxtpx:cad>85</gpxtpx:cad></gpxtpx:TrackPointExtension></extensions>
    </trkpt>
    <trkpt lat="45.509042" lon="-122.609028">
      <ele>200.0</ele>
      <time>2024-03-12T07:44:01.000Z</time>
      <extensions><gpxtpx:TrackPointExtension><gpxtpx:hr>130</gpxtpx:hr><gpxtpx:cad>85</gpxtpx:cad></gpxtpx:TrackPointExtension></extensions>
    </trkpt>
    <trkpt lat="45.509012" lon="-122.608954">
      <ele>200.0</ele>
      <time>2024-03-12T07:44:02.000Z</time>
      <extensions><gpxtpx:TrackPointExtension><gpxtpx:hr>132</gpxtpx:hr><gpxtpx:cad>84</gpxtpx:cad></gpxtpx:TrackPointExtension></extensions>
    </trkpt>
    <trkpt lat="45.508983" lon="-122.608879">
      <ele>200.0</ele>
      <time>2024-03-12T07:44:03.000Z</time>
      <extensions><gpxtpx:TrackPointExtension><gpxtpx:hr>136</gpxtpx:hr><gpxtpx:cad>80</gpxtpx:cad></gpxtpx:TrackPointExtension></extensions>
    </trkpt>
    <trkpt lat="45.508954" lon="-122.608805">
      <ele>200.0</ele>
      <time>2024-03-12T07:44:04.000Z</time>
      <extensions><gpxtpx:TrackPointExtension><gpxtpx:hr>135</gpxtpx:hr><gpxtpx:cad>84</gpxtpx:cad></gpxtpx:TrackPointExtension></extensions>
    </trkpt>
    <trkpt lat="45.508925" lon="-122.608730">
      <ele>200.0</ele>
      <time>2024-03-12T07:44:05.000Z</time>
      <extensions><gpxtpx:TrackPointExtension><gpxtpx:hr>134</gpxtpx:hr><gpxtpx:cad>86</gpxtpx:cad></gpxtpx:TrackPointExtension></extensions>
    </trkpt>
    <trkpt lat="45.508896" lon="-122.608655">
      <ele>200.0</ele>
      <time>2024-03-12T07:44:06.000Z</time>
      <extensions><gpxtpx:TrackPointExtension><gpxtpx:hr>130</gpxtpx:hr><gpxtpx:cad>78</gpxtpx:cad></gpxtpx:TrackPointExtension></extensions>
    </trkpt>
    <trkpt lat="45.508867" lon="-122.608580">
      <ele>200.0</ele>
      <time>2024-03-12T07:44:07.000Z</time>
      <extensions><gpxtpx:TrackPointExtension><gpxtpx:hr>134</gpxtpx:hr><gpxtpx:cad>77</gpxtpx:cad></gpxtpx:TrackPointExtension></extensions>
    </trkpt>
    <trkpt lat="45.508838" lon="-122.608505">
      <ele>200.0</ele>
      <time>2024-03-12T07:44:08.000Z</time>
      <extensions><gpxtpx:TrackPointExtension><gpxtpx:hr>132</gpxtpx:hr><gpxtpx:cad>78</gpxtpx:cad></gpxtpx:TrackPointExtension></extensions>
    </trkpt>
    <trkpt lat="45.508810" lon="-122.608430">
      <ele>200.0</ele>
      <time>2024-03-12T07:44:09.000Z</time>
      <extensions><gpxtpx:TrackPointExtension><gpxtpx:hr>130</gpxtpx:hr><gpxtpx:cad>80</gpxtpx:cad></gpxtpx:TrackPointExtension></extensions>
    </trkpt>
    <trkpt lat="45.508781" lon="-122.608355">
      <ele>200.0</ele>
      <time>2024-03-12T07:44:10.000Z</time>
      <extensions><gpxtpx:TrackPointExtension><gpxtpx:hr>135</gpxtpx:hr><gpxtpx:cad>83</gpxtpx:cad></gpxtpx:TrackPointExtension></extensions>
    </trkpt>
    <trkpt lat="45.508753" lon="-122.608280">
      <ele>200.0</ele>
      <time>2024-03-12T07:44:11.000Z</time>
      <extensions><gpxtpx:TrackPointExtension><gpxtpx:hr>130</gpxtpx:hr><gpxtpx:cad>86</gpxtpx:cad></gpxtpx:TrackPointExtension></extensions>
    </trkpt>
    <trkpt lat="45.508724" lon="-122.608205">
      <ele>200.0</ele>
      <time>2024-03-12T07:44:12.000Z</time>
      <extensions><gpxtpx:TrackPointExtension><gpxtpx:hr>137</gpxtpx:hr><gpxtpx:cad>84</gpxtpx:cad></gpxtpx:TrackPointExtension></extensions>
    </trkpt>
    <trkpt lat="45.508696" lon="-122.608129">
      <ele>200.0</ele>
      <time>2024-03-12T07:44:13.000Z</time>
      <extensions><gpxtpx:TrackPointExtension><gpxtpx:hr>134</gpxtpx:hr><gpxtpx:cad>81</gpxtpx:cad></gpxtpx:TrackPointExtension></extensions>
    </trkpt>
    <trkpt lat="45.508668" lon="-122.608054">
      <ele>200.0</ele>
      <time>2024-03-12T07:44:14.000Z</time>
      <extensions><gpxtpx:TrackPointExtension><gpxtpx:hr>135</gpxtpx:hr><gpxtpx:cad>83</gpxtpx:cad></gpxtpx:TrackPointExtension></extensions>
    </trkpt>
    <trkpt lat="45.508640" lon="-122.607978">
      <ele>200.0</ele>
      <time>2024-03-12T07:44:15.000Z</time>
      <extensions><gpxtpx:TrackPointExtension><gpxtpx:hr>131</gpxtpx:hr><gpxtpx:cad>84</gpxtpx:cad></gpxtpx:TrackPointExtension></extensions>
    </trkpt>
    <trkpt lat="45.508612" lon="-122.607903">
      <ele>200.0</ele>
      <time>2024-03-12T07:44:16.000Z</time>
      <extensions><gpxtpx:TrackPointExtension><gpxtpx:hr>137</gpxtpx:hr><gpxtpx:cad>79</gpxtpx:cad></gpxtpx:TrackPointExtension></extensions>
    </trkpt>
    <trkpt lat="45.508584" lon="-122.607827">
      <ele>200.0</ele>
      <time>2024-03-12T07:44:17.000Z</time>
      <extensions><gpxtpx:TrackPointExtension><gpxtpx:hr>134</gpxtpx:hr><gpxtpx:cad>79</gpxtpx:cad></gpxtpx:TrackPointExtension></extensions>
    </trkpt>
    <trkpt lat="45.508556" lon="-122.607751">
      <ele>200.0</ele>
      <time>2024-03-12T07:44:18.000Z</time>
      <extensions><gpxtpx:TrackPointExtension><gpxtpx:hr>133</gpxtpx:hr><gpxtpx:cad>86</gpxtpx:cad></gpxtpx:TrackPointExtension></extensions>
    </trkpt>
    <trkpt lat="45.508529" lon="-122.607676">
      <ele>200.0</ele>
      <time>2024-03-12T07:44:19.000Z</time>
      <extensions><gpxtpx:TrackPointExtension><gpxtpx:hr>130</gpxtpx:hr><gpxtpx:cad>78</gpxtpx:cad></gpxtpx:TrackPointExtension></extensions>
    </trkpt>
    <trkpt lat="45.508501" lon="-122.607600">
      <ele>200.0</ele>
      <time>2024-03-12T07:44:20.000Z</time>
      <extensions><gpxtpx:TrackPointExtension><gpxtpx:hr>134</gpxtpx:hr><gpxtpx:cad>82</gpxtpx:cad></gpxtpx:TrackPointExtension></extensions>
    </trkpt>
    <trkpt lat="45.508474" lon="-122.607524">
      <ele>200.0</ele>
      <time>2024-03-12T07:44:21.000Z</time>
      <extensions><gpxtpx:TrackPointExtension><gpxtpx:hr>133</gpxtpx:hr><gpxtpx:cad>85</gpxtpx:cad></gpxtpx:TrackPointExtension></extensions>
    </trkpt>
    <trkpt lat="45.508447" lon="-122.607448">
      <ele>200.0</ele>
      <time>2024-03-12T07:44:22.000Z</time>
      <extensions><gpxtpx:TrackPointExtension><gpxtpx:hr>134</gpxtpx:hr><gpxtpx:cad>82</gpxtpx:cad></gpxtpx:TrackPointExtension></extensions>
    </trkpt>
    <trkpt lat="45.508420" lon="-122.607371">
      <ele>200.0</ele>
      <time>2024-03-12T07:44:23.000Z</time>
      <extensions><gpxtpx:TrackPointExtension><gpxtpx:hr>136</gpxtpx:hr><gpxtpx:cad>85</gpxtpx:cad></gpxtpx:TrackPointExtension></extensions>
    </trkpt>
    <trkpt lat="45.508392" lon="-122.607295">
      <ele>200.0</ele>
      <time>2024-03-12T07:44:24.000Z</time>
      <extensions><gpxtpx:TrackPointExtension><gpxtpx:hr>135</gpxtpx:hr><gpxtpx:cad>80</gpxtpx:cad></gpxtpx:TrackPointExtension></extensions>
    </trkpt>
    <trkpt lat="45.508366" lon="-122.607219">
      <ele>200.0</ele>
      <time>2024-03-12T07:44:25.000Z</time>
      <extensions><gpxtpx:TrackPointExtension><gpxtpx:hr>132</gpxtpx:hr><gpxtpx:cad>82</gpxtpx:cad></gpxtpx:TrackPointExtension></extensions>
    </trkpt>
    <trkpt lat="45.508339" lon="-122.607142">
      <ele>200.0</ele>
      <time>2024-03-12T07:44:26.000Z</time>
      <extensions><gpxtpx:TrackPointExtension><gpxtpx:hr>134</gpxtpx:hr><gpxtpx:cad>82</gpxtpx:cad></gpxtpx:TrackPointExtension></extensions>
    </trkpt>
    <trkpt lat="45.508312" lon="-122.607066">
      <ele>200.0</ele>
      <time>2024-03-12T07:44:27.000Z</time>
      <extensions><gpxtpx:TrackPointExtension><gpxtpx:hr>131</gpxtpx:hr><gpxtpx:cad>86</gpxtpx:cad></gpxtpx:TrackPointExtension></extensions>
    </trkpt>
    <trkpt lat="45.508286" lon="-122.606989">
      <ele>200.0</ele>
      <time>2024-03-12T07:44:28.000Z</time>
      <extensions><gpxtpx:TrackPointExtension><gpxtpx:hr>137</gpxtpx:hr><gpxtpx:cad>86</gpxtpx:cad></gpxtpx:TrackPointExtension></extensions>
    </trkpt>
    <trkpt lat="45.508259" lon="-122.606913">
      <ele>200.0</ele>
      <time>2024-03-12T07:44:29.000Z</time>
      <extensions><gpxtpx:TrackPointExtension><gpxtpx:hr>133</gpxtpx:hr><gpxtpx:cad>85</gpxtpx:cad></gpxtpx:TrackPointExtension></extensions>
    </trkpt>
    <trkpt lat="45.508233" lon="-122.606836">
      <ele>200.0</ele>
      <time>2024-03-12T07:44:30.000Z</time>
      <extensions><gpxtpx:TrackPointExtension><gpxtpx:hr>136</gpxtpx:hr><gpxtpx:cad>81</gpxtpx:cad></gpxtpx:TrackPointExtension></extensions>
    </trkpt>
    <trkpt lat="45.508207" lon="-122.606759">
      <ele>200.0</ele>
      <time>2024-03-12T07:44:31.000Z</time>
      <extensions><gpxtpx:TrackPointExtension><gpxtpx:hr>131</gpxtpx:hr><gpxtpx:cad>80</gpxtpx:cad></gpxtpx:TrackPointExtension></extensions>
    </trkpt>
    <trkpt lat="45.508181" lon="-122.606682">
      <ele>200.0</ele>
      <time>2024-03-12T07:44:32.000Z</time>
      <extensions><gpxtpx:TrackPointExtension><gpxtpx:hr>136</gpxtpx:hr><gpxtpx:cad>80</gpxtpx:cad></gpxtpx:TrackPointExtension></extensions>
    </trkpt>
    <trkpt lat="45.508155" lon="-122.606605">
      <ele>200.0</ele>
      <time>2024-03-12T07:44:33.000Z</time>
      <extensions><gpxtpx:TrackPointExtension><gpxtpx:hr>133</gpxtpx:hr><gpxtpx:cad>86</gpxtpx:cad></gpxtpx:TrackPointExtension></extensions>
    </trkpt>
    <trkpt lat="45.508129" lon="-122.606528">
      <ele>200.0</ele>
      <time>2024-03-12T07:44:34.000Z</time>
      <extensions><gpxtpx:TrackPointExtension><gpxtpx:hr>131</gpxtpx:hr><gpxtpx:cad>84</gpxtpx:cad></gpxtpx:TrackPointExtension></extensions>
    </trkpt>
    <trkpt lat="45.508103" lon="-122.606451">
      <ele>200.0</ele>
      <time>2024-03-12T07:44:35.000Z</time>
      <extensions><gpxtpx:TrackPointExtension><gpxtpx:hr>131</gpxtpx:hr><gpxtpx:cad>82</gpxtpx:cad></gpxtpx:TrackPointExtension></extensions>
    </trkpt>
    <trkpt lat="45.508078" lon="-122.606373">
      <ele>200.0</ele>
      <time>2024-03-12T07:44:36.000Z</time>
      <extensions><gpxtpx:TrackPointExtension><gpxtpx:hr>132</gpxtpx:hr><gpxtpx:cad>82</gpxtpx:cad></gpxtpx:TrackPointExtension></extensions>
    </trkpt>
    <trkpt lat="45.508052" lon="-122.606296">
      <ele>200.0</ele>
      <time>2024-03-12T07:44:37.000Z</time>
      <extensions><gpxtpx:TrackPointExtension><gpxtpx:hr>135</gpxtpx:hr><gpxtpx:cad>82</gpxtpx:cad></gpxtpx:TrackPointExtension></extensions>
    </trkpt>
    <trkpt lat="45.508027" lon="-122.606218">
      <ele>200.0</ele>
      <time>2024-03-12T07:44:38.000Z</time>
      <extensions><gpxtpx:TrackPointExtension><gpxtpx:hr>131</gpxtpx:hr><gpxtpx:cad>78</gpxtpx:cad></gpxtpx:TrackPointExtension></extensions>
    </trkpt>
    <trkpt lat="45.508002" lon="-122.606141">
      <ele>200.0</ele>
      <time>2024-03-12T07:44:39.000Z</time>
      <extensions><gpxtpx:TrackPointExtension><gpxtpx:hr>134</gpxtpx:hr><gpxtpx:cad>79</gpxtpx:cad></gpxtpx:TrackPointExtension></extensions>
    </trkpt>
    <trkpt lat="45.507977" lon="-122.606063">
      <ele>200.0</ele>
      <time>2024-03-12T07:44:40.000Z</time>
      <extensions><gpxtpx:TrackPointExtension><gpxtpx:hr>130</gpxtpx:hr><gpxtpx:cad>82</gpxtpx:cad></gpxtpx:TrackPointExtension></extensions>
    </trkpt>
    <trkpt lat="45.507952" lon="-122.605985">
      <ele>200.0</ele>
      <time>2024-03-12T07:44:41.000Z</time>
      <extensions><gpxtpx:TrackPointExtension><gpxtpx:hr>133</gpxtpx:hr><gpxtpx:cad>78</gpxtpx:cad></gpxtpx:TrackPointExtension></extensions>
    </trkpt>
    <trkpt lat="45.507928" lon="-122.605908">
      <ele>200.0</ele>
      <time>2024-03-12T07:44:42.000Z</time>
      <extensions><gpxtpx:TrackPointExtension><gpxtpx:hr>135</gpxtpx:hr><gpxtpx:cad>84</gpxtpx:cad></gpxtpx:TrackPointExtension></extensions>
    </trkpt>
    <trkpt lat="45.507903" lon="-122.605830">
      <ele>200.0</ele>
      <time>2024-03-12T07:44:43.000Z</time>
      <extensions><gpxtpx:TrackPointExtension><gpxtpx:hr>131</gpxtpx:hr><gpxtpx:cad>85</gpxtpx:cad></gpxtpx:TrackPointExtension></extensions>
    </trkpt>
    <trkpt lat="45.507879" lon="-122.605752">
      <ele>200.0</ele>
      <time>2024-03-12T07:44:44.000Z</time>
      <extensions><gpxtpx:TrackPointExtension><gpxtpx:hr>132</gpxtpx:hr><gpxtpx:cad>79</gpxtpx:cad></gpxtpx:TrackPointExtension></extensions>
    </trkpt>
    <trkpt lat="45.507854" lon="-122.605673">
      <ele>200.0</ele>
      <time>2024-03-12T07:44:45.000Z</time>
      <extensions><gpxtpx:TrackPointExtension><gpxtpx:hr>135</gpxtpx:hr><gpxtpx:cad>83</gpxtpx:cad></gpxtpx:TrackPointExtension></extensions>
    </trkpt>
    <trkpt lat="45.507830" lon="-122.605595">
      <ele>200.0</ele>
      <time>2024-03-12T07:44:46.000Z</time>
      <extensions><gpxtpx:TrackPointExtension><gpxtpx:hr>131</gpxtpx:hr><gpxtpx:cad>78</gpxtpx:cad></gpxtpx:TrackPointExtension></extensions>
    </trkpt>
    <trkpt lat="45.507806" lon="-122.605517">
      <ele>200.0</ele>
      <time>2024-03-12T07:44:47.000Z</time>
      <extensions><gpxtpx:TrackPointExtension><gpxtpx:hr>133</gpxtpx:hr><gpxtpx:cad>82</gpxtpx:cad></gpxtpx:TrackPointExtension></extensions>
    </trkpt>
    <trkpt lat="45.507783" lon="-122.605438">
      <ele>200.0</ele>
      <time>2024-03-12T07:44:48.000Z</time>
      <extensions><gpxtpx:TrackPointExtension><gpxtpx:hr>132</gpxtpx:hr><gpxtpx:cad>79</gpxtpx:cad></gpxtpx:TrackPointExtension></extensions>
    </trkpt>
    <trkpt lat="45.507759" lon="-122.605360">
      <ele>200.0</ele>
      <time>2024-03-12T07:44:49.000Z</time>
      <extensions><gpxtpx:TrackPointExtension><gpxtpx:hr>130</gpxtpx:hr><gpxtpx:cad>87</gpxtpx:cad></gpxtpx:TrackPointExtension></extensions>
    </trkpt>
    <trkpt lat="45.507735" lon="-122.605281">
      <ele>200.0</ele>
      <time>2024-03-12T07:44:50.000Z</time>
      <extensions><gpxtpx:TrackPointExtension><gpxtpx:hr>137</gpxtpx:hr><gpxtpx:cad>80</gpxtpx:cad></gpxtpx:TrackPointExtension></extensions>
    </trkpt>
    <trkpt lat="45.507712" lon="-122.605203">
      <ele>200.0</ele>
      <time>2024-03-12T07:44:51.000Z</time>
      <extensions><gpxtpx:TrackPointExtension><gpxtpx:hr>133</gpxtpx:hr><gpxtpx:cad>78</gpxtpx:cad></gpxtpx:TrackPointExtension></extensions>
    </trkpt>
    <trkpt lat="45.507689" lon="-122.605124">
      <ele>200.0</ele>
      <time>2024-03-12T07:44:52.000Z</time>
      <extensions><gpxtpx:TrackPointExtension><gpxtpx:hr>133</gpxtpx:hr><gpxtpx:cad>86</gpxtpx:cad></gpxtpx:TrackPointExtension></extensions>
    </trkpt>
    <trkpt lat="45.507666" lon="-122.605045">
      <ele>200.0</ele>
      <time>2024-03-12T07:44:53.000Z</time>
      <extensions><gpxtpx:TrackPointExtension><gpxtpx:hr>136</gpxtpx:hr><gpxtpx:cad>79</gpxtpx:cad></gpxtpx:TrackPointExtension></extensions>
    </trkpt>
    <trkpt lat="45.507643" lon="-122.604966">
      <ele>200.0</ele>
      <time>2024-03-12T07:44:54.000Z</time>
      <extensions><gpxtpx:TrackPointExtension><gpxtpx:hr>135</gpxtpx:hr><gpxtpx:cad>77</gpxtpx:cad></gpxtpx:TrackPointExtension></extensions>
    </trkpt>
    <trkpt lat="45.507620" lon="-122.604887">
      <ele>200.0</ele>
      <time>2024-03-12T07:44:55.000Z</time>
      <extensions><gpxtpx:TrackPointExtension><gpxtpx:hr>131</gpxtpx:hr><gpxtpx:cad>81</gpxtpx:cad></gpxtpx:TrackPointExtension></extensions>
    </trkpt>
    <trkpt lat="45.507598" lon="-122.604808">
      <ele>200.0</ele>
      <time>2024-03-12T07:44:56.000Z</time>
      <extensions><gpxtpx:TrackPointExtension><gpxtpx:hr>134</gpxtpx:hr><gpxtpx:cad>85</gpxtpx:cad></gpxtpx:TrackPointExtension></extensions>
    </trkpt>
    <trkpt lat="45.507575" lon="-122.604729">
      <ele>200.0</ele>
      <time>2024-03-12T07:44:57.000Z</time>
      <extensions><gpxtpx:TrackPointExtension><gpxtpx:hr>132</gpxtpx:hr><gpxtpx:cad>87</gpxtpx:cad></gpxtpx:TrackPointExtension></extensions>
    </trkpt>
    <trkpt lat="45.507553" lon="-122.604649">
      <ele>200.0</ele>
      <time>2024-03-12T07:44:58.000Z</time>
      <extensions><gpxtpx:TrackPointExtension><gpxtpx:hr>131</gpxtpx:hr><gpxtpx:cad>85</gpxtpx:cad></gpxtpx:TrackPointExtension></extensions>
    </trkpt>
    <trkpt lat="45.507531" lon="-122.604570">
      <ele>200.0</ele>
      <time>2024-03-12T07:44:59.000Z</time>
      <extensions><gpxtpx:TrackPointExtension><gpxtpx:hr>135</gpxtpx:hr><gpxtpx:cad>79</gpxtpx:cad></gpxtpx:TrackPointExtension></extensions>
    </trkpt>
    <trkpt lat="45.507509" lon="-122.604490">
      <ele>200.0</ele>
      <time>2024-03-12T07:45:00.000Z</time>
      <extensions><gpxtpx:TrackPointExtension><gpxtpx:hr>136</gpxtpx:hr><gpxtpx:cad>78</gpxtpx:cad></gpxtpx:TrackPointExtension></extensions>
    </trkpt>
    <trkpt lat="45.507487" lon="-122.604411">
      <ele>200.0</ele>
      <time>2024-03-12T07:45:01.000Z</time>
      <extensions><gpxtpx:TrackPointExtension><gpxtpx:hr>130</gpxtpx:hr><gpxtpx:cad>79</gpxtpx:cad></gpxtpx:TrackPointExtension></extensions>
    </trkpt>
    <trkpt lat="45.507466" lon="-122.604331">
      <ele>200.0</ele>
      <time>2024-03-12T07:45:02.000Z</time>
      <extensions><gpxtpx:TrackPointExtension><gpxtpx:hr>135</gpxtpx:hr><gpxtpx:cad>85</gpxtpx:cad></gpxtpx:TrackPointExtension></extensions>
    </trkpt>
    <trkpt lat="45.507444" lon="-122.604251">
      <ele>200.0</ele>
      <time>2024-03-12T07:45:03.000Z</time>
      <extensions><gpxtpx:TrackPointExtension><gpxtpx:hr>135</gpxtpx:hr><gpxtpx:cad>85</gpxtpx:cad></gpxtpx:TrackPointExtension></extensions>
    </trkpt>
    <trkpt lat="45.507423" lon="-122.604171">
      <ele>200.0</ele>
      <time>2024-03-12T07:45:04.000Z</time>
      <extensions><gpxtpx:TrackPointExtension><gpxtpx:hr>134</gpxtpx:hr><gpxtpx:cad>86</gpxtpx:cad></gpxtpx:TrackPointExtension></extensions>
    </trkpt>
    <trkpt lat="45.507402" lon="-122.604091">
      <ele>200.0</ele>
      <time>2024-03-12T07:45:05.000Z</time>
      <extensions><gpxtpx:TrackPointExtension><gpxtpx:hr>132</gpxtpx:hr><gpxtpx:cad>78</gpxtpx:cad></gpxtpx:TrackPointExtension></extensions>
    </trkpt>
    <trkpt lat="45.507381" lon="-122.604011">
      <ele>200.0</ele>
      <time>2024-03-12T07:45:06.000Z</time>
      <extensions><gpxtpx:TrackPointExtension><gpxtpx:hr>130</gpxtpx:hr><gpxtpx:cad>83</gpxtpx:cad></gpxtpx:TrackPointExtension></extensions>
    </trkpt>
    <trkpt lat="45.507360" lon="-122.603931">
      <ele>200.0</ele>
      <time>2024-03-12T07:45:07.000Z</time>
      <extensions><gpxtpx:TrackPointExtension><gpxtpx:hr>131</gpxtpx:hr><gpxtpx:cad>86</gpxtpx:cad></gpxtpx:TrackPointExtension></extensions>
    </trkpt>
    <trkpt lat="45.507340" lon="-122.603851">
      <ele>200.0</ele>
      <time>2024-03-12T07:45:08.000Z</time>
      <extensions><gpxtpx:TrackPointExtension><gpxtpx:hr>130</gpxtpx:hr><gpxtpx:cad>86</gpxtpx:cad></gpxtpx:TrackPointExtension></extensions>
    </trkpt>
    <trkpt lat="45.507319" lon="-122.603770">
      <ele>200.0</ele>
      <time>2024-03-12T07:45:09.000Z</time>
      <extensions><gpxtpx:TrackPointExtension><gpxtpx:hr>134</gpxtpx:hr><gpxtpx:cad>78</gpxtpx:cad></gpxtpx:TrackPointExtension></extensions>
    </trkpt>
    <trkpt lat="45.507299" lon="-122.603690">
      <ele>200.0</ele>
      <time>2024-03-12T07:45:10.000Z</time>
      <extensions><gpxtpx:TrackPointExtension><gpxtpx:hr>132</gpxtpx:hr><gpxtpx:cad>85</gpxtpx:cad></gpxtpx:TrackPointExtension></extensions>
    </trkpt>
    <trkpt lat="45.507279" lon="-122.603609">
      <ele>200.0</ele>
      <time>2024-03-12T07:45:11.000Z</time>
      <extensions><gpxtpx:TrackPointExtension><gpxtpx:hr>137</gpxtpx:hr><gpxtpx:cad>78</gpxtpx:cad></gpxtpx:TrackPointExtension></extensions>
    </trkpt>
    <trkpt lat="45.507259" lon="-122.603529">
      <ele>200.0</ele>
      <time>2024-03-12T07:45:12.000Z</time>
      <extensions><gpxtpx:TrackPointExtension><gpxtpx:hr>130</gpxtpx:hr><gpxtpx:cad>86</gpxtpx:cad></gpxtpx:TrackPointExtension></extensions>
    </trkpt>
    <trkpt lat="45.507240" lon="-122.603448">
      <ele>200.0</ele>
      <time>2024-03-12T07:45:13.000Z</time>
      <extensions><gpxtpx:TrackPointExtension><gpxtpx:hr>132</gpxtpx:hr><gpxtpx:cad>83</gpxtpx:cad></gpxtpx:TrackPointExtension></extensions>
    </trkpt>
    <trkpt lat="45.507220" lon="-122.603367">
      <ele>200.0</ele>
      <time>2024-03-12T07:45:14.000Z</time>
      <extensions><gpxtpx:TrackPointExtension><gpxtpx:hr>134</gpxtpx:hr><gpxtpx:cad>79</gpxtpx:cad></gpxtpx:TrackPointExtension></extensions>
    </trkpt>
    <trkpt lat="45.507201" lon="-122.603286">
      <ele>200.0</ele>
      <time>2024-03-12T07:45:15.000Z</time>
      <extensions><gpxtpx:TrackPointExtension><gpxtpx:hr>132</gpxtpx:hr><gpxtpx:cad>78</gpxtpx:cad></gpxtpx:TrackPointExtension></extensions>
    </trkpt>
    <trkpt lat="45.507182" lon="-122.603205">
      <ele>200.0</ele>
      <time>2024-03-12T07:45:16.000Z</time>
      <extensions><gpxtpx:TrackPointExtension><gpxtpx:hr>131</gpxtpx:hr><gpxtpx:cad>82</gpxtpx:cad></gpxtpx:TrackPointExtension></extensions>
    </trkpt>
    <trkpt lat="45.507163" lon="-122.603124">
      <ele>200.0</ele>
      <time>2024-03-12T07:45:17.000Z</time>
      <extensions><gpxtpx:TrackPointExtension><gpxtpx:hr>131</gpxtpx:hr><gpxtpx:cad>80</gpxtpx:cad></gpxtpx:TrackPointExtension></extensions>
    </trkpt>
    <trkpt lat="45.507144" lon="-122.603043">
      <ele>200.0</ele>
      <time>2024-03-12T07:45:18.000Z</time>
      <extensions><gpxtpx:TrackPointExtension><gpxtpx:hr>134</gpxtpx:hr><gpxtpx:cad>85</gpxtpx:cad></gpxtpx:TrackPointExtension></extensions>
    </trkpt>
    <trkpt lat="45.507125" lon="-122.602962">
      <ele>200.0</ele>
      <time>2024-03-12T07:45:19.000Z</time>
      <extensions><gpxtpx:TrackPointExtension><gpxtpx:hr>134</gpxtpx:hr><gpxtpx:cad>82</gpxtpx:cad></gpxtpx:TrackPointExtension></extensions>
    </trkpt>
    <trkpt lat="45.507107" lon="-122.602881">
      <ele>200.0</ele>
      <time>2024-03-12T07:45:20.000Z</time>
      <extensions><gpxtpx:TrackPointExtension><gpxtpx:hr>136</gpxtpx:hr><gpxtpx:cad>84</gpxtpx:cad></gpxtpx:TrackPointExtension></extensions>
    </trkpt>
    <trkpt lat="45.507089" lon="-122.602799">
      <ele>200.0</ele>
      <time>2024-03-12T07:45:21.000Z</time>
      <extensions><gpxtpx:TrackPointExtension><gpxtpx:hr>136</gpxtpx:hr><gpxtpx:cad>84</gpxtpx:cad></gpxtpx:TrackPointExtension></extensions>
    </trkpt>
    <trkpt lat="45.507071" lon="-122.602718">
      <ele>200.0</ele>
      <time>2024-03-12T07:45:22.000Z</time>
      <extensions><gpxtpx:TrackPointExtension><gpxtpx:hr>131</gpxtpx:hr><gpxtpx:cad>85</gpxtpx:cad></gpxtpx:TrackPointExtension></extensions>
    </trkpt>
    <trkpt lat="45.507053" lon="-122.602636">
      <ele>200.0</ele>
      <time>2024-03-12T07:45:23.000Z</time>
      <extensions><gpxtpx:TrackPointExtension><gpxtpx:hr>130</gpxtpx:hr><gpxtpx:cad>84</gpxtpx:cad></gpxtpx:TrackPointExtension></extensions>
    </trkpt>
    <trkpt lat="45.507035" lon="-122.602554">
      <ele>200.0</ele>
      <time>2024-03-12T07:45:24.000Z</time>
      <extensions><gpxtpx:TrackPointExtension><gpxtpx:hr>137</gpxtpx:hr><gpxtpx:cad>86</gpxtpx:cad></gpxtpx:TrackPointExtension></extensions>
    </trkpt>
    <trkpt lat="45.507018" lon="-122.602473">
      <ele>200.0</ele>
      <time>2024-03-12T07:45:25.000Z</time>
      <extensions><gpxtpx:TrackPointExtension><gpxtpx:hr>134</gpxtpx:hr><gpxtpx:cad>86</gpxtpx:cad></gpxtpx:TrackPointExtension></extensions>
    </trkpt>
    <trkpt lat="45.507001" lon="-122.602391">
      <ele>200.0</ele>
      <time>2024-03-12T07:45:26.000Z</time>
      <extensions><gpxtpx:TrackPointExtension><gpxtpx:hr>134</gpxtpx:hr><gpxtpx:cad>81</gpxtpx:cad></gpxtpx:TrackPointExtension></extensions>
    </trkpt>
    <trkpt lat="45.506984" lon="-122.602309">
      <ele>200.0</ele>
      <time>2024-03-12T07:45:27.000Z</time>
      <extensions><gpxtpx:TrackPointExtension><gpxtpx:hr>131</gpxtpx:hr><gpxtpx:cad>77</gpxtpx:cad></gpxtpx:TrackPointExtension></extensions>
    </trkpt>
    <trkpt lat="45.506967" lon="-122.602227">
      <ele>200.0</ele>
      <time>2024-03-12T07:45:28.000Z</time>
      <extensions><gpxtpx:TrackPointExtension><gpxtpx:hr>132</gpxtpx:hr><gpxtpx:cad>81</gpxtpx:cad></gpxtpx:TrackPointExtension></extensions>
    </trkpt>
    <trkpt lat="45.506950" lon="-122.602145">
      <ele>200.0</ele>
      <time>2024-03-12T07:45:29.000Z</time>
      <extensions><gpxtpx:TrackPointExtension><gpxtpx:hr>134</gpxtpx:hr><gpxtpx:cad>83</gpxtpx:cad></gpxtpx:TrackPointExtension></extensions>
    </trkpt>
    <trkpt lat="45.506934" lon="-122.602063">
      <ele>200.0</ele>
      <time>2024-03-12T07:45:30.000Z</time>
      <extensions><gpxtpx:TrackPointExtension><gpxtpx:hr>131</gpxtpx:hr><gpxtpx:cad>78</gpxtpx:cad></gpxtpx:TrackPointExtension></extensions>
    </trkpt>
    <trkpt lat="45.506918" lon="-122.601980">
      <ele>200.0</ele>
      <time>2024-03-12T07:45:31.000Z</time>
      <extensions><gpxtpx:TrackPointExtension><gpxtpx:hr>135</gpxtpx:hr><gpxtpx:cad>77</gpxtpx:cad></gpxtpx:TrackPointExtension></extensions>
    </trkpt>
    <trkpt lat="45.506902" lon="-122.601898">
      <ele>200.0</ele>
      <time>2024-03-12T07:45:32.000Z</time>
      <extensions><gpxtpx:TrackPointExtension><gpxtpx:hr>135</gpxtpx:hr><gpxtpx:cad>85</gpxtpx:cad></gpxtpx:TrackPointExtension></extensions>
    </trkpt>
    <trkpt lat="45.506886" lon="-122.601816">
      <ele>200.0</ele>
      <time>2024-03-12T07:45:33.000Z</time>
      <extensions><gpxtpx:TrackPointExtension><gpxtpx:hr>137</gpxtpx:hr><gpxtpx:cad>86</gpxtpx:cad></gpxtpx:TrackPointExtension></extensions>
    </trkpt>
    <trkpt lat="45.506870" lon="-122.601733">
      <ele>200.0</ele>
      <time>2024-03-12T07:45:34.000Z</time>
      <extensions><gpxtpx:TrackPointExtension><gpxtpx:hr>135</gpxtpx:hr><gpxtpx:cad>83</gpxtpx:cad></gpxtpx:TrackPointExtension></extensions>
    </trkpt>
    <trkpt lat="45.506855" lon="-122.601651">
      <ele>200.0</ele>
      <time>2024-03-12T07:45:35.000Z</time>
      <extensions><gpxtpx:TrackPointExtension><gpxtpx:hr>135</gpxtpx:hr><gpxtpx:cad>78</gpxtpx:cad></gpxtpx:TrackPointExtension></extensions>
    </trkpt>
    <trkpt lat="45.506839" lon="-122.601568">
      <ele>200.0</ele>
      <time>2024-03-12T07:45:36.000Z</time>
      <extensions><gpxtpx:TrackPointExtension><gpxtpx:hr>132</gpxtpx:hr><gpxtpx:cad>79</gpxtpx:cad></gpxtpx:TrackPointExtension></extensions>
    </trkpt>
    <trkpt lat="45.506824" lon="-122.601485">
      <ele>200.0</ele>
      <time>2024-03-12T07:45:37.000Z</time>
      <extensions><gpxtpx:TrackPointExtension><gpxtpx:hr>136</gpxtpx:hr><gpxtpx:cad>86</gpxtpx:cad></gpxtpx:TrackPointExtension></extensions>
    </trkpt>
    <trkpt lat="45.506809" lon="-122.601402">
      <ele>200.0</ele>
      <time>2024-03-12T07:45:38.000Z</time>
      <extensions><gpxtpx:TrackPointExtension><gpxtpx:hr>133</gpxtpx:hr><gpxtpx:cad>82</gpxtpx:cad></gpxtpx:TrackPointExtension></extensions>
    </trkpt>
    <trkpt lat="45.506795" lon="-122.601320">
      <ele>200.0</ele>
      <time>2024-03-12T07:45:39.000Z</time>
      <extensions><gpxtpx:TrackPointExtension><gpxtpx:hr>132</gpxtpx:hr><gpxtpx:cad>84</gpxtpx:cad></gpxtpx:TrackPointExtension></extensions>
    </trkpt>
    <trkpt lat="45.506780" lon="-122.601237">
      <ele>200.0</ele>
      <time>2024-03-12T07:45:40.000Z</time>
      <extensions><gpxtpx:TrackPointExtension><gpxtpx:hr>133</gpxtpx:hr><gpxtpx:cad>82</gpxtpx:cad></gpxtpx:TrackPointExtension></extensions>
    </trkpt>
    <trkpt lat="45.506766" lon="-122.601154">
      <ele>200.0</ele>
      <time>2024-03-12T07:45:41.000Z</time>
      <extensions><gpxtpx:TrackPointExtension><gpxtpx:hr>132</gpxtpx:hr><gpxtpx:cad>81</gpxtpx:cad></gpxtpx:TrackPointExtension></extensions>
    </trkpt>
    <trkpt lat="45.506752" lon="-122.601071">
      <ele>200.0</ele>
      <time>2024-03-12T07:45:42.000Z</time>
      <extensions><gpxtpx:TrackPointExtension><gpxtpx:hr>133</gpxtpx:hr><gpxtpx:cad>86</gpxtpx:cad></gpxtpx:TrackPointExtension></extensions>
    </trkpt>
    <trkpt lat="45.506738" lon="-122.600987">
      <ele>200.0</ele>
      <time>2024-03-12T07:45:43.000Z</time>
      <extensions><gpxtpx:TrackPointExtension><gpxtpx:hr>137</gpxtpx:hr><gpxtpx:cad>81</gpxtpx:cad></gpxtpx:TrackPointExtension></extensions>
    </trkpt>
    <trkpt lat="45.506725" lon="-122.600904">
      <ele>200.0</ele>
      <time>2024-03-12T07:45:44.000Z</time>
      <extensions><gpxtpx:TrackPointExtension><gpxtpx:hr>133</gpxtpx:hr><gpxtpx:cad>80</gpxtpx:cad></gpxtpx:TrackPointExtension></extensions>
    </trkpt>
    <trkpt lat="45.506711" lon="-122.600821">
      <ele>200.0</ele>
      <time>2024-03-12T07:45:45.000Z</time>
      <extensions><gpxtpx:TrackPointExtension><gpxtpx:hr>134</gpxtpx:hr><gpxtpx:cad>81</gpxtpx:cad></gpxtpx:TrackPointExtension></extensions>
    </trkpt>
    <trkpt lat="45.506698" lon="-122.600738">
      <ele>200.0</ele>
      <time>2024-03-12T07:45:46.000Z</time>
      <extensions><gpxtpx:TrackPointExtension><gpxtpx:hr>135</gpxtpx:hr><gpxtpx:cad>83</gpxtpx:cad></gpxtpx:TrackPointExtension></extensions>
    </trkpt>
    <trkpt lat="45.506685" lon="-122.600654">
      <ele>200.0</ele>
      <time>2024-03-12T07:45:47.000Z</time>
      <extensions><gpxtpx:TrackPointExtension><gpxtpx:hr>137</gpxtpx:hr><gpxtpx:cad>85</gpxtpx:cad></gpxtpx:TrackPointExtension></extensions>
    </trkpt>
    <trkpt lat="45.506673" lon="-122.600571">
      <ele>200.0</ele>
      <time>2024-03-12T07:45:48.000Z</time>
      <extensions><gpxtpx:TrackPointExtension><gpxtpx:hr>134</gpxtpx:hr><gpxtpx:cad>86</gpxtpx:cad></gpxtpx:TrackPointExtension></extensions>
    </trkpt>
    <trkpt lat="45.506660" lon="-122.600487">
      <ele>200.0</ele>
      <time>2024-03-12T07:45:49.000Z</time>
      <extensions><gpxtpx:TrackPointExtension><gpxtpx:hr>136</gpxtpx:hr><gpxtpx:cad>81</gpxtpx:cad></gpxtpx:TrackPointExtension></extensions>
    </trkpt>
    <trkpt lat="45.506648" lon="-122.600403">
      <ele>200.0</ele>
      <time>2024-03-12T07:45:50.000Z</time>
      <extensions><gpxtpx:TrackPointExtension><gpxtpx:hr>132</gpxtpx:hr><gpxtpx:cad>77</gpxtpx:cad></gpxtpx:TrackPointExtension></extensions>
    </trkpt>
    <trkpt lat="45.506636" lon="-122.600320">
      <ele>200.0</ele>
      <time>2024-03-12T07:45:51.000Z</time>
      <extensions><gpxtpx:TrackPointExtension><gpxtpx:hr>136</gpxtpx:hr><gpxtpx:cad>82</gpxtpx:cad></gpxtpx:TrackPointExtension></extensions>
    </trkpt>
    <trkpt lat="45.506624" lon="-122.600236">
      <ele>200.0</ele>
      <time>2024-03-12T07:45:52.000Z</time>
      <extensions><gpxtpx:TrackPointExtension><gpxtpx:hr>134</gpxtpx:hr><gpxtpx:cad>83</gpxtpx:cad></gpxtpx:TrackPointExtension></extensions>
    </trkpt>
    <trkpt lat="45.506612" lon="-122.600152">
      <ele>200.0</ele>
      <time>2024-03-12T07:45:53.000Z</time>
      <extensions><gpxtpx:TrackPointExtension><gpxtpx:hr>134</gpxtpx:hr><gpxtpx:cad>83</gpxtpx:cad></gpxtpx:TrackPointExtension></extensions>
    </trkpt>
    <trkpt lat="45.506601" lon="-122.600068">
      <ele>200.0</ele>
      <time>2024-03-12T07:45:54.000Z</time>
      <extensions><gpxtpx:TrackPointExtension><gpxtpx:hr>134</gpxtpx:hr><gpxtpx:cad>83</gpxtpx:cad></gpxtpx:TrackPointExtension></extensions>
    </trkpt>
    <trkpt lat="45.506590" lon="-122.599984">
      <ele>200.0</ele>
      <time>2024-03-12T07:45:55.000Z</time>
      <extensions><gpxtpx:TrackPointExtension><gpxtpx:hr>131</gpxtpx:hr><gpxtpx:cad>81</gpxtpx:cad></gpxtpx:TrackPointExtension></extensions>
    </trkpt>
    <trkpt lat="45.506579" lon="-122.599900">
      <ele>200.0</ele>
      <time>2024-03-12T07:45:56.000Z</time>
      <extensions><gpxtpx:TrackPointExtension><gpxtpx:hr>132</gpxtpx:hr><gpxtpx:cad>79</gpxtpx:cad></gpxtpx:TrackPointExtension></extensions>
    </trkpt>
    <trkpt lat="45.506568" lon="-122.599816">
      <ele>200.0</ele>
      <time>2024-03-12T07:45:57.000Z</time>
      <extensions><gpxtpx:TrackPointExtension><gpxtpx:hr>134</gpxtpx:hr><gpxtpx:cad>85</gpxtpx:cad></gpxtpx:TrackPointExtension></extensions>
    </trkpt>
    <trkpt lat="45.506557" lon="-122.599732">
      <ele>200.0</ele>
      <time>2024-03-12T07:45:58.000Z</time>
      <extensions><gpxtpx:TrackPointExtension><gpxtpx:hr>134</gpxtpx:hr><gpxtpx:cad>84</gpxtpx:cad></gpxtpx:TrackPointExtension></extensions>
    </trkpt>
    <trkpt lat="45.506547" lon="-122.599648">
      <ele>200.0</ele>
      <time>2024-03-12T07:45:59.000Z</time>
      <extensions><gpxtpx:TrackPointExtension><gpxtpx:hr>135</gpxtpx:hr><gpxtpx:cad>83</gpxtpx:cad></gpxtpx:TrackPointExtension></extensions>
    </trkpt>
    <trkpt lat="45.506537" lon="-122.599564">
      <ele>200.0</ele>
      <time>2024-03-12T07:46:00.000Z</time>
      <extensions><gpxtpx:TrackPointExtension><gpxtpx:hr>132</gpxtpx:hr><gpxtpx:cad>78</gpxtpx:cad></gpxtpx:TrackPointExtension></extensions>
    </trkpt>
    <trkpt lat="45.506527" lon="-122.599479">
      <ele>200.0</ele>
      <time>2024-03-12T07:46:01.000Z</time>
      <extensions><gpxtpx:TrackPointExtension><gpxtpx:hr>132</gpxtpx:hr><gpxtpx:cad>86</gpxtpx:cad></gpxtpx:TrackPointExtension></extensions>
    </trkpt>
    <trkpt lat="45.506517" lon="-122.599395">
      <ele>200.0</ele>
      <time>2024-03-12T07:46:02.000Z</time>
      <extensions><gpxtpx:TrackPointExtension><gpxtpx:hr>134</gpxtpx:hr><gpxtpx:cad>86</gpxtpx:cad></gpxtpx:TrackPointExtension></extensions>
    </trkpt>
    <trkpt lat="45.506508" lon="-122.599311">
      <ele>200.0</ele>
      <time>2024-03-12T07:46:03.000Z</time>
      <extensions><gpxtpx:TrackPointExtension><gpxtpx:hr>134</gpxtpx:hr><gpxtpx:cad>86</gpxtpx:cad></gpxtpx:TrackPointExtension></extensions>
    </trkpt>
    <trkpt lat="45.506499" lon="-122.599226">
      <ele>200.0</ele>
      <time>2024-03-12T07:46:04.000Z</time>
      <extensions><gpxtpx:TrackPointExtension><gpxtpx:hr>130</gpxtpx:hr><gpxtpx:cad>80</gpxtpx:cad></gpxtpx:TrackPointExtension></extensions>
    </trkpt>
    <trkpt lat="45.506490" lon="-122.599142">
      <ele>200.0</ele>
      <time>2024-03-12T07:46:05.000Z</time>
      <extensions><gpxtpx:TrackPointExtension><gpxtpx:hr>133</gpxtpx:hr><gpxtpx:cad>85</gpxtpx:cad></gpxtpx:TrackPointExtension></extensions>
    </trkpt>
    <trkpt lat="45.506481" lon="-122.599057">
      <ele>200.0</ele>
      <time>2024-03-12T07:46:06.000Z</time>
      <extensions><gpxtpx:TrackPointExtension><gpxtpx:hr>135</gpxtpx:hr><gpxtpx:cad>78</gpxtpx:cad></gpxtpx:TrackPointExtension></extensions>
    </trkpt>
    <trkpt lat="45.506473" lon="-122.598973">
      <ele>200.0</ele>
      <time>2024-03-12T07:46:07.000Z</time>
      <extensions><gpxtpx:TrackPointExtension><gpxtpx:hr>131</gpxtpx:hr><gpxtpx:cad>77</gpxtpx:cad></gpxtpx:TrackPointExtension></extensions>
    </trkpt>
    <trkpt lat="45.506464" lon="-122.598888">
      <ele>200.0</ele>
      <time>2024-03-12T07:46:08.000Z</time>
      <extensions><gpxtpx:TrackPointExtension><gpxtpx:hr>136</gpxtpx:hr><gpxtpx:cad>81</gpxtpx:cad></gpxtpx:TrackPointExtension></extensions>
    </trkpt>
    <trkpt lat="45.506456" lon="-122.598803">
      <ele>200.0</ele>
      <time>2024-03-12T07:46:09.000Z</time>
      <extensions><gpxtpx:TrackPointExtension><gpxtpx:hr>132</gpxtpx:hr><gpxtpx:cad>77</gpxtpx:cad></gpxtpx:TrackPointExtension></extensions>
    </trkpt>
    <trkpt lat="45.506448" lon="-122.598719">
      <ele>200.0</ele>
      <time>2024-03-12T07:46:10.000Z</time>
      <extensions><gpxtpx:TrackPointExtension><gpxtpx:hr>130</gpxtpx:hr><gpxtpx:cad>79</gpxtpx:cad></gpxtpx:TrackPointExtension></extensions>
    </trkpt>
    <trkpt lat="45.506441" lon="-122.598634">
      <ele>200.0</ele>
      <time>2024-03-12T07:46:11.000Z</time>
      <extensions><gpxtpx:TrackPointExtension><gpxtpx:hr>131</gpxtpx:hr><gpxtpx:cad>82</gpxtpx:cad></gpxtpx:TrackPointExtension></extensions>
    </trkpt>
    <trkpt lat="45.506433" lon="-122.598549">
      <ele>200.0</ele>
      <time>2024-03-12T07:46:12.000Z</time>
      <extensions><gpxtpx:TrackPointExtension><gpxtpx:hr>131</gpxtpx:hr><gpxtpx:cad>83</gpxtpx:cad></gpxtpx:TrackPointExtension></extensions>
    </trkpt>
    <trkpt lat="45.506426" lon="-122.598464">
      <ele>200.0</ele>
      <time>2024-03-12T07:46:13.000Z</time>
      <extensions><gpxtpx:TrackPointExtension><gpxtpx:hr>132</gpxtpx:hr><gpxtpx:cad>80</gpxtpx:cad></gpxtpx:TrackPointExtension></extensions>
    </trkpt>
    <trkpt lat="45.506419" lon="-122.598379">
      <ele>200.0</ele>
      <time>2024-03-12T07:46:14.000Z</time>
      <extensions><gpxtpx:TrackPointExtension><gpxtpx:hr>131</gpxtpx:hr><gpxtpx:cad>87</gpxtpx:cad></gpxtpx:TrackPointExtension></extensions>
    </trkpt>
    <trkpt lat="45.506413" lon="-122.598294">
      <ele>200.0</ele>
      <time>2024-03-12T07:46:15.000Z</time>
      <extensions><gpxtpx:TrackPointExtension><gpxtpx:hr>136</gpxtpx:hr><gpxtpx:cad>85</gpxtpx:cad></gpxtpx:TrackPointExtension></extensions>
    </trkpt>
    <trkpt lat="45.506406" lon="-122.598209">
      <ele>200.0</ele>
      <time>2024-03-12T07:46:16.000Z</time>
      <extensions><gpxtpx:TrackPointExtension><gpxtpx:hr>135</gpxtpx:hr><gpxtpx:cad>82</gpxtpx:cad></gpxtpx:TrackPointExtension></extensions>
    </trkpt>
    <trkpt lat="45.506400" lon="-122.598125">
      <ele>200.0</ele>
      <time>2024-03-12T07:46:17.000Z</time>
      <extensions><gpxtpx:TrackPointExtension><gpxtpx:hr>130</gpxtpx:hr><gpxtpx:cad>79</gpxtpx:cad></gpxtpx:TrackPointExtension></extensions>
    </trkpt>
    <trkpt lat="45.506394" lon="-122.598039">
      <ele>200.0</ele>
      <time>2024-03-12T07:46:18.000Z</time>
      <extensions><gpxtpx:TrackPointExtension><gpxtpx:hr>133</gpxtpx:hr><gpxtpx:cad>85</gpxtpx:cad></gpxtpx:TrackPointExtension></extensions>
    </trkpt>
    <trkpt lat="45.506388" lon="-122.597954">
      <ele>200.0</ele>
      <time>2024-03-12T07:46:19.000Z</time>
      <extensions><gpxtpx:TrackPointExtension><gpxtpx:hr>130</gpxtpx:hr><gpxtpx:cad>83</gpxtpx:cad></gpxtpx:TrackPointExtension></extensions>
    </trkpt>
    <trkpt lat="45.506383" lon="-122.597869">
      <ele>200.0</ele>
      <time>2024-03-12T07:46:20.000Z</time>
      <extensions><gpxtpx:TrackPointExtension><gpxtpx:hr>132</gpxtpx:hr><gpxtpx:cad>77</gpxtpx:cad></gpxtpx:TrackPointExtension></extensions>
    </trkpt>
    <trkpt lat="45.506377" lon="-122.597784">
      <ele>200.0</ele>
      <time>2024-03-12T07:46:21.000Z</time>
      <extensions><gpxtpx:TrackPointExtension><gpxtpx:hr>132</gpxtpx:hr><gpxtpx:cad>78</gpxtpx:cad></gpxtpx:TrackPointExtension></extensions>
    </trkpt>
    <trkpt lat="45.506372" lon="-122.597699">
      <ele>200.0</ele>
      <time>2024-03-12T07:46:22.000Z</time>
      <extensions><gpxtpx:TrackPointExtension><gpxtpx:hr>133</gpxtpx:hr><gpxtpx:cad>87</gpxtpx:cad></gpxtpx:TrackPointExtension></extensions>
    </trkpt>
    <trkpt lat="45.506368" lon="-122.597614">
      <ele>200.0</ele>
      <time>2024-03-12T07:46:23.000Z</time>
      <extensions><gpxtpx:TrackPointExtension><gpxtpx:hr>136</gpxtpx:hr><gpxtpx:cad>82</gpxtpx:cad></gpxtpx:TrackPointExtension></extensions>
    </trkpt>
    <trkpt lat="45.506363" lon="-122.597529">
      <ele>200.0</ele>
      <time>2024-03-12T07:46:24.000Z</time>
      <extensions><gpxtpx:TrackPointExtension><gpxtpx:hr>130</gpxtpx:hr><gpxtpx:cad>82</gpxtpx:cad></gpxtpx:TrackPointExtension></extensions>
    </trkpt>
    <trkpt lat="45.506359" lon="-122.597443">
      <ele>200.0</ele>
      <time>2024-03-12T07:46:25.000Z</time>
      <extensions><gpxtpx:TrackPointExtension><gpxtpx:hr>132</gpxtpx:hr><gpxtpx:cad>80</gpxtpx:cad></gpxtpx:TrackPointExtension></extensions>
    </trkpt>
    <trkpt lat="45.506354" lon="-122.597358">
      <ele>200.0</ele>
      <time>2024-03-12T07:46:26.000Z</time>
      <extensions><gpxtpx:TrackPointExtension><gpxtpx:hr>134</gpxtpx:hr><gpxtpx:cad>77</gpxtpx:cad></gpxtpx:TrackPointExtension></extensions>
    </trkpt>
    <trkpt lat="45.506351" lon="-122.597273">
      <ele>200.0</ele>
      <time>2024-03-12T07:46:27.000Z</time>
      <extensions><gpxtpx:TrackPointExtension><gpxtpx:hr>136</gpxtpx:hr><gpxtpx:cad>78</gpxtpx:cad></gpxtpx:TrackPointExtension></extensions>
    </trkpt>
    <trkpt lat="45.506347" lon="-122.597188">
      <ele>200.0</ele>
      <time>2024-03-12T07:46:28.000Z</time>
      <extensions><gpxtpx:TrackPointExtension><gpxtpx:hr>136</gpxtpx:hr><gpxtpx:cad>78</gpxtpx:cad></gpxtpx:TrackPointExtension></extensions>
    </trkpt>
    <trkpt lat="45.506344" lon="-122.597102">
      <ele>200.0</ele>
      <time>2024-03-12T07:46:29.000Z</time>
      <extensions><gpxtpx:TrackPointExtension><gpxtpx:hr>135</gpxtpx:hr><gpxtpx:cad>86</gpxtpx:cad></gpxtpx:TrackPointExtension></extensions>
    </trkpt>
    <trkpt lat="45.506340" lon="-122.597017">
      <ele>200.0</ele>
      <time>2024-03-12T07:46:30.000Z</time>
      <extensions><gpxtpx:TrackPointExtension><gpxtpx:hr>134</gpxtpx:hr><gpxtpx:cad>83</gpxtpx:cad></gpxtpx:TrackPointExtension></extensions>
    </trkpt>
    <trkpt lat="45.506337" lon="-122.596932">
      <ele>200.0</ele>
      <time>2024-03-12T07:46:31.000Z</time>
      <extensions><gpxtpx:TrackPointExtension><gpxtpx:hr>131</gpxtpx:hr><gpxtpx:cad>81</gpxtpx:cad></gpxtpx:TrackPointExtension></extensions>
    </trkpt>
    <trkpt lat="45.506335" lon="-122.596846">
      <ele>200.0</ele>
      <time>2024-03-12T07:46:32.000Z</time>
      <extensions><gpxtpx:TrackPointExtension><gpxtpx:hr>135</gpxtpx:hr><gpxtpx:cad>83</gpxtpx:cad></gpxtpx:TrackPointExtension></extensions>
    </trkpt>
    <trkpt lat="45.506332" lon="-122.596761">
      <ele>200.0</ele>
      <time>2024-03-12T07:46:33.000Z</time>
      <extensions><gpxtpx:TrackPointExtension><gpxtpx:hr>135</gpxtpx:hr><gpxtpx:cad>79</gpxtpx:cad></gpxtpx:TrackPointExtension></extensions>
    </trkpt>
    <trkpt lat="45.506330" lon="-122.596676">
      <ele>200.0</ele>
      <time>2024-03-12T07:46:34.000Z</time>
      <extensions><gpxtpx:TrackPointExtension><gpxtpx:hr>135</gpxtpx:hr><gpxtpx:cad>80</gpxtpx:cad></gpxtpx:TrackPointExtension></extensions>
    </trkpt>
    <trkpt lat="45.506328" lon="-122.596590">
      <ele>200.0</ele>
      <time>2024-03-12T07:46:35.000Z</time>
      <extensions><gpxtpx:TrackPointExtension><gpxtpx:hr>136</gpxtpx:hr><gpxtpx:cad>82</gpxtpx:cad></gpxtpx:TrackPointExtension></extensions>
    </trkpt>
    <trkpt lat="45.506326" lon="-122.596505">
      <ele>200.0</ele>
      <time>2024-03-12T07:46:36.000Z</time>
      <extensions><gpxtpx:TrackPointExtension><gpxtpx:hr>129</gpxtpx:hr><gpxtpx:cad>85</gpxtpx:cad></gpxtpx:TrackPointExtension></extensions>
    </trkpt>
    <trkpt lat="45.506325" lon="-122.596419">
      <ele>200.0</ele>
      <time>2024-03-12T07:46:37.000Z</time>
      <extensions><gpxtpx:TrackPointExtension><gpxtpx:hr>133</gpxtpx:hr><gpxtpx:cad>80</gpxtpx:cad></gpxtpx:TrackPointExtension></extensions>
    </trkpt>
    <trkpt lat="45.506324" lon="-122.596334">
      <ele>200.0</ele>
      <time>2024-03-12T07:46:38.000Z</time>
      <extensions><gpxtpx:TrackPointExtension><gpxtpx:hr>130</gpxtpx:hr><gpxtpx:cad>83</gpxtpx:cad></gpxtpx:TrackPointExtension></extensions>
    </trkpt>
    <trkpt lat="45.506323" lon="-122.596248">
      <ele>200.0</ele>
      <time>2024-03-12T07:46:39.000Z</time>
      <extensions><gpxtpx:TrackPointExtension><gpxtpx:hr>134</gpxtpx:hr><gpxtpx:cad>84</gpxtpx:cad></gpxtpx:TrackPointExtension></extensions>
    </trkpt>
    <trkpt lat="45.506322" lon="-122.596163">
      <ele>200.0</ele>
      <time>2024-03-12T07:46:40.000Z</time>
      <extensions><gpxtpx:TrackPointExtension><gpxtpx:hr>135</gpxtpx:hr><gpxtpx:cad>80</gpxtpx:cad></gpxtpx:TrackPointExtension></extensions>
    </trkpt>
    <trkpt lat="45.506321" lon="-122.596078">
      <ele>200.0</ele>
      <time>2024-03-12T07:46:41.000Z</time>
      <extensions><gpxtpx:TrackPointExtension><gpxtpx:hr>133</gpxtpx:hr><gpxtpx:cad>83</gpxtpx:cad></gpxtpx:TrackPointExtension></extensions>
    </trkpt>
    <trkpt lat="45.506321" lon="-122.595992">
      <ele>200.0</ele>
      <time>2024-03-12T07:46:42.000Z</time>
      <extensions><gpxtpx:TrackPointExtension><gpxtpx:hr>136</gpxtpx:hr><gpxtpx:cad>82</gpxtpx:cad></gpxtpx:TrackPointExtension></extensions>
    </trkpt>
    <trkpt lat="45.506321" lon="-122.595907">
      <ele>200.0</ele>
      <time>2024-03-12T07:46:43.000Z</time>
      <extensions><gpxtpx:TrackPointExtension><gpxtpx:hr>134</gpxtpx:hr><gpxtpx:cad>78</gpxtpx:cad></gpxtpx:TrackPointExtension></extensions>
    </trkpt>
    <trkpt lat="45.506321" lon="-122.595821">
      <ele>200.0</ele>
      <time>2024-03-12T07:46:44.000Z</time>
      <extensions><gpxtpx:TrackPointExtension><gpxtpx:hr>133</gpxtpx:hr><gpxtpx:cad>86</gpxtpx:cad></gpxtpx:TrackPointExtension></extensions>
    </trkpt>
    <trkpt lat="45.506321" lon="-122.595736">
      <ele>200.0</ele>
      <time>2024-03-12T07:46:45.000Z</time>
      <extensions><gpxtpx:TrackPointExtension><gpxtpx:hr>137</gpxtpx:hr><gpxtpx:cad>82</gpxtpx:cad></gpxtpx:TrackPointExtension></extensions>
    </trkpt>
    <trkpt lat="45.506322" lon="-122.595650">
      <ele>200.0</ele>
      <time>2024-03-12T07:46:46.000Z</time>
      <extensions><gpxtpx:TrackPointExtension><gpxtpx:hr>131</gpxtpx:hr><gpxtpx:cad>78</gpxtpx:cad></gpxtpx:TrackPointExtension></extensions>
    </trkpt>
    <trkpt lat="45.506323" lon="-122.595565">
      <ele>200.0</ele>
      <time>2024-03-12T07:46:47.000Z</time>
      <extensions><gpxtpx:TrackPointExtension><gpxtpx:hr>131</gpxtpx:hr><gpxtpx:cad>86</gpxtpx:cad></gpxtpx:TrackPointExtension></extensions>
    </trkpt>
    <trkpt lat="45.506324" lon="-122.595479">
      <ele>200.0</ele>
      <time>2024-03-12T07:46:48.000Z</time>
      <extensions><gpxtpx:TrackPointExtension><gpxtpx:hr>136</gpxtpx:hr><gpxtpx:cad>78</gpxtpx:cad></gpxtpx:TrackPointExtension></extensions>
    </trkpt>
    <trkpt lat="45.506325" lon="-122.595394">
      <ele>200.0</ele>
      <time>2024-03-12T07:46:49.000Z</time>
      <extensions><gpxtpx:TrackPointExtension><gpxtpx:hr>131</gpxtpx:hr><gpxtpx:cad>82</gpxtpx:cad></gpxtpx:TrackPointExtension></extensions>
    </trkpt>
    <trkpt lat="45.506327" lon="-122.595309">
      <ele>200.0</ele>
      <time>2024-03-12T07:46:50.000Z</time>
      <extensions><gpxtpx:TrackPointExtension><gpxtpx:hr>133</gpxtpx:hr><gpxtpx:cad>78</gpxtpx:cad></gpxtpx:TrackPointExtension></extensions>
    </trkpt>
    <trkpt lat="45.506329" lon="-122.595223">
      <ele>200.0</ele>
      <time>2024-03-12T07:46:51.000Z</time>
      <extensions><gpxtpx:TrackPointExtension><gpxtpx:hr>136</gpxtpx:hr><gpxtpx:cad>81</gpxtpx:cad></gpxtpx:TrackPointExtension></extensions>
    </trkpt>
    <trkpt lat="45.506331" lon="-122.595138">
      <ele>200.0</ele>
      <time>2024-03-12T07:46:52.000Z</time>
      <extensions><gpxtpx:TrackPointExtension><gpxtpx:hr>133</gpxtpx:hr><gpxtpx:cad>84</gpxtpx:cad></gpxtpx:TrackPointExtension></extensions>
    </trkpt>
    <trkpt lat="45.506333" lon="-122.595052">
      <ele>200.0</ele>
      <time>2024-03-12T07:46:53.000Z</time>
      <extensions><gpxtpx:TrackPointExtension><gpxtpx:hr>135</gpxtpx:hr><gpxtpx:cad>86</gpxtpx:cad></gpxtpx:TrackPointExtension></extensions>
    </trkpt>
    <trkpt lat="45.506336" lon="-122.594967">
      <ele>200.0</ele>
      <time>2024-03-12T07:46:54.000Z</time>
      <extensions><gpxtpx:TrackPointExtension><gpxtpx:hr>135</gpxtpx:hr><gpxtpx:cad>87</gpxtpx:cad></gpxtpx:TrackPointExtension></extensions>
    </trkpt>
    <trkpt lat="45.506338" lon="-122.594882">
      <ele>200.0</ele>
      <time>2024-03-12T07:46:55.000Z</time>
      <extensions><gpxtpx:TrackPointExtension><gpxtpx:hr>136</gpxtpx:hr><gpxtpx:cad>79</gpxtpx:cad></gpxtpx:TrackPointExtension></extensions>
    </trkpt>
    <trkpt lat="45.506341" lon="-122.594796">
      <ele>200.0</ele>
      <time>2024-03-12T07:46:56.000Z</time>
      <extensions><gpxtpx:TrackPointExtension><gpxtpx:hr>130</gpxtpx:hr><gpxtpx:cad>79</gpxtpx:cad></gpxtpx:TrackPointExtension></extensions>
    </trkpt>
    <trkpt lat="45.506345" lon="-122.594711">
      <ele>200.0</ele>
      <time>2024-03-12T07:46:57.000Z</time>
      <extensions><gpxtpx:TrackPointExtension><gpxtpx:hr>132</gpxtpx:hr><gpxtpx:cad>79</gpxtpx:cad></gpxtpx:TrackPointExtension></extensions>
    </trkpt>
    <trkpt lat="45.506348" lon="-122.594626">
      <ele>200.0</ele>
      <time>2024-03-12T07:46:58.000Z</time>
      <extensions><gpxtpx:TrackPointExtension><gpxtpx:hr>135</gpxtpx:hr><gpxtpx:cad>83</gpxtpx:cad></gpxtpx:TrackPointExtension></extensions>
    </trkpt>
    <trkpt lat="45.506352" lon="-122.594540">
      <ele>200.0</ele>
      <time>2024-03-12T07:46:59.000Z</time>
      <extensions><gpxtpx:TrackPointExtension><gpxtpx:hr>133</gpxtpx:hr><gpxtpx:cad>77</gpxtpx:cad></gpxtpx:TrackPointExtension></extensions>
    </trkpt>
    <trkpt lat="45.506356" lon="-122.594455">
      <ele>200.0</ele>
      <time>2024-03-12T07:47:00.000Z</time>
      <extensions><gpxtpx:TrackPointExtension><gpxtpx:hr>131</gpxtpx:hr><gpxtpx:cad>80</gpxtpx:cad></gpxtpx:TrackPointExtension></extensions>
    </trkpt>
    <trkpt lat="45.506360" lon="-122.594370">
      <ele>200.0</ele>
      <time>2024-03-12T07:47:01.000Z</time>
      <extensions><gpxtpx:TrackPointExtension><gpxtpx:hr>130</gpxtpx:hr><gpxtpx:cad>80</gpxtpx:cad></gpxtpx:TrackPointExtension></extensions>
    </trkpt>
    <trkpt lat="45.506364" lon="-122.594285">
      <ele>200.0</ele>
      <time>2024-03-12T07:47:02.000Z</time>
      <extensions><gpxtpx:TrackPointExtension><gpxtpx:hr>131</gpxtpx:hr><gpxtpx:cad>82</gpxtpx:cad></gpxtpx:TrackPointExtension></extensions>
    </trkpt>
    <trkpt lat="45.506369" lon="-122.594199">
      <ele>200.0</ele>
      <time>2024-03-12T07:47:03.000Z</time>
      <extensions><gpxtpx:TrackPointExtension><gpxtpx:hr>135</gpxtpx:hr><gpxtpx:cad>86</gpxtpx:cad></gpxtpx:TrackPointExtension></extensions>
    </trkpt>
    <trkpt lat="45.506374" lon="-122.594114">
      <ele>200.0</ele>
      <time>2024-03-12T07:47:04.000Z</time>
      <extensions><gpxtpx:TrackPointExtension><gpxtpx:hr>135</gpxtpx:hr><gpxtpx:cad>82</gpxtpx:cad></gpxtpx:TrackPointExtension></extensions>
    </trkpt>
    <trkpt lat="45.506379" lon="-122.594029">
      <ele>200.0</ele>
      <time>2024-03-12T07:47:05.000Z</time>
      <extensions><gpxtpx:TrackPointExtension><gpxtpx:hr>130</gpxtpx:hr><gpxtpx:cad>84</gpxtpx:cad></gpxtpx:TrackPointExtension></extensions>
    </trkpt>
    <trkpt lat="45.506384" lon="-122.593944">
      <ele>200.0</ele>
      <time>2024-03-12T07:47:06.000Z</time>
      <extensions><gpxtpx:TrackPointExtension><gpxtpx:hr>132</gpxtpx:hr><gpxtpx:cad>81</gpxtpx:cad></gpxtpx:TrackPointExtension></extensions>
    </trkpt>
    <trkpt lat="45.506390" lon="-122.593859">
      <ele>200.0</ele>
      <time>2024-03-12T07:47:07.000Z</time>
      <extensions><gpxtpx:TrackPointExtension><gpxtpx:hr>137</gpxtpx:hr><gpxtpx:cad>82</gpxtpx:cad></gpxtpx:TrackPointExtension></extensions>
    </trkpt>
    <trkpt lat="45.506396" lon="-122.593774">
      <ele>200.0</ele>
      <time>2024-03-12T07:47:08.000Z</time>
      <extensions><gpxtpx:TrackPointExtension><gpxtpx:hr>135</gpxtpx:hr><gpxtpx:cad>78</gpxtpx:cad></gpxtpx:TrackPointExtension></extensions>
    </trkpt>
    <trkpt lat="45.506402" lon="-122.593689">
      <ele>200.0</ele>
      <time>2024-03-12T07:47:09.000Z</time>
      <extensions><gpxtpx:TrackPointExtension><gpxtpx:hr>137</gpxtpx:hr><gpxtpx:cad>78</gpxtpx:cad></gpxtpx:TrackPointExtension></extensions>
    </trkpt>
    <trkpt lat="45.506408" lon="-122.593604">
      <ele>200.0</ele>
      <time>2024-03-12T07:47:10.000Z</time>
      <extensions><gpxtpx:TrackPointExtension><gpxtpx:hr>134</gpxtpx:hr><gpxtpx:cad>87</gpxtpx:cad></gpxtpx:TrackPointExtension></extensions>
    </trkpt>
    <trkpt lat="45.506415" lon="-122.593519">
      <ele>200.0</ele>
      <time>2024-03-12T07:47:11.000Z</time>
      <extensions><gpxtpx:TrackPointExtension><gpxtpx:hr>136</gpxtpx:hr><gpxtpx:cad>85</gpxtpx:cad></gpxtpx:TrackPointExtension></extensions>
    </trkpt>
    <trkpt lat="45.506421" lon="-122.593434">
      <ele>200.0</ele>
      <time>2024-03-12T07:47:12.000Z</time>
      <extensions><gpxtpx:TrackPointExtension><gpxtpx:hr>133</gpxtpx:hr><gpxtpx:cad>81</gpxtpx:cad></gpxtpx:TrackPointExtension></extensions>
    </trkpt>
    <trkpt lat="45.506428" lon="-122.593349">
      <ele>200.0</ele>
      <time>2024-03-12T07:47:13.000Z</time>
      <extensions><gpxtpx:TrackPointExtension><gpxtpx:hr>132</gpxtpx:hr><gpxtpx:cad>83</gpxtpx:cad></gpxtpx:TrackPointExtension></extensions>
    </trkpt>
    <trkpt lat="45.506436" lon="-122.593264">
      <ele>200.0</ele>
      <time>2024-03-12T07:47:14.000Z</time>
      <extensions><gpxtpx:TrackPointExtension><gpxtpx:hr>132</gpxtpx:hr><gpxtpx:cad>84</gpxtpx:cad></gpxtpx:TrackPointExtension></extensions>
    </trkpt>
    <trkpt lat="45.506443" lon="-122.593180">
      <ele>200.0</ele>
      <time>2024-03-12T07:47:15.000Z</time>
      <extensions><gpxtpx:TrackPointExtension><gpxtpx:hr>132</gpxtpx:hr><gpxtpx:cad>83</gpxtpx:cad></gpxtpx:TrackPointExtension></extensions>
    </trkpt>
    <trkpt lat="45.506451" lon="-122.593095">
      <ele>200.0</ele>
      <time>2024-03-12T07:47:16.000Z</time>
      <extensions><gpxtpx:TrackPointExtension><gpxtpx:hr>135</gpxtpx:hr><gpxtpx:cad>81</gpxtpx:cad></gpxtpx:TrackPointExtension></extensions>
    </trkpt>
    <trkpt lat="45.506459" lon="-122.593010">
      <ele>200.0</ele>
      <time>2024-03-12T07:47:17.000Z</time>
      <extensions><gpxtpx:TrackPointExtension><gpxtpx:hr>137</gpxtpx:hr><gpxtpx:cad>87</gpxtpx:cad></gpxtpx:TrackPointExtension></extensions>
    </trkpt>
    <trkpt lat="45.506467" lon="-122.592925">
      <ele>200.0</ele>
      <time>2024-03-12T07:47:18.000Z</time>
      <extensions><gpxtpx:TrackPointExtension><gpxtpx:hr>135</gpxtpx:hr><gpxtpx:cad>81</gpxtpx:cad></gpxtpx:TrackPointExtension></extensions>
    </trkpt>
    <trkpt lat="45.506475" lon="-122.592841">
      <ele>200.0</ele>
      <time>2024-03-12T07:47:19.000Z</time>
      <extensions><gpxtpx:TrackPointExtension><gpxtpx:hr>132</gpxtpx:hr><gpxtpx:cad>84</gpxtpx:cad></gpxtpx:TrackPointExtension></extensions>
    </trkpt>
    <trkpt lat="45.506484" lon="-122.592756">
      <ele>200.0</ele>
      <time>2024-03-12T07:47:20.000Z</time>
      <extensions><gpxtpx:TrackPointExtension><gpxtpx:hr>133</gpxtpx:hr><gpxtpx:cad>84</gpxtpx:cad></gpxtpx:TrackPointExtension></extensions>
    </trkpt>
    <trkpt lat="45.506493" lon="-122.592672">
      <ele>200.0</ele>
      <time>2024-03-12T07:47:21.000Z</time>
      <extensions><gpxtpx:TrackPointExtension><gpxtpx:hr>131</gpxtpx:hr><gpxtpx:cad>86</gpxtpx:cad></gpxtpx:TrackPointExtension></extensions>
    </trkpt>
    <trkpt lat="45.506502" lon="-122.592587">
      <ele>200.0</ele>
      <time>2024-03-12T07:47:22.000Z</time>
      <extensions><gpxtpx:TrackPointExtension><gpxtpx:hr>130</gpxtpx:hr><gpxtpx:cad>87</gpxtpx:cad></gpxtpx:TrackPointExtension></extensions>
    </trkpt>
    <trkpt lat="45.506511" lon="-122.592503">
      <ele>200.0</ele>
      <time>2024-03-12T07:47:23.000Z</time>
      <extensions><gpxtpx:TrackPointExtension><gpxtpx:hr>132</gpxtpx:hr><gpxtpx:cad>87</gpxtpx:cad></gpxtpx:TrackPointExtension></extensions>
    </trkpt>
    <trkpt lat="45.506521" lon="-122.592418">
      <ele>200.0</ele>
      <time>2024-03-12T07:47:24.000Z</time>
      <extensions><gpxtpx:TrackPointExtension><gpxtpx:hr>129</gpxtpx:hr><gpxtpx:cad>79</gpxtpx:cad></gpxtpx:TrackPointExtension></extensions>
    </trkpt>
    <trkpt lat="45.506530" lon="-122.592334">
      <ele>200.0</ele>
      <time>2024-03-12T07:47:25.000Z</time>
      <extensions><gpxtpx:TrackPointExtension><gpxtpx:hr>132</gpxtpx:hr><gpxtpx:cad>80</gpxtpx:cad></gpxtpx:TrackPointExtension></extensions>
    </trkpt>
    <trkpt lat="45.506540" lon="-122.592250">
      <ele>200.0</ele>
      <time>2024-03-12T07:47:26.000Z</time>
      <extensions><gpxtpx:TrackPointExtension><gpxtpx:hr>136</gpxtpx:hr><gpxtpx:cad>81</gpxtpx:cad></gpxtpx:TrackPointExtension></extensions>
    </trkpt>
    <trkpt lat="45.506550" lon="-122.592166">
      <ele>200.0</ele>
      <time>2024-03-12T07:47:27.000Z</time>
      <extensions><gpxtpx:TrackPointExtension><gpxtpx:hr>136</gpxtpx:hr><gpxtpx:cad>84</gpxtpx:cad></gpxtpx:TrackPointExtension></extensions>
    </trkpt>
    <trkpt lat="45.506561" lon="-122.592082">
      <ele>200.0</ele>
      <time>2024-03-12T07:47:28.000Z</time>
      <extensions><gpxtpx:TrackPointExtension><gpxtpx:hr>134</gpxtpx:hr><gpxtpx:cad>87</gpxtpx:cad></gpxtpx:TrackPointExtension></extensions>
    </trkpt>
    <trkpt lat="45.506571" lon="-122.591997">
      <ele>200.0</ele>
      <time>2024-03-12T07:47:29.000Z</time>
      <extensions><gpxtpx:TrackPointExtension><gpxtpx:hr>132</gpxtpx:hr><gpxtpx:cad>85</gpxtpx:cad></gpxtpx:TrackPointExtension></extensions>
    </trkpt>
    <trkpt lat="45.506582" lon="-122.591913">
      <ele>200.0</ele>
      <time>2024-03-12T07:47:30.000Z</time>
      <extensions><gpxtpx:TrackPointExtension><gpxtpx:hr>131</gpxtpx:hr><gpxtpx:cad>81</gpxtpx:cad></gpxtpx:TrackPointExtension></extensions>
    </trkpt>
    <trkpt lat="45.506593" lon="-122.591829">
      <ele>200.0</ele>
      <time>2024-03-12T07:47:31.000Z</time>
      <extensions><gpxtpx:TrackPointExtension><gpxtpx:hr>135</gpxtpx:hr><gpxtpx:cad>85</gpxtpx:cad></gpxtpx:TrackPointExtension></extensions>
    </trkpt>
    <trkpt lat="45.506605" lon="-122.591746">
      <ele>200.0</ele>
      <time>2024-03-12T07:47:32.000Z</time>
      <extensions><gpxtpx:TrackPointExtension><gpxtpx:hr>135</gpxtpx:hr><gpxtpx:cad>87</gpxtpx:cad></gpxtpx:TrackPointExtension></extensions>
    </trkpt>
    <trkpt lat="45.506616" lon="-122.591662">
      <ele>200.0</ele>
      <time>2024-03-12T07:47:33.000Z</time>
      <extensions><gpxtpx:TrackPointExtension><gpxtpx:hr>133</gpxtpx:hr><gpxtpx:cad>86</gpxtpx:cad></gpxtpx:TrackPointExtension></extensions>
    </trkpt>
    <trkpt lat="45.506628" lon="-122.591578">
      <ele>200.0</ele>
      <time>2024-03-12T07:47:34.000Z</time>
      <extensions><gpxtpx:TrackPointExtension><gpxtpx:hr>134</gpxtpx:hr><gpxtpx:cad>84</gpxtpx:cad></gpxtpx:TrackPointExtension></extensions>
    </trkpt>
    <trkpt lat="45.506640" lon="-122.591494">
      <ele>200.0</ele>
      <time>2024-03-12T07:47:35.000Z</time>
      <extensions><gpxtpx:TrackPointExtension><gpxtpx:hr>132</gpxtpx:hr><gpxtpx:cad>80</gpxtpx:cad></gpxtpx:TrackPointExtension></extensions>
    </trkpt>
    <trkpt lat="45.506652" lon="-122.591410">
      <ele>200.0</ele>
      <time>2024-03-12T07:47:36.000Z</time>
      <extensions><gpxtpx:TrackPointExtension><gpxtpx:hr>137</gpxtpx:hr><gpxtpx:cad>82</gpxtpx:cad></gpxtpx:TrackPointExtension></extensions>
    </trkpt>
    <trkpt lat="45.506665" lon="-122.591327">
      <ele>200.0</ele>
      <time>2024-03-12T07:47:37.000Z</time>
      <extensions><gpxtpx:TrackPointExtension><gpxtpx:hr>130</gpxtpx:hr><gpxtpx:cad>84</gpxtpx:cad></gpxtpx:TrackPointExtension></extensions>
    </trkpt>
    <trkpt lat="45.506677" lon="-122.591243">
      <ele>200.0</ele>
      <time>2024-03-12T07:47:38.000Z</time>
      <extensions><gpxtpx:TrackPointExtension><gpxtpx:hr>131</gpxtpx:hr><gpxtpx:cad>77</gpxtpx:cad></gpxtpx:TrackPointExtension></extensions>
    </trkpt>
    <trkpt lat="45.506690" lon="-122.591160">
      <ele>200.0</ele>
      <time>2024-03-12T07:47:39.000Z</time>
      <extensions><gpxtpx:TrackPointExtension><gpxtpx:hr>134</gpxtpx:hr><gpxtpx:cad>80</gpxtpx:cad></gpxtpx:TrackPointExtension></extensions>
    </trkpt>
    <trkpt lat="45.506703" lon="-122.591076">
      <ele>200.0</ele>
      <time>2024-03-12T07:47:40.000Z</time>
      <extensions><gpxtpx:TrackPointExtension><gpxtpx:hr>132</gpxtpx:hr><gpxtpx:cad>86</gpxtpx:cad></gpxtpx:TrackPointExtension></extensions>
    </trkpt>
    <trkpt lat="45.506716" lon="-122.590993">
      <ele>200.0</ele>
      <time>2024-03-12T07:47:41.000Z</time>
      <extensions><gpxtpx:TrackPointExtension><gpxtpx:hr>134</gpxtpx:hr><gpxtpx:cad>83</gpxtpx:cad></gpxtpx:TrackPointExtension></extensions>
    </trkpt>
    <trkpt lat="45.506730" lon="-122.590910">
      <ele>200.0</ele>
      <time>2024-03-12T07:47:42.000Z</time>
      <extensions><gpxtpx:TrackPointExtension><gpxtpx:hr>131</gpxtpx:hr><gpxtpx:cad>81</gpxtpx:cad></gpxtpx:TrackPointExtension></extensions>
    </trkpt>
    <trkpt lat="45.506744" lon="-122.590827">
      <ele>200.0</ele>
      <time>2024-03-12T07:47:43.000Z</time>
      <extensions><gpxtpx:TrackPointExtension><gpxtpx:hr>130</gpxtpx:hr><gpxtpx:cad>79</gpxtpx:cad></gpxtpx:TrackPointExtension></extensions>
    </trkpt>
    <trkpt lat="45.506757" lon="-122.590744">
      <ele>200.0</ele>
      <time>2024-03-12T07:47:44.000Z</time>
      <extensions><gpxtpx:TrackPointExtension><gpxtpx:hr>131</gpxtpx:hr><gpxtpx:cad>85</gpxtpx:cad></gpxtpx:TrackPointExtension></extensions>
    </trkpt>
    <trkpt lat="45.506772" lon="-122.590661">
      <ele>200.0</ele>
      <time>2024-03-12T07:47:45.000Z</time>
      <extensions><gpxtpx:TrackPointExtension><gpxtpx:hr>132</gpxtpx:hr><gpxtpx:cad>83</gpxtpx:cad></gpxtpx:TrackPointExtension></extensions>
    </trkpt>
    <trkpt lat="45.506786" lon="-122.590578">
      <ele>200.0</ele>
      <time>2024-03-12T07:47:46.000Z</time>
      <extensions><gpxtpx:TrackPointExtension><gpxtpx:hr>133</gpxtpx:hr><gpxtpx:cad>81</gpxtpx:cad></gpxtpx:TrackPointExtension></extensions>
    </trkpt>
    <trkpt lat="45.506800" lon="-122.590495">
      <ele>200.0</ele>
      <time>2024-03-12T07:47:47.000Z</time>
      <extensions><gpxtpx:TrackPointExtension><gpxtpx:hr>134</gpxtpx:hr><gpxtpx:cad>82</gpxtpx:cad></gpxtpx:TrackPointExtension></extensions>
    </trkpt>
    <trkpt lat="45.506815" lon="-122.590412">
      <ele>200.0</ele>
      <time>2024-03-12T07:47:48.000Z</time>
      <extensions><gpxtpx:TrackPointExtension><gpxtpx:hr>136</gpxtpx:hr><gpxtpx:cad>82</gpxtpx:cad></gpxtpx:TrackPointExtension></extensions>
    </trkpt>
    <trkpt lat="45.506830" lon="-122.590329">
      <ele>200.0</ele>
      <time>2024-03-12T07:47:49.000Z</time>
      <extensions><gpxtpx:TrackPointExtension><gpxtpx:hr>136</gpxtpx:hr><gpxtpx:cad>80</gpxtpx:cad></gpxtpx:TrackPointExtension></extensions>
    </trkpt>
    <trkpt lat="45.506845" lon="-122.590246">
      <ele>200.0</ele>
      <time>2024-03-12T07:47:50.000Z</time>
      <extensions><gpxtpx:TrackPointExtension><gpxtpx:hr>131</gpxtpx:hr><gpxtpx:cad>83</gpxtpx:cad></gpxtpx:TrackPointExtension></extensions>
    </trkpt>
    <trkpt lat="45.506861" lon="-122.590164">
      <ele>200.0</ele>
      <time>2024-03-12T07:47:51.000Z</time>
      <extensions><gpxtpx:TrackPointExtension><gpxtpx:hr>131</gpxtpx:hr><gpxtpx:cad>80</gpxtpx:cad></gpxtpx:TrackPointExtension></extensions>
    </trkpt>
    <trkpt lat="45.506876" lon="-122.590081">
      <ele>200.0</ele>
      <time>2024-03-12T07:47:52.000Z</time>
      <extensions><gpxtpx:TrackPointExtension><gpxtpx:hr>130</gpxtpx:hr><gpxtpx:cad>78</gpxtpx:cad></gpxtpx:TrackPointExtension></extensions>
    </trkpt>
    <trkpt lat="45.506892" lon="-122.589999">
      <ele>200.0</ele>
      <time>2024-03-12T07:47:53.000Z</time>
      <extensions><gpxtpx:TrackPointExtension><gpxtpx:hr>135</gpxtpx:hr><gpxtpx:cad>83</gpxtpx:cad></gpxtpx:TrackPointExtension></extensions>
    </trkpt>
    <trkpt lat="45.506908" lon="-122.589917">
      <ele>200.0</ele>
      <time>2024-03-12T07:47:54.000Z</time>
      <extensions><gpxtpx:TrackPointExtension><gpxtpx:hr>133</gpxtpx:hr><gpxtpx:cad>78</gpxtpx:cad></gpxtpx:TrackPointExtension></extensions>
    </trkpt>
    <trkpt lat="45.506924" lon="-122.589834">
      <ele>200.0</ele>
      <time>2024-03-12T07:47:55.000Z</time>
      <extensions><gpxtpx:TrackPointExtension><gpxtpx:hr>132</gpxtpx:hr><gpxtpx:cad>81</gpxtpx:cad></gpxtpx:TrackPointExtension></extensions>
    </trkpt>
    <trkpt lat="45.506941" lon="-122.589752">
      <ele>200.0</ele>
      <time>2024-03-12T07:47:56.000Z</time>
      <extensions><gpxtpx:TrackPointExtension><gpxtpx:hr>135</gpxtpx:hr><gpxtpx:cad>81</gpxtpx:cad></gpxtpx:TrackPointExtension></extensions>
    </trkpt>
    <trkpt lat="45.506957" lon="-122.589670">
      <ele>200.0</ele>
      <time>2024-03-12T07:47:57.000Z</time>
      <extensions><gpxtpx:TrackPointExtension><gpxtpx:hr>132</gpxtpx:hr><gpxtpx:cad>80</gpxtpx:cad></gpxtpx:TrackPointExtension></extensions>
    </trkpt>
    <trkpt lat="45.506974" lon="-122.589588">
      <ele>200.0</ele>
      <time>2024-03-12T07:47:58.000Z</time>
      <extensions><gpxtpx:TrackPointExtension><gpxtpx:hr>132</gpxtpx:hr><gpxtpx:cad>80</gpxtpx:cad></gpxtpx:TrackPointExtension></extensions>
    </trkpt>
    <trkpt lat="45.506991" lon="-122.589506">
      <ele>200.0</ele>
      <time>2024-03-12T07:47:59.000Z</time>
      <extensions><gpxtpx:TrackPointExtension><gpxtpx:hr>134</gpxtpx:hr><gpxtpx:cad>80</gpxtpx:cad></gpxtpx:TrackPointExtension></extensions>
    </trkpt>
    <trkpt lat="45.507008" lon="-122.589424">
      <ele>200.0</ele>
      <time>2024-03-12T07:48:00.000Z</time>
      <extensions><gpxtpx:TrackPointExtension><gpxtpx:hr>137</gpxtpx:hr><gpxtpx:cad>85</gpxtpx:cad></gpxtpx:TrackPointExtension></extensions>
    </trkpt>
    <trkpt lat="45.507026" lon="-122.589342">
      <ele>200.0</ele>
      <time>2024-03-12T07:48:01.000Z</time>
      <extensions><gpxtpx:TrackPointExtension><gpxtpx:hr>136</gpxtpx:hr><gpxtpx:cad>84</gpxtpx:cad></gpxtpx:TrackPointExtension></extensions>
    </trkpt>
    <trkpt lat="45.507043" lon="-122.589261">
      <ele>200.0</ele>
      <time>2024-03-12T07:48:02.000Z</time>
      <extensions><gpxtpx:TrackPointExtension><gpxtpx:hr>131</gpxtpx:hr><gpxtpx:cad>86</gpxtpx:cad></gpxtpx:TrackPointExtension></extensions>
    </trkpt>
    <trkpt lat="45.507061" lon="-122.589179">
      <ele>200.0</ele>
      <time>2024-03-12T07:48:03.000Z</time>
      <extensions><gpxtpx:TrackPointExtension><gpxtpx:hr>133</gpxtpx:hr><gpxtpx:cad>82</gpxtpx:cad></gpxtpx:TrackPointExtension></extensions>
    </trkpt>
    <trkpt lat="45.507079" lon="-122.589098">
      <ele>200.0</ele>
      <time>2024-03-12T07:48:04.000Z</time>
      <extensions><gpxtpx:TrackPointExtension><gpxtpx:hr>131</gpxtpx:hr><gpxtpx:cad>83</gpxtpx:cad></gpxtpx:TrackPointExtension></extensions>
    </trkpt>
    <trkpt lat="45.507097" lon="-122.589016">
      <ele>200.0</ele>
      <time>2024-03-12T07:48:05.000Z</time>
      <extensions><gpxtpx:TrackPointExtension><gpxtpx:hr>136</gpxtpx:hr><gpxtpx:cad>81</gpxtpx:cad></gpxtpx:TrackPointExtension></extensions>
    </trkpt>
    <trkpt lat="45.507116" lon="-122.588935">
      <ele>200.0</ele>
      <time>2024-03-12T07:48:06.000Z</time>
      <extensions><gpxtpx:TrackPointExtension><gpxtpx:hr>132</gpxtpx:hr><gpxtpx:cad>78</gpxtpx:cad></gpxtpx:TrackPointExtension></extensions>
    </trkpt>
    <trkpt lat="45.507134" lon="-122.588854">
      <ele>200.0</ele>
      <time>2024-03-12T07:48:07.000Z</time>
      <extensions><gpxtpx:TrackPointExtension><gpxtpx:hr>137</gpxtpx:hr><gpxtpx:cad>82</gpxtpx:cad></gpxtpx:TrackPointExtension></extensions>
    </trkpt>
    <trkpt lat="45.507153" lon="-122.588772">
      <ele>200.0</ele>
      <time>2024-03-12T07:48:08.000Z</time>
      <extensions><gpxtpx:TrackPointExtension><gpxtpx:hr>131</gpxtpx:hr><gpxtpx:cad>79</gpxtpx:cad></gpxtpx:TrackPointExtension></extensions>
    </trkpt>
    <trkpt lat="45.507172" lon="-122.588691">
      <ele>200.0</ele>
      <time>2024-03-12T07:48:09.000Z</time>
      <extensions><gpxtpx:TrackPointExtension><gpxtpx:hr>132</gpxtpx:hr><gpxtpx:cad>81</gpxtpx:cad></gpxtpx:TrackPointExtension></extensions>
    </trkpt>
    <trkpt lat="45.507191" lon="-122.588610">
      <ele>200.0</ele>
      <time>2024-03-12T07:48:10.000Z</time>
      <extensions><gpxtpx:TrackPointExtension><gpxtpx:hr>137</gpxtpx:hr><gpxtpx:cad>86</gpxtpx:cad></gpxtpx:TrackPointExtension></extensions>
    </trkpt>
    <trkpt lat="45.507210" lon="-122.588530">
      <ele>200.0</ele>
      <time>2024-03-12T07:48:11.000Z</time>
      <extensions><gpxtpx:TrackPointExtension><gpxtpx:hr>135</gpxtpx:hr><gpxtpx:cad>83</gpxtpx:cad></gpxtpx:TrackPointExtension></extensions>
    </trkpt>
    <trkpt lat="45.507230" lon="-122.588449">
      <ele>200.0</ele>
      <time>2024-03-12T07:48:12.000Z</time>
      <extensions><gpxtpx:TrackPointExtension><gpxtpx:hr>130</gpxtpx:hr><gpxtpx:cad>81</gpxtpx:cad></gpxtpx:TrackPointExtension></extensions>
    </trkpt>
    <trkpt lat="45.507249" lon="-122.588368">
      <ele>200.0</ele>
      <time>2024-03-12T07:48:13.000Z</time>
      <extensions><gpxtpx:TrackPointExtension><gpxtpx:hr>135</gpxtpx:hr><gpxtpx:cad>83</gpxtpx:cad></gpxtpx:TrackPointExtension></extensions>
    </trkpt>
    <trkpt lat="45.507269" lon="-122.588287">
      <ele>200.0</ele>
      <time>2024-03-12T07:48:14.000Z</time>
      <extensions><gpxtpx:TrackPointExtension><gpxtpx:hr>131</gpxtpx:hr><gpxtpx:cad>84</gpxtpx:cad></gpxtpx:TrackPointExtension></extensions>
    </trkpt>
    <trkpt lat="45.507289" lon="-122.588207">
      <ele>200.0</ele>
      <time>2024-03-12T07:48:15.000Z</time>
      <extensions><gpxtpx:TrackPointExtension><gpxtpx:hr>131</gpxtpx:hr><gpxtpx:cad>83</gpxtpx:cad></gpxtpx:TrackPointExtension></extensions>
    </trkpt>
    <trkpt lat="45.507310" lon="-122.588127">
      <ele>200.0</ele>
      <time>2024-03-12T07:48:16.000Z</time>
      <extensions><gpxtpx:TrackPointExtension><gpxtpx:hr>132</gpxtpx:hr><gpxtpx:cad>86</gpxtpx:cad></gpxtpx:TrackPointExtension></extensions>
    </trkpt>
    <trkpt lat="45.507330" lon="-122.588046">
      <ele>200.0</ele>
      <time>2024-03-12T07:48:17.000Z</time>
      <extensions><gpxtpx:TrackPointExtension><gpxtpx:hr>137</gpxtpx:hr><gpxtpx:cad>80</gpxtpx:cad></gpxtpx:TrackPointExtension></extensions>
    </trkpt>
    <trkpt lat="45.507351" lon="-122.587966">
      <ele>200.0</ele>
      <time>2024-03-12T07:48:18.000Z</time>
      <extensions><gpxtpx:TrackPointExtension><gpxtpx:hr>137</gpxtpx:hr><gpxtpx:cad>87</gpxtpx:cad></gpxtpx:TrackPointExtension></extensions>
    </trkpt>
    <trkpt lat="45.507371" lon="-122.587886">
      <ele>200.0</ele>
      <time>2024-03-12T07:48:19.000Z</time>
      <extensions><gpxtpx:TrackPointExtension><gpxtpx:hr>132</gpxtpx:hr><gpxtpx:cad>80</gpxtpx:cad></gpxtpx:TrackPointExtension></extensions>
    </trkpt>
    <trkpt lat="45.507392" lon="-122.587806">
      <ele>200.0</ele>
      <time>2024-03-12T07:48:20.000Z</time>
      <extensions><gpxtpx:TrackPointExtension><gpxtpx:hr>132</gpxtpx:hr><gpxtpx:cad>84</gpxtpx:cad></gpxtpx:TrackPointExtension></extensions>
    </trkpt>
    <trkpt lat="45.507414" lon="-122.587726">
      <ele>200.0</ele>
      <time>2024-03-12T07:48:21.000Z</time>
      <extensions><gpxtpx:TrackPointExtension><gpxtpx:hr>133</gpxtpx:hr><gpxtpx:cad>79</gpxtpx:cad></gpxtpx:TrackPointExtension></extensions>
    </trkpt>
    <trkpt lat="45.507435" lon="-122.587646">
      <ele>200.0</ele>
      <time>2024-03-12T07:48:22.000Z</time>
      <extensions><gpxtpx:TrackPointExtension><gpxtpx:hr>133</gpxtpx:hr><gpxtpx:cad>84</gpxtpx:cad></gpxtpx:TrackPointExtension></extensions>
    </trkpt>
    <trkpt lat="45.507456" lon="-122.587566">
      <ele>200.0</ele>
      <time>2024-03-12T07:48:23.000Z</time>
      <extensions><gpxtpx:TrackPointExtension><gpxtpx:hr>135</gpxtpx:hr><gpxtpx:cad>80</gpxtpx:cad></gpxtpx:TrackPointExtension></extensions>
    </trkpt>
    <trkpt lat="45.507478" lon="-122.587487">
      <ele>200.0</ele>
      <time>2024-03-12T07:48:24.000Z</time>
      <extensions><gpxtpx:TrackPointExtension><gpxtpx:hr>131</gpxtpx:hr><gpxtpx:cad>80</gpxtpx:cad></gpxtpx:TrackPointExtension></extensions>
    </trkpt>
    <trkpt lat="45.507500" lon="-122.587407">
      <ele>200.0</ele>
      <time>2024-03-12T07:48:25.000Z</time>
      <extensions><gpxtpx:TrackPointExtension><gpxtpx:hr>130</gpxtpx:hr><gpxtpx:cad>79</gpxtpx:cad></gpxtpx:TrackPointExtension></extensions>
    </trkpt>
    <trkpt lat="45.507522" lon="-122.587327">
      <ele>200.0</ele>
      <time>2024-03-12T07:48:26.000Z</time>
      <extensions><gpxtpx:TrackPointExtension><gpxtpx:hr>135</gpxtpx:hr><gpxtpx:cad>79</gpxtpx:cad></gpxtpx:TrackPointExtension></extensions>
    </trkpt>
    <trkpt lat="45.507544" lon="-122.587248">
      <ele>200.0</ele>
      <time>2024-03-12T07:48:27.000Z</time>
      <extensions><gpxtpx:TrackPointExtension><gpxtpx:hr>136</gpxtpx:hr><gpxtpx:cad>84</gpxtpx:cad></gpxtpx:TrackPointExtension></extensions>
    </trkpt>
    <trkpt lat="45.507566" lon="-122.587169">
      <ele>200.0</ele>
      <time>2024-03-12T07:48:28.000Z</time>
      <extensions><gpxtpx:TrackPointExtension><gpxtpx:hr>130</gpxtpx:hr><gpxtpx:cad>86</gpxtpx:cad></gpxtpx:TrackPointExtension></extensions>
    </trkpt>
    <trkpt lat="45.507589" lon="-122.587090">
      <ele>200.0</ele>
      <time>2024-03-12T07:48:29.000Z</time>
      <extensions><gpxtpx:TrackPointExtension><gpxtpx:hr>135</gpxtpx:hr><gpxtpx:cad>84</gpxtpx:cad></gpxtpx:TrackPointExtension></extensions>
    </trkpt>
    <trkpt lat="45.507612" lon="-122.587011">
      <ele>200.0</ele>
      <time>2024-03-12T07:48:30.000Z</time>
      <extensions><gpxtpx:TrackPointExtension><gpxtpx:hr>130</gpxtpx:hr><gpxtpx:cad>83</gpxtpx:cad></gpxtpx:TrackPointExtension></extensions>
    </trkpt>
    <trkpt lat="45.507635" lon="-122.586932">
      <ele>200.0</ele>
      <time>2024-03-12T07:48:31.000Z</time>
      <extensions><gpxtpx:TrackPointExtension><gpxtpx:hr>132</gpxtpx:hr><gpxtpx:cad>78</gpxtpx:cad></gpxtpx:TrackPointExtension></extensions>
    </trkpt>
    <trkpt lat="45.507658" lon="-122.586853">
      <ele>200.0</ele>
      <time>2024-03-12T07:48:32.000Z</time>
      <extensions><gpxtpx:TrackPointExtension><gpxtpx:hr>133</gpxtpx:hr><gpxtpx:cad>81</gpxtpx:cad></gpxtpx:TrackPointExtension></extensions>
    </trkpt>
    <trkpt lat="45.507681" lon="-122.586774">
      <ele>200.0</ele>
      <time>2024-03-12T07:48:33.000Z</time>
      <extensions><gpxtpx:TrackPointExtension><gpxtpx:hr>131</gpxtpx:hr><gpxtpx:cad>78</gpxtpx:cad></gpxtpx:TrackPointExtension></extensions>
    </trkpt>
    <trkpt lat="45.507704" lon="-122.586695">
      <ele>200.0</ele>
      <time>2024-03-12T07:48:34.000Z</time>
      <extensions><gpxtpx:TrackPointExtension><gpxtpx:hr>133</gpxtpx:hr><gpxtpx:cad>78</gpxtpx:cad></gpxtpx:TrackPointExtension></extensions>
    </trkpt>
    <trkpt lat="45.507728" lon="-122.586617">
      <ele>200.0</ele>
      <time>2024-03-12T07:48:35.000Z</time>
      <extensions><gpxtpx:TrackPointExtension><gpxtpx:hr>133</gpxtpx:hr><gpxtpx:cad>81</gpxtpx:cad></gpxtpx:TrackPointExtension></extensions>
    </trkpt>
    <trkpt lat="45.507751" lon="-122.586538">
      <ele>200.0</ele>
      <time>2024-03-12T07:48:36.000Z</time>
      <extensions><gpxtpx:TrackPointExtension><gpxtpx:hr>132</gpxtpx:hr><gpxtpx:cad>83</gpxtpx:cad></gpxtpx:TrackPointExtension></extensions>
    </trkpt>
    <trkpt lat="45.507775" lon="-122.586460">
      <ele>200.0</ele>
      <time>2024-03-12T07:48:37.000Z</time>
      <extensions><gpxtpx:TrackPointExtension><gpxtpx:hr>130</gpxtpx:hr><gpxtpx:cad>81</gpxtpx:cad></gpxtpx:TrackPointExtension></extensions>
    </trkpt>
    <trkpt lat="45.507799" lon="-122.586381">
      <ele>200.0</ele>
      <time>2024-03-12T07:48:38.000Z</time>
      <extensions><gpxtpx:TrackPointExtension><gpxtpx:hr>134</gpxtpx:hr><gpxtpx:cad>80</gpxtpx:cad></gpxtpx:TrackPointExtension></extensions>
    </trkpt>
    <trkpt lat="45.507823" lon="-122.586303">
      <ele>200.0</ele>
      <time>2024-03-12T07:48:39.000Z</time>
      <extensions><gpxtpx:TrackPointExtension><gpxtpx:hr>137</gpxtpx:hr><gpxtpx:cad>80</gpxtpx:cad></gpxtpx:TrackPointExtension></extensions>
    </trkpt>
    <trkpt lat="45.507848" lon="-122.586225">
      <ele>200.0</ele>
      <time>2024-03-12T07:48:40.000Z</time>
      <extensions><gpxtpx:TrackPointExtension><gpxtpx:hr>133</gpxtpx:hr><gpxtpx:cad>78</gpxtpx:cad></gpxtpx:TrackPointExtension></extensions>
    </trkpt>
    <trkpt lat="45.507872" lon="-122.586147">
      <ele>200.0</ele>
      <time>2024-03-12T07:48:41.000Z</time>
      <extensions><gpxtpx:TrackPointExtension><gpxtpx:hr>132</gpxtpx:hr><gpxtpx:cad>86</gpxtpx:cad></gpxtpx:TrackPointExtension></extensions>
    </trkpt>
    <trkpt lat="45.507897" lon="-122.586069">
      <ele>200.0</ele>
      <time>2024-03-12T07:48:42.000Z</time>
      <extensions><gpxtpx:TrackPointExtension><gpxtpx:hr>131</gpxtpx:hr><gpxtpx:cad>86</gpxtpx:cad></gpxtpx:TrackPointExtension></extensions>
    </trkpt>
    <trkpt lat="45.507921" lon="-122.585991">
      <ele>200.0</ele>
      <time>2024-03-12T07:48:43.000Z</time>
      <extensions><gpxtpx:TrackPointExtension><gpxtpx:hr>137</gpxtpx:hr><gpxtpx:cad>83</gpxtpx:cad></gpxtpx:TrackPointExtension></extensions>
    </trkpt>
    <trkpt lat="45.507946" lon="-122.585914">
      <ele>200.0</ele>
      <time>2024-03-12T07:48:44.000Z</time>
      <extensions><gpxtpx:TrackPointExtension><gpxtpx:hr>135</gpxtpx:hr><gpxtpx:cad>81</gpxtpx:cad></gpxtpx:TrackPointExtension></extensions>
    </trkpt>
    <trkpt lat="45.507971" lon="-122.585836">
      <ele>200.0</ele>
      <time>2024-03-12T07:48:45.000Z</time>
      <extensions><gpxtpx:TrackPointExtension><gpxtpx:hr>133</gpxtpx:hr><gpxtpx:cad>78</gpxtpx:cad></gpxtpx:TrackPointExtension></extensions>
    </trkpt>
    <trkpt lat="45.507997" lon="-122.585759">
      <ele>200.0</ele>
      <time>2024-03-12T07:48:46.000Z</time>
      <extensions><gpxtpx:TrackPointExtension><gpxtpx:hr>131</gpxtpx:hr><gpxtpx:cad>83</gpxtpx:cad></gpxtpx:TrackPointExtension></extensions>
    </trkpt>
    <trkpt lat="45.508022" lon="-122.585681">
      <ele>200.0</ele>
      <time>2024-03-12T07:48:47.000Z</time>
      <extensions><gpxtpx:TrackPointExtension><gpxtpx:hr>131</gpxtpx:hr><gpxtpx:cad>85</gpxtpx:cad></gpxtpx:TrackPointExtension></extensions>
    </trkpt>
    <trkpt lat="45.508048" lon="-122.585604">
      <ele>200.0</ele>
      <time>2024-03-12T07:48:48.000Z</time>
      <extensions><gpxtpx:TrackPointExtension><gpxtpx:hr>131</gpxtpx:hr><gpxtpx:cad>83</gpxtpx:cad></gpxtpx:TrackPointExtension></extensions>
    </trkpt>
    <trkpt lat="45.508073" lon="-122.585527">
      <ele>200.0</ele>
      <time>2024-03-12T07:48:49.000Z</time>
      <extensions><gpxtpx:TrackPointExtension><gpxtpx:hr>136</gpxtpx:hr><gpxtpx:cad>86</gpxtpx:cad></gpxtpx:TrackPointExtension></extensions>
    </trkpt>
    <trkpt lat="45.508099" lon="-122.585450">
      <ele>200.0</ele>
      <time>2024-03-12T07:48:50.000Z</time>
      <extensions><gpxtpx:TrackPointExtension><gpxtpx:hr>132</gpxtpx:hr><gpxtpx:cad>79</gpxtpx:cad></gpxtpx:TrackPointExtension></extensions>
    </trkpt>
    <trkpt lat="45.508125" lon="-122.585373">
      <ele>200.0</ele>
      <time>2024-03-12T07:48:51.000Z</time>
      <extensions><gpxtpx:TrackPointExtension><gpxtpx:hr>131</gpxtpx:hr><gpxtpx:cad>82</gpxtpx:cad></gpxtpx:TrackPointExtension></extensions>
    </trkpt>
    <trkpt lat="45.508151" lon="-122.585296">
      <ele>200.0</ele>
      <time>2024-03-12T07:48:52.000Z</time>
      <extensions><gpxtpx:TrackPointExtension><gpxtpx:hr>136</gpxtpx:hr><gpxtpx:cad>80</gpxtpx:cad></gpxtpx:TrackPointExtension></extensions>
    </trkpt>
    <trkpt lat="45.508177" lon="-122.585219">
      <ele>200.0</ele>
      <time>2024-03-12T07:48:53.000Z</time>
      <extensions><gpxtpx:TrackPointExtension><gpxtpx:hr>130</gpxtpx:hr><gpxtpx:cad>81</gpxtpx:cad></gpxtpx:TrackPointExtension></extensions>
    </trkpt>
    <trkpt lat="45.508204" lon="-122.585142">
      <ele>200.0</ele>
      <time>2024-03-12T07:48:54.000Z</time>
      <extensions><gpxtpx:TrackPointExtension><gpxtpx:hr>135</gpxtpx:hr><gpxtpx:cad>80</gpxtpx:cad></gpxtpx:TrackPointExtension></extensions>
    </trkpt>
    <trkpt lat="45.508230" lon="-122.585066">
      <ele>200.0</ele>
      <time>2024-03-12T07:48:55.000Z</time>
      <extensions><gpxtpx:TrackPointExtension><gpxtpx:hr>133</gpxtpx:hr><gpxtpx:cad>77</gpxtpx:cad></gpxtpx:TrackPointExtension></extensions>
    </trkpt>
    <trkpt lat="45.508257" lon="-122.584989">
      <ele>200.0</ele>
      <time>2024-03-12T07:48:56.000Z</time>
      <extensions><gpxtpx:TrackPointExtension><gpxtpx:hr>135</gpxtpx:hr><gpxtpx:cad>85</gpxtpx:cad></gpxtpx:TrackPointExtension></extensions>
    </trkpt>
    <trkpt lat="45.508284" lon="-122.584913">
      <ele>200.0</ele>
      <time>2024-03-12T07:48:57.000Z</time>
      <extensions><gpxtpx:TrackPointExtension><gpxtpx:hr>133</gpxtpx:hr><gpxtpx:cad>77</gpxtpx:cad></gpxtpx:TrackPointExtension></extensions>
    </trkpt>
    <trkpt lat="45.508311" lon="-122.584836">
      <ele>200.0</ele>
      <time>2024-03-12T07:48:58.000Z</time>
      <extensions><gpxtpx:TrackPointExtension><gpxtpx:hr>134</gpxtpx:hr><gpxtpx:cad>85</gpxtpx:cad></gpxtpx:TrackPointExtension></extensions>
    </trkpt>
    <trkpt lat="45.508338" lon="-122.584760">
      <ele>200.0</ele>
      <time>2024-03-12T07:48:59.000Z</time>
      <extensions><gpxtpx:TrackPointExtension><gpxtpx:hr>132</gpxtpx:hr><gpxtpx:cad>85</gpxtpx:cad></gpxtpx:TrackPointExtension></extensions>
    </trkpt>
    <trkpt lat="45.508365" lon="-122.584684">
      <ele>200.0</ele>
      <time>2024-03-12T07:49:00.000Z</time>
      <extensions><gpxtpx:TrackPointExtension><gpxtpx:hr>130</gpxtpx:hr><gpxtpx:cad>82</gpxtpx:cad></gpxtpx:TrackPointExtension></extensions>
    </trkpt>
    <trkpt lat="45.508392" lon="-122.584608">
      <ele>200.0</ele>
      <time>2024-03-12T07:49:01.000Z</time>
      <extensions><gpxtpx:TrackPointExtension><gpxtpx:hr>133</gpxtpx:hr><gpxtpx:cad>82</gpxtpx:cad></gpxtpx:TrackPointExtension></extensions>
    </trkpt>
    <trkpt lat="45.508420" lon="-122.584532">
      <ele>200.0</ele>
      <time>2024-03-12T07:49:02.000Z</time>
      <extensions><gpxtpx:TrackPointExtension><gpxtpx:hr>131</gpxtpx:hr><gpxtpx:cad>81</gpxtpx:cad></gpxtpx:TrackPointExtension></extensions>
    </trkpt>
    <trkpt lat="45.508447" lon="-122.584456">
      <ele>200.0</ele>
      <time>2024-03-12T07:49:03.000Z</time>
      <extensions><gpxtpx:TrackPointExtension><gpxtpx:hr>135</gpxtpx:hr><gpxtpx:cad>84</gpxtpx:cad></gpxtpx:TrackPointExtension></extensions>
    </trkpt>
    <trkpt lat="45.508475" lon="-122.584380">
      <ele>200.0</ele>
      <time>2024-03-12T07:49:04.000Z</time>
      <extensions><gpxtpx:TrackPointExtension><gpxtpx:hr>135</gpxtpx:hr><gpxtpx:cad>82</gpxtpx:cad></gpxtpx:TrackPointExtension></extensions>
    </trkpt>
    <trkpt lat="45.508503" lon="-122.584305">
      <ele>200.0</ele>
      <time>2024-03-12T07:49:05.000Z</time>
      <extensions><gpxtpx:TrackPointExtension><gpxtpx:hr>131</gpxtpx:hr><gpxtpx:cad>78</gpxtpx:cad></gpxtpx:TrackPointExtension></extensions>
    </trkpt>
    <trkpt lat="45.508531" lon="-122.584229">
      <ele>200.0</ele>
      <time>2024-03-12T07:49:06.000Z</time>
      <extensions><gpxtpx:TrackPointExtension><gpxtpx:hr>134</gpxtpx:hr><gpxtpx:cad>80</gpxtpx:cad></gpxtpx:TrackPointExtension></extensions>
    </trkpt>
    <trkpt lat="45.508559" lon="-122.584154">
      <ele>200.0</ele>
      <time>2024-03-12T07:49:07.000Z</time>
      <extensions><gpxtpx:TrackPointExtension><gpxtpx:hr>130</gpxtpx:hr><gpxtpx:cad>81</gpxtpx:cad></gpxtpx:TrackPointExtension></extensions>
    </trkpt>
    <trkpt lat="45.508587" lon="-122.584078">
      <ele>200.0</ele>
      <time>2024-03-12T07:49:08.000Z</time>
      <extensions><gpxtpx:TrackPointExtension><gpxtpx:hr>135</gpxtpx:hr><gpxtpx:cad>86</gpxtpx:cad></gpxtpx:TrackPointExtension></extensions>
    </trkpt>
    <trkpt lat="45.508616" lon="-122.584003">
      <ele>200.0</ele>
      <time>2024-03-12T07:49:09.000Z</time>
      <extensions><gpxtpx:TrackPointExtension><gpxtpx:hr>137</gpxtpx:hr><gpxtpx:cad>81</gpxtpx:cad></gpxtpx:TrackPointExtension></extensions>
    </trkpt>
    <trkpt lat="45.508644" lon="-122.583928">
      <ele>200.0</ele>
      <time>2024-03-12T07:49:10.000Z</time>
      <extensions><gpxtpx:TrackPointExtension><gpxtpx:hr>132</gpxtpx:hr><gpxtpx:cad>87</gpxtpx:cad></gpxtpx:TrackPointExtension></extensions>
    </trkpt>
    <trkpt lat="45.508673" lon="-122.583853">
      <ele>200.0</ele>
      <time>2024-03-12T07:49:11.000Z</time>
      <extensions><gpxtpx:TrackPointExtension><gpxtpx:hr>132</gpxtpx:hr><gpxtpx:cad>78</gpxtpx:cad></gpxtpx:TrackPointExtension></extensions>
    </trkpt>
    <trkpt lat="45.508701" lon="-122.583778">
      <ele>200.0</ele>
      <time>2024-03-12T07:49:12.000Z</time>
      <extensions><gpxtpx:TrackPointExtension><gpxtpx:hr>130</gpxtpx:hr><gpxtpx:cad>80</gpxtpx:cad></gpxtpx:TrackPointExtension></extensions>
    </trkpt>
    <trkpt lat="45.508730" lon="-122.583703">
      <ele>200.0</ele>
      <time>2024-03-12T07:49:13.000Z</time>
      <extensions><gpxtpx:TrackPointExtension><gpxtpx:hr>137</gpxtpx:hr><gpxtpx:cad>80</gpxtpx:cad></gpxtpx:TrackPointExtension></extensions>
    </trkpt>
    <trkpt lat="45.508759" lon="-122.583628">
      <ele>200.0</ele>
      <time>2024-03-12T07:49:14.000Z</time>
      <extensions><gpxtpx:TrackPointExtension><gpxtpx:hr>129</gpxtpx:hr><gpxtpx:cad>83</gpxtpx:cad></gpxtpx:TrackPointExtension></extensions>
    </trkpt>
    <trkpt lat="45.508788" lon="-122.583553">
      <ele>200.0</ele>
      <time>2024-03-12T07:49:15.000Z</time>
      <extensions><gpxtpx:TrackPointExtension><gpxtpx:hr>131</gpxtpx:hr><gpxtpx:cad>84</gpxtpx:cad></gpxtpx:TrackPointExtension></extensions>
    </trkpt>
    <trkpt lat="45.508817" lon="-122.583479">
      <ele>200.0</ele>
      <time>2024-03-12T07:49:16.000Z</time>
      <extensions><gpxtpx:TrackPointExtension><gpxtpx:hr>132</gpxtpx:hr><gpxtpx:cad>86</gpxtpx:cad></gpxtpx:TrackPointExtension></extensions>
    </trkpt>
    <trkpt lat="45.508847" lon="-122.583404">
      <ele>200.0</ele>
      <time>2024-03-12T07:49:17.000Z</time>
      <extensions><gpxtpx:TrackPointExtension><gpxtpx:hr>137</gpxtpx:hr><gpxtpx:cad>81</gpxtpx:cad></gpxtpx:TrackPointExtension></extensions>
    </trkpt>
    <trkpt lat="45.508876" lon="-122.583330">
      <ele>200.0</ele>
      <time>2024-03-12T07:49:18.000Z</time>
      <extensions><gpxtpx:TrackPointExtension><gpxtpx:hr>137</gpxtpx:hr><gpxtpx:cad>81</gpxtpx:cad></gpxtpx:TrackPointExtension></extensions>
    </trkpt>
    <trkpt lat="45.508906" lon="-122.583256">
      <ele>200.0</ele>
      <time>2024-03-12T07:49:19.000Z</time>
      <extensions><gpxtpx:TrackPointExtension><gpxtpx:hr>133</gpxtpx:hr><gpxtpx:cad>78</gpxtpx:cad></gpxtpx:TrackPointExtension></extensions>
    </trkpt>
    <trkpt lat="45.508935" lon="-122.583181">
      <ele>200.0</ele>
      <time>2024-03-12T07:49:20.000Z</time>
      <extensions><gpxtpx:TrackPointExtension><gpxtpx:hr>135</gpxtpx:hr><gpxtpx:cad>78</gpxtpx:cad></gpxtpx:TrackPointExtension></extensions>
    </trkpt>
    <trkpt lat="45.508965" lon="-122.583107">
      <ele>200.0</ele>
      <time>2024-03-12T07:49:21.000Z</time>
      <extensions><gpxtpx:TrackPointExtension><gpxtpx:hr>135</gpxtpx:hr><gpxtpx:cad>83</gpxtpx:cad></gpxtpx:TrackPointExtension></extensions>
    </trkpt>
    <trkpt lat="45.508995" lon="-122.583033">
      <ele>200.0</ele>
      <time>2024-03-12T07:49:22.000Z</time>
      <extensions><gpxtpx:TrackPointExtension><gpxtpx:hr>134</gpxtpx:hr><gpxtpx:cad>84</gpxtpx:cad></gpxtpx:TrackPointExtension></extensions>
    </trkpt>
    <trkpt lat="45.509025" lon="-122.582959">
      <ele>200.0</ele>
      <time>2024-03-12T07:49:23.000Z</time>
      <extensions><gpxtpx:TrackPointExtension><gpxtpx:hr>131</gpxtpx:hr><gpxtpx:cad>86</gpxtpx:cad></gpxtpx:TrackPointExtension></extensions>
    </trkpt>
    <trkpt lat="45.509055" lon="-122.582885">
      <ele>200.0</ele>
      <time>2024-03-12T07:49:24.000Z</time>
      <extensions><gpxtpx:TrackPointExtension><gpxtpx:hr>136</gpxtpx:hr><gpxtpx:cad>87</gpxtpx:cad></gpxtpx:TrackPointExtension></extensions>
    </trkpt>
    <trkpt lat="45.509085" lon="-122.582811">
      <ele>200.0</ele>
      <time>2024-03-12T07:49:25.000Z</time>
      <extensions><gpxtpx:TrackPointExtension><gpxtpx:hr>135</gpxtpx:hr><gpxtpx:cad>86</gpxtpx:cad></gpxtpx:TrackPointExtension></extensions>
    </trkpt>
    <trkpt lat="45.509115" lon="-122.582738">
      <ele>200.0</ele>
      <time>2024-03-12T07:49:26.000Z</time>
      <extensions><gpxtpx:TrackPointExtension><gpxtpx:hr>132</gpxtpx:hr><gpxtpx:cad>78</gpxtpx:cad></gpxtpx:TrackPointExtension></extensions>
    </trkpt>
    <trkpt lat="45.509146" lon="-122.582664">
      <ele>200.0</ele>
      <time>2024-03-12T07:49:27.000Z</time>
      <extensions><gpxtpx:TrackPointExtension><gpxtpx:hr>130</gpxtpx:hr><gpxtpx:cad>79</gpxtpx:cad></gpxtpx:TrackPointExtension></extensions>
    </trkpt>
    <trkpt lat="45.509176" lon="-122.582590">
      <ele>200.0</ele>
      <time>2024-03-12T07:49:28.000Z</time>
      <extensions><gpxtpx:TrackPointExtension><gpxtpx:hr>135</gpxtpx:hr><gpxtpx:cad>82</gpxtpx:cad></gpxtpx:TrackPointExtension></extensions>
    </trkpt>
    <trkpt lat="45.509207" lon="-122.582517">
      <ele>200.0</ele>
      <time>2024-03-12T07:49:29.000Z</time>
      <extensions><gpxtpx:TrackPointExtension><gpxtpx:hr>136</gpxtpx:hr><gpxtpx:cad>82</gpxtpx:cad></gpxtpx:TrackPointExtension></extensions>
    </trkpt>
    <trkpt lat="45.509238" lon="-122.582444">
      <ele>200.0</ele>
      <time>2024-03-12T07:49:30.000Z</time>
      <extensions><gpxtpx:TrackPointExtension><gpxtpx:hr>132</gpxtpx:hr><gpxtpx:cad>84</gpxtpx:cad></gpxtpx:TrackPointExtension></extensions>
    </trkpt>
    <trkpt lat="45.509268" lon="-122.582370">
      <ele>200.0</ele>
      <time>2024-03-12T07:49:31.000Z</time>
      <extensions><gpxtpx:TrackPointExtension><gpxtpx:hr>135</gpxtpx:hr><gpxtpx:cad>81</gpxtpx:cad></gpxtpx:TrackPointExtension></extensions>
    </trkpt>
    <trkpt lat="45.509299" lon="-122.582297">
      <ele>200.0</ele>
      <time>2024-03-12T07:49:32.000Z</time>
      <extensions><gpxtpx:TrackPointExtension><gpxtpx:hr>132</gpxtpx:hr><gpxtpx:cad>84</gpxtpx:cad></gpxtpx:TrackPointExtension></extensions>
    </trkpt>
    <trkpt lat="45.509330" lon="-122.582224">
      <ele>200.0</ele>
      <time>2024-03-12T07:49:33.000Z</time>
      <extensions><gpxtpx:TrackPointExtension><gpxtpx:hr>133</gpxtpx:hr><gpxtpx:cad>86</gpxtpx:cad></gpxtpx:TrackPointExtension></extensions>
    </trkpt>
    <trkpt lat="45.509361" lon="-122.582151">
      <ele>200.0</ele>
      <time>2024-03-12T07:49:34.000Z</time>
      <extensions><gpxtpx:TrackPointExtension><gpxtpx:hr>134</gpxtpx:hr><gpxtpx:cad>84</gpxtpx:cad></gpxtpx:TrackPointExtension></extensions>
    </trkpt>
    <trkpt lat="45.509393" lon="-122.582078">
      <ele>200.0</ele>
      <time>2024-03-12T07:49:35.000Z</time>
      <extensions><gpxtpx:TrackPointExtension><gpxtpx:hr>131</gpxtpx:hr><gpxtpx:cad>81</gpxtpx:cad></gpxtpx:TrackPointExtension></extensions>
    </trkpt>
    <trkpt lat="45.509424" lon="-122.582005">
      <ele>200.0</ele>
      <time>2024-03-12T07:49:36.000Z</time>
      <extensions><gpxtpx:TrackPointExtension><gpxtpx:hr>136</gpxtpx:hr><gpxtpx:cad>85</gpxtpx:cad></gpxtpx:TrackPointExtension></extensions>
    </trkpt>
    <trkpt lat="45.509455" lon="-122.581932">
      <ele>200.0</ele>
      <time>2024-03-12T07:49:37.000Z</time>
      <extensions><gpxtpx:TrackPointExtension><gpxtpx:hr>129</gpxtpx:hr><gpxtpx:cad>84</gpxtpx:cad></gpxtpx:TrackPointExtension></extensions>
    </trkpt>
    <trkpt lat="45.509487" lon="-122.581860">
      <ele>200.0</ele>
      <time>2024-03-12T07:49:38.000Z</time>
      <extensions><gpxtpx:TrackPointExtension><gpxtpx:hr>134</gpxtpx:hr><gpxtpx:cad>86</gpxtpx:cad></gpxtpx:TrackPointExtension></extensions>
    </trkpt>
    <trkpt lat="45.509518" lon="-122.581787">
      <ele>200.0</ele>
      <time>2024-03-12T07:49:39.000Z</time>
      <extensions><gpxtpx:TrackPointExtension><gpxtpx:hr>136</gpxtpx:hr><gpxtpx:cad>85</gpxtpx:cad></gpxtpx:TrackPointExtension></extensions>
    </trkpt>
    <trkpt lat="45.509550" lon="-122.581714">
      <ele>200.0</ele>
      <time>2024-03-12T07:49:40.000Z</time>
      <extensions><gpxtpx:TrackPointExtension><gpxtpx:hr>134</gpxtpx:hr><gpxtpx:cad>80</gpxtpx:cad></gpxtpx:TrackPointExtension></extensions>
    </trkpt>
    <trkpt lat="45.509582" lon="-122.581642">
      <ele>200.0</ele>
      <time>2024-03-12T07:49:41.000Z</time>
      <extensions><gpxtpx:TrackPointExtension><gpxtpx:hr>135</gpxtpx:hr><gpxtpx:cad>84</gpxtpx:cad></gpxtpx:TrackPointExtension></extensions>
    </trkpt>
    <trkpt lat="45.509613" lon="-122.581570">
      <ele>200.0</ele>
      <time>2024-03-12T07:49:42.000Z</time>
      <extensions><gpxtpx:TrackPointExtension><gpxtpx:hr>133</gpxtpx:hr><gpxtpx:cad>84</gpxtpx:cad></gpxtpx:TrackPointExtension></extensions>
    </trkpt>
    <trkpt lat="45.509645" lon="-122.581497">
      <ele>200.0</ele>
      <time>2024-03-12T07:49:43.000Z</time>
      <extensions><gpxtpx:TrackPointExtension><gpxtpx:hr>132</gpxtpx:hr><gpxtpx:cad>83</gpxtpx:cad></gpxtpx:TrackPointExtension></extensions>
    </trkpt>
    <trkpt lat="45.509677" lon="-122.581425">
      <ele>200.0</ele>
      <time>2024-03-12T07:49:44.000Z</time>
      <extensions><gpxtpx:TrackPointExtension><gpxtpx:hr>136</gpxtpx:hr><gpxtpx:cad>79</gpxtpx:cad></gpxtpx:TrackPointExtension></extensions>
    </trkpt>
    <trkpt lat="45.509709" lon="-122.581353">
      <ele>200.0</ele>
      <time>2024-03-12T07:49:45.000Z</time>
      <extensions><gpxtpx:TrackPointExtension><gpxtpx:hr>137</gpxtpx:hr><gpxtpx:cad>86</gpxtpx:cad></gpxtpx:TrackPointExtension></extensions>
    </trkpt>
    <trkpt lat="45.509742" lon="-122.581281">
      <ele>200.0</ele>
      <time>2024-03-12T07:49:46.000Z</time>
      <extensions><gpxtpx:TrackPointExtension><gpxtpx:hr>137</gpxtpx:hr><gpxtpx:cad>83</gpxtpx:cad></gpxtpx:TrackPointExtension></extensions>
    </trkpt>
    <trkpt lat="45.509774" lon="-122.581209">
      <ele>200.0</ele>
      <time>2024-03-12T07:49:47.000Z</time>
      <extensions><gpxtpx:TrackPointExtension><gpxtpx:hr>137</gpxtpx:hr><gpxtpx:cad>87</gpxtpx:cad></gpxtpx:TrackPointExtension></extensions>
    </trkpt>
    <trkpt lat="45.509806" lon="-122.581137">
      <ele>200.0</ele>
      <time>2024-03-12T07:49:48.000Z</time>
      <extensions><gpxtpx:TrackPointExtension><gpxtpx:hr>135</gpxtpx:hr><gpxtpx:cad>83</gpxtpx:cad></gpxtpx:TrackPointExtension></extensions>
    </trkpt>
    <trkpt lat="45.509839" lon="-122.581065">
      <ele>200.0</ele>
      <time>2024-03-12T07:49:49.000Z</time>
      <extensions><gpxtpx:TrackPointExtension><gpxtpx:hr>132</gpxtpx:hr><gpxtpx:cad>83</gpxtpx:cad></gpxtpx:TrackPointExtension></extensions>
    </trkpt>
    <trkpt lat="45.509871" lon="-122.580993">
      <ele>200.0</ele>
      <time>2024-03-12T07:49:50.000Z</time>
      <extensions><gpxtpx:TrackPointExtension><gpxtpx:hr>133</gpxtpx:hr><gpxtpx:cad>81</gpxtpx:cad></gpxtpx:TrackPointExtension></extensions>
    </trkpt>
    <trkpt lat="45.509904" lon="-122.580921">
      <ele>200.0</ele>
      <time>2024-03-12T07:49:51.000Z</time>
      <extensions><gpxtpx:TrackPointExtension><gpxtpx:hr>132</gpxtpx:hr><gpxtpx:cad>83</gpxtpx:cad></gpxtpx:TrackPointExtension></extensions>
    </trkpt>
    <trkpt lat="45.509936" lon="-122.580850">
      <ele>200.0</ele>
      <time>2024-03-12T07:49:52.000Z</time>
      <extensions><gpxtpx:TrackPointExtension><gpxtpx:hr>136</gpxtpx:hr><gpxtpx:cad>81</gpxtpx:cad></gpxtpx:TrackPointExtension></extensions>
    </trkpt>
    <trkpt lat="45.509969" lon="-122.580778">
      <ele>200.0</ele>
      <time>2024-03-12T07:49:53.000Z</time>
      <extensions><gpxtpx:TrackPointExtension><gpxtpx:hr>131</gpxtpx:hr><gpxtpx:cad>79</gpxtpx:cad></gpxtpx:TrackPointExtension></extensions>
    </trkpt>
    <trkpt lat="45.510002" lon="-122.580707">
      <ele>200.0</ele>
      <time>2024-03-12T07:49:54.000Z</time>
      <extensions><gpxtpx:TrackPointExtension><gpxtpx:hr>130</gpxtpx:hr><gpxtpx:cad>79</gpxtpx:cad></gpxtpx:TrackPointExtension></extensions>
    </trkpt>
    <trkpt lat="45.510035" lon="-122.580635">
      <ele>200.0</ele>
      <time>2024-03-12T07:49:55.000Z</time>
      <extensions><gpxtpx:TrackPointExtension><gpxtpx:hr>132</gpxtpx:hr><gpxtpx:cad>78</gpxtpx:cad></gpxtpx:TrackPointExtension></extensions>
    </trkpt>
    <trkpt lat="45.510068" lon="-122.580564">
      <ele>200.0</ele>
      <time>2024-03-12T07:49:56.000Z</time>
      <extensions><gpxtpx:TrackPointExtension><gpxtpx:hr>133</gpxtpx:hr><gpxtpx:cad>81</gpxtpx:cad></gpxtpx:TrackPointExtension></extensions>
    </trkpt>
    <trkpt lat="45.510101" lon="-122.580493">
      <ele>200.0</ele>
      <time>2024-03-12T07:49:57.000Z</time>
      <extensions><gpxtpx:TrackPointExtension><gpxtpx:hr>132</gpxtpx:hr><gpxtpx:cad>82</gpxtpx:cad></gpxtpx:TrackPointExtension></extensions>
    </trkpt>
    <trkpt lat="45.510134" lon="-122.580421">
      <ele>200.0</ele>
      <time>2024-03-12T07:49:58.000Z</time>
      <extensions><gpxtpx:TrackPointExtension><gpxtpx:hr>130</gpxtpx:hr><gpxtpx:cad>83</gpxtpx:cad></gpxtpx:TrackPointExtension></extensions>
    </trkpt>
    <trkpt lat="45.510167" lon="-122.580350">
      <ele>200.0</ele>
      <time>2024-03-12T07:49:59.000Z</time>
      <extensions><gpxtpx:TrackPointExtension><gpxtpx:hr>130</gpxtpx:hr><gpxtpx:cad>81</gpxtpx:cad></gpxtpx:TrackPointExtension></extensions>
    </trkpt>
    <trkpt lat="45.510200" lon="-122.580279">
      <ele>200.0</ele>
      <time>2024-03-12T07:50:00.000Z</time>
      <extensions><gpxtpx:TrackPointExtension><gpxtpx:hr>137</gpxtpx:hr><gpxtpx:cad>80</gpxtpx:cad></gpxtpx:TrackPointExtension></extensions>
    </trkpt>
    <trkpt lat="45.510233" lon="-122.580208">
      <ele>200.0</ele>
      <time>2024-03-12T07:50:01.000Z</time>
      <extensions><gpxtpx:TrackPointExtension><gpxtpx:hr>135</gpxtpx:hr><gpxtpx:cad>81</gpxtpx:cad></gpxtpx:TrackPointExtension></extensions>
    </trkpt>
    <trkpt lat="45.510267" lon="-122.580137">
      <ele>200.0</ele>
      <time>2024-03-12T07:50:02.000Z</time>
      <extensions><gpxtpx:TrackPointExtension><gpxtpx:hr>133</gpxtpx:hr><gpxtpx:cad>81</gpxtpx:cad></gpxtpx:TrackPointExtension></extensions>
    </trkpt>
    <trkpt lat="45.510300" lon="-122.580066">
      <ele>200.0</ele>
      <time>2024-03-12T07:50:03.000Z</time>
      <extensions><gpxtpx:TrackPointExtension><gpxtpx:hr>135</gpxtpx:hr><gpxtpx:cad>81</gpxtpx:cad></gpxtpx:TrackPointExtension></extensions>
    </trkpt>
    <trkpt lat="45.510334" lon="-122.579995">
      <ele>200.0</ele>
      <time>2024-03-12T07:50:04.000Z</time>
      <extensions><gpxtpx:TrackPointExtension><gpxtpx:hr>131</gpxtpx:hr><gpxtpx:cad>80</gpxtpx:cad></gpxtpx:TrackPointExtension></extensions>
    </trkpt>
    <trkpt lat="45.510367" lon="-122.579924">
      <ele>200.0</ele>
      <time>2024-03-12T07:50:05.000Z</time>
      <extensions><gpxtpx:TrackPointExtension><gpxtpx:hr>134</gpxtpx:hr><gpxtpx:cad>78</gpxtpx:cad></gpxtpx:TrackPointExtension></extensions>
    </trkpt>
    <trkpt lat="45.510401" lon="-122.579854">
      <ele>200.0</ele>
      <time>2024-03-12T07:50:06.000Z</time>
      <extensions><gpxtpx:TrackPointExtension><gpxtpx:hr>133</gpxtpx:hr><gpxtpx:cad>86</gpxtpx:cad></gpxtpx:TrackPointExtension></extensions>
    </trkpt>
    <trkpt lat="45.510434" lon="-122.579783">
      <ele>200.0</ele>
      <time>2024-03-12T07:50:07.000Z</time>
      <extensions><gpxtpx:TrackPointExtension><gpxtpx:hr>130</gpxtpx:hr><gpxtpx:cad>84</gpxtpx:cad></gpxtpx:TrackPointExtension></extensions>
    </trkpt>
    <trkpt lat="45.510468" lon="-122.579712">
      <ele>200.0</ele>
      <time>2024-03-12T07:50:08.000Z</time>
      <extensions><gpxtpx:TrackPointExtension><gpxtpx:hr>135</gpxtpx:hr><gpxtpx:cad>78</gpxtpx:cad></gpxtpx:TrackPointExtension></extensions>
    </trkpt>
    <trkpt lat="45.510502" lon="-122.579642">
      <ele>200.0</ele>
      <time>2024-03-12T07:50:09.000Z</time>
      <extensions><gpxtpx:TrackPointExtension><gpxtpx:hr>137</gpxtpx:hr><gpxtpx:cad>83</gpxtpx:cad></gpxtpx:TrackPointExtension></extensions>
    </trkpt>
    <trkpt lat="45.510536" lon="-122.579571">
      <ele>200.0</ele>
      <time>2024-03-12T07:50:10.000Z</time>
      <extensions><gpxtpx:TrackPointExtension><gpxtpx:hr>134</gpxtpx:hr><gpxtpx:cad>82</gpxtpx:cad></gpxtpx:TrackPointExtension></extensions>
    </trkpt>
    <trkpt lat="45.510570" lon="-122.579501">
      <ele>200.0</ele>
      <time>2024-03-12T07:50:11.000Z</time>
      <extensions><gpxtpx:TrackPointExtension><gpxtpx:hr>132</gpxtpx:hr><gpxtpx:cad>81</gpxtpx:cad></gpxtpx:TrackPointExtension></extensions>
    </trkpt>
    <trkpt lat="45.510604" lon="-122.579431">
      <ele>200.0</ele>
      <time>2024-03-12T07:50:12.000Z</time>
      <extensions><gpxtpx:TrackPointExtension><gpxtpx:hr>137</gpxtpx:hr><gpxtpx:cad>86</gpxtpx:cad></gpxtpx:TrackPointExtension></extensions>
    </trkpt>
    <trkpt lat="45.510638" lon="-122.579360">
      <ele>200.0</ele>
      <time>2024-03-12T07:50:13.000Z</time>
      <extensions><gpxtpx:TrackPointExtension><gpxtpx:hr>136</gpxtpx:hr><gpxtpx:cad>87</gpxtpx:cad></gpxtpx:TrackPointExtension></extensions>
    </trkpt>
    <trkpt lat="45.510672" lon="-122.579290">
      <ele>200.0</ele>
      <time>2024-03-12T07:50:14.000Z</time>
      <extensions><gpxtpx:TrackPointExtension><gpxtpx:hr>130</gpxtpx:hr><gpxtpx:cad>77</gpxtpx:cad></gpxtpx:TrackPointExtension></extensions>
    </trkpt>
    <trkpt lat="45.510706" lon="-122.579220">
      <ele>200.0</ele>
      <time>2024-03-12T07:50:15.000Z</time>
      <extensions><gpxtpx:TrackPointExtension><gpxtpx:hr>135</gpxtpx:hr><gpxtpx:cad>85</gpxtpx:cad></gpxtpx:TrackPointExtension></extensions>
    </trkpt>
    <trkpt lat="45.510740" lon="-122.579150">
      <ele>200.0</ele>
      <time>2024-03-12T07:50:16.000Z</time>
      <extensions><gpxtpx:TrackPointExtension><gpxtpx:hr>131</gpxtpx:hr><gpxtpx:cad>86</gpxtpx:cad></gpxtpx:TrackPointExtension></extensions>
    </trkpt>
    <trkpt lat="45.510775" lon="-122.579080">
      <ele>200.0</ele>
      <time>2024-03-12T07:50:17.000Z</time>
      <extensions><gpxtpx:TrackPointExtension><gpxtpx:hr>130</gpxtpx:hr><gpxtpx:cad>78</gpxtpx:cad></gpxtpx:TrackPointExtension></extensions>
    </trkpt>
    <trkpt lat="45.510809" lon="-122.579010">
      <ele>200.0</ele>
      <time>2024-03-12T07:50:18.000Z</time>
      <extensions><gpxtpx:TrackPointExtension><gpxtpx:hr>135</gpxtpx:hr><gpxtpx:cad>86</gpxtpx:cad></gpxtpx:TrackPointExtension></extensions>
    </trkpt>
    <trkpt lat="45.510843" lon="-122.578940">
      <ele>200.0</ele>
      <time>2024-03-12T07:50:19.000Z</time>
      <extensions><gpxtpx:TrackPointExtension><gpxtpx:hr>131</gpxtpx:hr><gpxtpx:cad>78</gpxtpx:cad></gpxtpx:TrackPointExtension></extensions>
    </trkpt>
    <trkpt lat="45.510878" lon="-122.578870">
      <ele>200.0</ele>
      <time>2024-03-12T07:50:20.000Z</time>
      <extensions><gpxtpx:TrackPointExtension><gpxtpx:hr>134</gpxtpx:hr><gpxtpx:cad>79</gpxtpx:cad></gpxtpx:TrackPointExtension></extensions>
    </trkpt>
    <trkpt lat="45.510912" lon="-122.578800">
      <ele>200.0</ele>
      <time>2024-03-12T07:50:21.000Z</time>
      <extensions><gpxtpx:TrackPointExtension><gpxtpx:hr>136</gpxtpx:hr><gpxtpx:cad>86</gpxtpx:cad></gpxtpx:TrackPointExtension></extensions>
    </trkpt>
    <trkpt lat="45.510947" lon="-122.578730">
      <ele>200.0</ele>
      <time>2024-03-12T07:50:22.000Z</time>
      <extensions><gpxtpx:TrackPointExtension><gpxtpx:hr>136</gpxtpx:hr><gpxtpx:cad>81</gpxtpx:cad></gpxtpx:TrackPointExtension></extensions>
    </trkpt>
    <trkpt lat="45.510981" lon="-122.578660">
      <ele>200.0</ele>
      <time>2024-03-12T07:50:23.000Z</time>
      <extensions><gpxtpx:TrackPointExtension><gpxtpx:hr>134</gpxtpx:hr><gpxtpx:cad>81</gpxtpx:cad></gpxtpx:TrackPointExtension></extensions>
    </trkpt>
    <trkpt lat="45.511016" lon="-122.578591">
      <ele>200.0</ele>
      <time>2024-03-12T07:50:24.000Z</time>
      <extensions><gpxtpx:TrackPointExtension><gpxtpx:hr>134</gpxtpx:hr><gpxtpx:cad>79</gpxtpx:cad></gpxtpx:TrackPointExtension></extensions>
    </trkpt>
    <trkpt lat="45.511051" lon="-122.578521">
      <ele>200.0</ele>
      <time>2024-03-12T07:50:25.000Z</time>
      <extensions><gpxtpx:TrackPointExtension><gpxtpx:hr>133</gpxtpx:hr><gpxtpx:cad>85</gpxtpx:cad></gpxtpx:TrackPointExtension></extensions>
    </trkpt>
    <trkpt lat="45.511085" lon="-122.578451">
      <ele>200.0</ele>
      <time>2024-03-12T07:50:26.000Z</time>
      <extensions><gpxtpx:TrackPointExtension><gpxtpx:hr>130</gpxtpx:hr><gpxtpx:cad>78</gpxtpx:cad></gpxtpx:TrackPointExtension></extensions>
    </trkpt>
    <trkpt lat="45.511120" lon="-122.578382">
      <ele>200.0</ele>
      <time>2024-03-12T07:50:27.000Z</time>
      <extensions><gpxtpx:TrackPointExtension><gpxtpx:hr>136</gpxtpx:hr><gpxtpx:cad>79</gpxtpx:cad></gpxtpx:TrackPointExtension></extensions>
    </trkpt>
    <trkpt lat="45.511155" lon="-122.578312">
      <ele>200.0</ele>
      <time>2024-03-12T07:50:28.000Z</time>
      <extensions><gpxtpx:TrackPointExtension><gpxtpx:hr>132</gpxtpx:hr><gpxtpx:cad>79</gpxtpx:cad></gpxtpx:TrackPointExtension></extensions>
    </trkpt>
    <trkpt lat="45.511190" lon="-122.578243">
      <ele>200.0</ele>
      <time>2024-03-12T07:50:29.000Z</time>
      <extensions><gpxtpx:TrackPointExtension><gpxtpx:hr>136</gpxtpx:hr><gpxtpx:cad>82</gpxtpx:cad></gpxtpx:TrackPointExtension></extensions>
    </trkpt>
    <trkpt lat="45.511225" lon="-122.578173">
      <ele>200.0</ele>
      <time>2024-03-12T07:50:30.000Z</time>
      <extensions><gpxtpx:TrackPointExtension><gpxtpx:hr>134</gpxtpx:hr><gpxtpx:cad>84</gpxtpx:cad></gpxtpx:TrackPointExtension></extensions>
    </trkpt>
    <trkpt lat="45.511260" lon="-122.578104">
      <ele>200.0</ele>
      <time>2024-03-12T07:50:31.000Z</time>
      <extensions><gpxtpx:TrackPointExtension><gpxtpx:hr>136</gpxtpx:hr><gpxtpx:cad>84</gpxtpx:cad></gpxtpx:TrackPointExtension></extensions>
    </trkpt>
    <trkpt lat="45.511295" lon="-122.578035">
      <ele>200.0</ele>
      <time>2024-03-12T07:50:32.000Z</time>
      <extensions><gpxtpx:TrackPointExtension><gpxtpx:hr>134</gpxtpx:hr><gpxtpx:cad>83</gpxtpx:cad></gpxtpx:TrackPointExtension></extensions>
    </trkpt>
    <trkpt lat="45.511330" lon="-122.577965">
      <ele>200.0</ele>
      <time>2024-03-12T07:50:33.000Z</time>
      <extensions><gpxtpx:TrackPointExtension><gpxtpx:hr>131</gpxtpx:hr><gpxtpx:cad>80</gpxtpx:cad></gpxtpx:TrackPointExtension></extensions>
    </trkpt>
    <trkpt lat="45.511365" lon="-122.577896">
      <ele>200.0</ele>
      <time>2024-03-12T07:50:34.000Z</time>
      <extensions><gpxtpx:TrackPointExtension><gpxtpx:hr>137</gpxtpx:hr><gpxtpx:cad>85</gpxtpx:cad></gpxtpx:TrackPointExtension></extensions>
    </trkpt>
    <trkpt lat="45.511400" lon="-122.577827">
      <ele>200.0</ele>
      <time>2024-03-12T07:50:35.000Z</time>
      <extensions><gpxtpx:TrackPointExtension><gpxtpx:hr>132</gpxtpx:hr><gpxtpx:cad>84</gpxtpx:cad></gpxtpx:TrackPointExtension></extensions>
    </trkpt>
    <trkpt lat="45.511435" lon="-122.577758">
      <ele>200.0</ele>
      <time>2024-03-12T07:50:36.000Z</time>
      <extensions><gpxtpx:TrackPointExtension><gpxtpx:hr>130</gpxtpx:hr><gpxtpx:cad>86</gpxtpx:cad></gpxtpx:TrackPointExtension></extensions>
    </trkpt>
    <trkpt lat="45.511470" lon="-122.577688">
      <ele>200.0</ele>
      <time>2024-03-12T07:50:37.000Z</time>
      <extensions><gpxtpx:TrackPointExtension><gpxtpx:hr>132</gpxtpx:hr><gpxtpx:cad>78</gpxtpx:cad></gpxtpx:TrackPointExtension></extensions>
    </trkpt>
    <trkpt lat="45.511505" lon="-122.577619">
      <ele>200.0</ele>
      <time>2024-03-12T07:50:38.000Z</time>
      <extensions><gpxtpx:TrackPointExtension><gpxtpx:hr>131</gpxtpx:hr><gpxtpx:cad>78</gpxtpx:cad></gpxtpx:TrackPointExtension></extensions>
    </trkpt>
    <trkpt lat="45.511541" lon="-122.577550">
      <ele>200.0</ele>
      <time>2024-03-12T07:50:39.000Z</time>
      <extensions><gpxtpx:TrackPointExtension><gpxtpx:hr>136</gpxtpx:hr><gpxtpx:cad>81</gpxtpx:cad></gpxtpx:TrackPointExtension></extensions>
    </trkpt>
    <trkpt lat="45.511576" lon="-122.577481">
      <ele>200.0</ele>
      <time>2024-03-12T07:50:40.000Z</time>
      <extensions><gpxtpx:TrackPointExtension><gpxtpx:hr>134</gpxtpx:hr><gpxtpx:cad>81</gpxtpx:cad></gpxtpx:TrackPointExtension></extensions>
    </trkpt>
    <trkpt lat="45.511611" lon="-122.577412">
      <ele>200.0</ele>
      <time>2024-03-12T07:50:41.000Z</time>
      <extensions><gpxtpx:TrackPointExtension><gpxtpx:hr>135</gpxtpx:hr><gpxtpx:cad>87</gpxtpx:cad></gpxtpx:TrackPointExtension></extensions>
    </trkpt>
    <trkpt lat="45.511647" lon="-122.577343">
      <ele>200.0</ele>
      <time>2024-03-12T07:50:42.000Z</time>
      <extensions><gpxtpx:TrackPointExtension><gpxtpx:hr>131</gpxtpx:hr><gpxtpx:cad>85</gpxtpx:cad></gpxtpx:TrackPointExtension></extensions>
    </trkpt>
    <trkpt lat="45.511682" lon="-122.577274">
      <ele>200.0</ele>
      <time>2024-03-12T07:50:43.000Z</time>
      <extensions><gpxtpx:TrackPointExtension><gpxtpx:hr>136</gpxtpx:hr><gpxtpx:cad>80</gpxtpx:cad></gpxtpx:TrackPointExtension></extensions>
    </trkpt>
    <trkpt lat="45.511718" lon="-122.577205">
      <ele>200.0</ele>
      <time>2024-03-12T07:50:44.000Z</time>
      <extensions><gpxtpx:TrackPointExtension><gpxtpx:hr>133</gpxtpx:hr><gpxtpx:cad>80</gpxtpx:cad></gpxtpx:TrackPointExtension></extensions>
    </trkpt>
    <trkpt lat="45.511753" lon="-122.577137">
      <ele>200.0</ele>
      <time>2024-03-12T07:50:45.000Z</time>
      <extensions><gpxtpx:TrackPointExtension><gpxtpx:hr>134</gpxtpx:hr><gpxtpx:cad>79</gpxtpx:cad></gpxtpx:TrackPointExtension></extensions>
    </trkpt>
    <trkpt lat="45.511789" lon="-122.577068">
      <ele>200.0</ele>
      <time>2024-03-12T07:50:46.000Z</time>
      <extensions><gpxtpx:TrackPointExtension><gpxtpx:hr>135</gpxtpx:hr><gpxtpx:cad>80</gpxtpx:cad></gpxtpx:TrackPointExtension></extensions>
    </trkpt>
    <trkpt lat="45.511824" lon="-122.576999">
      <ele>200.0</ele>
      <time>2024-03-12T07:50:47.000Z</time>
      <extensions><gpxtpx:TrackPointExtension><gpxtpx:hr>134</gpxtpx:hr><gpxtpx:cad>83</gpxtpx:cad></gpxtpx:TrackPointExtension></extensions>
    </trkpt>
    <trkpt lat="45.511860" lon="-122.576930">
      <ele>200.0</ele>
      <time>2024-03-12T07:50:48.000Z</time>
      <extensions><gpxtpx:TrackPointExtension><gpxtpx:hr>132</gpxtpx:hr><gpxtpx:cad>80</gpxtpx:cad></gpxtpx:TrackPointExtension></extensions>
    </trkpt>
    <trkpt lat="45.511895" lon="-122.576862">
      <ele>200.0</ele>
      <time>2024-03-12T07:50:49.000Z</time>
      <extensions><gpxtpx:TrackPointExtension><gpxtpx:hr>133</gpxtpx:hr><gpxtpx:cad>84</gpxtpx:cad></gpxtpx:TrackPointExtension></extensions>
    </trkpt>
    <trkpt lat="45.511931" lon="-122.576793">
      <ele>200.0</ele>
      <time>2024-03-12T07:50:50.000Z</time>
      <extensions><gpxtpx:TrackPointExtension><gpxtpx:hr>130</gpxtpx:hr><gpxtpx:cad>81</gpxtpx:cad></gpxtpx:TrackPointExtension></extensions>
    </trkpt>
    <trkpt lat="45.511967" lon="-122.576724">
      <ele>200.0</ele>
      <time>2024-03-12T07:50:51.000Z</time>
      <extensions><gpxtpx:TrackPointExtension><gpxtpx:hr>130</gpxtpx:hr><gpxtpx:cad>85</gpxtpx:cad></gpxtpx:TrackPointExtension></extensions>
    </trkpt>
    <trkpt lat="45.512002" lon="-122.576656">
      <ele>200.0</ele>
      <time>2024-03-12T07:50:52.000Z</time>
      <extensions><gpxtpx:TrackPointExtension><gpxtpx:hr>137</gpxtpx:hr><gpxtpx:cad>82</gpxtpx:cad></gpxtpx:TrackPointExtension></extensions>
    </trkpt>
    <trkpt lat="45.512038" lon="-122.576587">
      <ele>200.0</ele>
      <time>2024-03-12T07:50:53.000Z</time>
      <extensions><gpxtpx:TrackPointExtension><gpxtpx:hr>137</gpxtpx:hr><gpxtpx:cad>85</gpxtpx:cad></gpxtpx:TrackPointExtension></extensions>
    </trkpt>
    <trkpt lat="45.512074" lon="-122.576519">
      <ele>200.0</ele>
      <time>2024-03-12T07:50:54.000Z</time>
      <extensions><gpxtpx:TrackPointExtension><gpxtpx:hr>136</gpxtpx:hr><gpxtpx:cad>86</gpxtpx:cad></gpxtpx:TrackPointExtension></extensions>
    </trkpt>
    <trkpt lat="45.512110" lon="-122.576450">
      <ele>200.0</ele>
      <time>2024-03-12T07:50:55.000Z</time>
      <extensions><gpxtpx:TrackPointExtension><gpxtpx:hr>133</gpxtpx:hr><gpxtpx:cad>82</gpxtpx:cad></gpxtpx:TrackPointExtension></extensions>
    </trkpt>
    <trkpt lat="45.512145" lon="-122.576381">
      <ele>200.0</ele>
      <time>2024-03-12T07:50:56.000Z</time>
      <extensions><gpxtpx:TrackPointExtension><gpxtpx:hr>131</gpxtpx:hr><gpxtpx:cad>84</gpxtpx:cad></gpxtpx:TrackPointExtension></extensions>
    </trkpt>
    <trkpt lat="45.512181" lon="-122.576313">
      <ele>200.0</ele>
      <time>2024-03-12T07:50:57.000Z</time>
      <extensions><gpxtpx:TrackPointExtension><gpxtpx:hr>132</gpxtpx:hr><gpxtpx:cad>77</gpxtpx:cad></gpxtpx:TrackPointExtension></extensions>
    </trkpt>
    <trkpt lat="45.512217" lon="-122.576245">
      <ele>200.0</ele>
      <time>2024-03-12T07:50:58.000Z</time>
      <extensions><gpxtpx:TrackPointExtension><gpxtpx:hr>137</gpxtpx:hr><gpxtpx:cad>81</gpxtpx:cad></gpxtpx:TrackPointExtension></extensions>
    </trkpt>
    <trkpt lat="45.512253" lon="-122.576176">
      <ele>200.0</ele>
      <time>2024-03-12T07:50:59.000Z</time>
      <extensions><gpxtpx:TrackPointExtension><gpxtpx:hr>134</gpxtpx:hr><gpxtpx:cad>80</gpxtpx:cad></gpxtpx:TrackPointExtension></extensions>
    </trkpt>
    <trkpt lat="45.512289" lon="-122.576108">
      <ele>200.0</ele>
      <time>2024-03-12T07:51:00.000Z</time>
      <extensions><gpxtpx:TrackPointExtension><gpxtpx:hr>135</gpxtpx:hr><gpxtpx:cad>86</gpxtpx:cad></gpxtpx:TrackPointExtension></extensions>
    </trkpt>
    <trkpt lat="45.512325" lon="-122.576039">
      <ele>200.0</ele>
      <time>2024-03-12T07:51:01.000Z</time>
      <extensions><gpxtpx:TrackPointExtension><gpxtpx:hr>130</gpxtpx:hr><gpxtpx:cad>78</gpxtpx:cad></gpxtpx:TrackPointExtension></extensions>
    </trkpt>
    <trkpt lat="45.512361" lon="-122.575971">
      <ele>200.0</ele>
      <time>2024-03-12T07:51:02.000Z</time>
      <extensions><gpxtpx:TrackPointExtension><gpxtpx:hr>136</gpxtpx:hr><gpxtpx:cad>85</gpxtpx:cad></gpxtpx:TrackPointExtension></extensions>
    </trkpt>
    <trkpt lat="45.512397" lon="-122.575903">
      <ele>200.0</ele>
      <time>2024-03-12T07:51:03.000Z</time>
      <extensions><gpxtpx:TrackPointExtension><gpxtpx:hr>133</gpxtpx:hr><gpxtpx:cad>86</gpxtpx:cad></gpxtpx:TrackPointExtension></extensions>
    </trkpt>
    <trkpt lat="45.512433" lon="-122.575834">
      <ele>200.0</ele>
      <time>2024-03-12T07:51:04.000Z</time>
      <extensions><gpxtpx:TrackPointExtension><gpxtpx:hr>133</gpxtpx:hr><gpxtpx:cad>82</gpxtpx:cad></gpxtpx:TrackPointExtension></extensions>
    </trkpt>
    <trkpt lat="45.512469" lon="-122.575766">
      <ele>200.0</ele>
      <time>2024-03-12T07:51:05.000Z</time>
      <extensions><gpxtpx:TrackPointExtension><gpxtpx:hr>130</gpxtpx:hr><gpxtpx:cad>87</gpxtpx:cad></gpxtpx:TrackPointExtension></extensions>
    </trkpt>
    <trkpt lat="45.512505" lon="-122.575698">
      <ele>200.0</ele>
      <time>2024-03-12T07:51:06.000Z</time>
      <extensions><gpxtpx:TrackPointExtension><gpxtpx:hr>136</gpxtpx:hr><gpxtpx:cad>82</gpxtpx:cad></gpxtpx:TrackPointExtension></extensions>
    </trkpt>
    <trkpt lat="45.512541" lon="-122.575630">
      <ele>200.0</ele>
      <time>2024-03-12T07:51:07.000Z</time>
      <extensions><gpxtpx:TrackPointExtension><gpxtpx:hr>130</gpxtpx:hr><gpxtpx:cad>83</gpxtpx:cad></gpxtpx:TrackPointExtension></extensions>
    </trkpt>
    <trkpt lat="45.512577" lon="-122.575561">
      <ele>200.0</ele>
      <time>2024-03-12T07:51:08.000Z</time>
      <extensions><gpxtpx:TrackPointExtension><gpxtpx:hr>130</gpxtpx:hr><gpxtpx:cad>85</gpxtpx:cad></gpxtpx:TrackPointExtension></extensions>
    </trkpt>
    <trkpt lat="45.512613" lon="-122.575493">
      <ele>200.0</ele>
      <time>2024-03-12T07:51:09.000Z</time>
      <extensions><gpxtpx:TrackPointExtension><gpxtpx:hr>135</gpxtpx:hr><gpxtpx:cad>80</gpxtpx:cad></gpxtpx:TrackPointExtension></extensions>
    </trkpt>
    <trkpt lat="45.512649" lon="-122.575425">
      <ele>200.0</ele>
      <time>2024-03-12T07:51:10.000Z</time>
      <extensions><gpxtpx:TrackPointExtension><gpxtpx:hr>132</gpxtpx:hr><gpxtpx:cad>78</gpxtpx:cad></gpxtpx:TrackPointExtension></extensions>
    </trkpt>
    <trkpt lat="45.512685" lon="-122.575357">
      <ele>200.0</ele>
      <time>2024-03-12T07:51:11.000Z</time>
      <extensions><gpxtpx:TrackPointExtension><gpxtpx:hr>137</gpxtpx:hr><gpxtpx:cad>79</gpxtpx:cad></gpxtpx:TrackPointExtension></extensions>
    </trkpt>
    <trkpt lat="45.512722" lon="-122.575289">
      <ele>200.0</ele>
      <time>2024-03-12T07:51:12.000Z</time>
      <extensions><gpxtpx:TrackPointExtension><gpxtpx:hr>131</gpxtpx:hr><gpxtpx:cad>86</gpxtpx:cad></gpxtpx:TrackPointExtension></extensions>
    </trkpt>
    <trkpt lat="45.512758" lon="-122.575221">
      <ele>200.0</ele>
      <time>2024-03-12T07:51:13.000Z</time>
      <extensions><gpxtpx:TrackPointExtension><gpxtpx:hr>136</gpxtpx:hr><gpxtpx:cad>81</gpxtpx:cad></gpxtpx:TrackPointExtension></extensions>
    </trkpt>
    <trkpt lat="45.512794" lon="-122.575153">
      <ele>200.0</ele>
      <time>2024-03-12T07:51:14.000Z</time>
      <extensions><gpxtpx:TrackPointExtension><gpxtpx:hr>130</gpxtpx:hr><gpxtpx:cad>81</gpxtpx:cad></gpxtpx:TrackPointExtension></extensions>
    </trkpt>
    <trkpt lat="45.512830" lon="-122.575085">
      <ele>200.0</ele>
      <time>2024-03-12T07:51:15.000Z</time>
      <extensions><gpxtpx:TrackPointExtension><gpxtpx:hr>134</gpxtpx:hr><gpxtpx:cad>79</gpxtpx:cad></gpxtpx:TrackPointExtension></extensions>
    </trkpt>
    <trkpt lat="45.512866" lon="-122.575016">
      <ele>200.0</ele>
      <time>2024-03-12T07:51:16.000Z</time>
      <extensions><gpxtpx:TrackPointExtension><gpxtpx:hr>135</gpxtpx:hr><gpxtpx:cad>85</gpxtpx:cad></gpxtpx:TrackPointExtension></extensions>
    </trkpt>
    <trkpt lat="45.512903" lon="-122.574948">
      <ele>200.0</ele>
      <time>2024-03-12T07:51:17.000Z</time>
      <extensions><gpxtpx:TrackPointExtension><gpxtpx:hr>135</gpxtpx:hr><gpxtpx:cad>78</gpxtpx:cad></gpxtpx:TrackPointExtension></extensions>
    </trkpt>
    <trkpt lat="45.512939" lon="-122.574880">
      <ele>200.0</ele>
      <time>2024-03-12T07:51:18.000Z</time>
      <extensions><gpxtpx:TrackPointExtension><gpxtpx:hr>137</gpxtpx:hr><gpxtpx:cad>85</gpxtpx:cad></gpxtpx:TrackPointExtension></extensions>
    </trkpt>
    <trkpt lat="45.512975" lon="-122.574812">
      <ele>200.0</ele>
      <time>2024-03-12T07:51:19.000Z</time>
      <extensions><gpxtpx:TrackPointExtension><gpxtpx:hr>134</gpxtpx:hr><gpxtpx:cad>82</gpxtpx:cad></gpxtpx:TrackPointExtension></extensions>
    </trkpt>
    <trkpt lat="45.513011" lon="-122.574744">
      <ele>200.0</ele>
      <time>2024-03-12T07:51:20.000Z</time>
      <extensions><gpxtpx:TrackPointExtension><gpxtpx:hr>131</gpxtpx:hr><gpxtpx:cad>86</gpxtpx:cad></gpxtpx:TrackPointExtension></extensions>
    </trkpt>
    <trkpt lat="45.513048" lon="-122.574676">
      <ele>200.0</ele>
      <time>2024-03-12T07:51:21.000Z</time>
      <extensions><gpxtpx:TrackPointExtension><gpxtpx:hr>134</gpxtpx:hr><gpxtpx:cad>81</gpxtpx:cad></gpxtpx:TrackPointExtension></extensions>
    </trkpt>
    <trkpt lat="45.513084" lon="-122.574608">
      <ele>200.0</ele>
      <time>2024-03-12T07:51:22.000Z</time>
      <extensions><gpxtpx:TrackPointExtension><gpxtpx:hr>136</gpxtpx:hr><gpxtpx:cad>80</gpxtpx:cad></gpxtpx:TrackPointExtension></extensions>
    </trkpt>
    <trkpt lat="45.513120" lon="-122.574540">
      <ele>200.0</ele>
      <time>2024-03-12T07:51:23.000Z</time>
      <extensions><gpxtpx:TrackPointExtension><gpxtpx:hr>134</gpxtpx:hr><gpxtpx:cad>84</gpxtpx:cad></gpxtpx:TrackPointExtension></extensions>
    </trkpt>
    <trkpt lat="45.513157" lon="-122.574473">
      <ele>200.0</ele>
      <time>2024-03-12T07:51:24.000Z</time>
      <extensions><gpxtpx:TrackPointExtension><gpxtpx:hr>133</gpxtpx:hr><gpxtpx:cad>85</gpxtpx:cad></gpxtpx:TrackPointExtension></extensions>
    </trkpt>
    <trkpt lat="45.513193" lon="-122.574405">
      <ele>200.0</ele>
      <time>2024-03-12T07:51:25.000Z</time>
      <extensions><gpxtpx:TrackPointExtension><gpxtpx:hr>133</gpxtpx:hr><gpxtpx:cad>85</gpxtpx:cad></gpxtpx:TrackPointExtension></extensions>
    </trkpt>
    <trkpt lat="45.513229" lon="-122.574337">
      <ele>200.0</ele>
      <time>2024-03-12T07:51:26.000Z</time>
      <extensions><gpxtpx:TrackPointExtension><gpxtpx:hr>134</gpxtpx:hr><gpxtpx:cad>78</gpxtpx:cad></gpxtpx:TrackPointExtension></extensions>
    </trkpt>
    <trkpt lat="45.513266" lon="-122.574269">
      <ele>200.0</ele>
      <time>2024-03-12T07:51:27.000Z</time>
      <extensions><gpxtpx:TrackPointExtension><gpxtpx:hr>137</gpxtpx:hr><gpxtpx:cad>85</gpxtpx:cad></gpxtpx:TrackPointExtension></extensions>
    </trkpt>
    <trkpt lat="45.513302" lon="-122.574201">
      <ele>200.0</ele>
      <time>2024-03-12T07:51:28.000Z</time>
      <extensions><gpxtpx:TrackPointExtension><gpxtpx:hr>129</gpxtpx:hr><gpxtpx:cad>82</gpxtpx:cad></gpxtpx:TrackPointExtension></extensions>
    </trkpt>
    <trkpt lat="45.513338" lon="-122.574133">
      <ele>200.0</ele>
      <time>2024-03-12T07:51:29.000Z</time>
      <extensions><gpxtpx:TrackPointExtension><gpxtpx:hr>132</gpxtpx:hr><gpxtpx:cad>79</gpxtpx:cad></gpxtpx:TrackPointExtension></extensions>
    </trkpt>
    <trkpt lat="45.513375" lon="-122.574065">
      <ele>200.0</ele>
      <time>2024-03-12T07:51:30.000Z</time>
      <extensions><gpxtpx:TrackPointExtension><gpxtpx:hr>134</gpxtpx:hr><gpxtpx:cad>81</gpxtpx:cad></gpxtpx:TrackPointExtension></extensions>
    </trkpt>
    <trkpt lat="45.513411" lon="-122.573997">
      <ele>200.0</ele>
      <time>2024-03-12T07:51:31.000Z</time>
      <extensions><gpxtpx:TrackPointExtension><gpxtpx:hr>130</gpxtpx:hr><gpxtpx:cad>83</gpxtpx:cad></gpxtpx:TrackPointExtension></extensions>
    </trkpt>
    <trkpt lat="45.513448" lon="-122.573930">
      <ele>200.0</ele>
      <time>2024-03-12T07:51:32.000Z</time>
      <extensions><gpxtpx:TrackPointExtension><gpxtpx:hr>130</gpxtpx:hr><gpxtpx:cad>82</gpxtpx:cad></gpxtpx:TrackPointExtension></extensions>
    </trkpt>
    <trkpt lat="45.513484" lon="-122.573862">
      <ele>200.0</ele>
      <time>2024-03-12T07:51:33.000Z</time>
      <extensions><gpxtpx:TrackPointExtension><gpxtpx:hr>137</gpxtpx:hr><gpxtpx:cad>78</gpxtpx:cad></gpxtpx:TrackPointExtension></extensions>
    </trkpt>
    <trkpt lat="45.513521" lon="-122.573794">
      <ele>200.0</ele>
      <time>2024-03-12T07:51:34.000Z</time>
      <extensions><gpxtpx:TrackPointExtension><gpxtpx:hr>131</gpxtpx:hr><gpxtpx:cad>82</gpxtpx:cad></gpxtpx:TrackPointExtension></extensions>
    </trkpt>
    <trkpt lat="45.513557" lon="-122.573726">
      <ele>200.0</ele>
      <time>2024-03-12T07:51:35.000Z</time>
      <extensions><gpxtpx:TrackPointExtension><gpxtpx:hr>131</gpxtpx:hr><gpxtpx:cad>78</gpxtpx:cad></gpxtpx:TrackPointExtension></extensions>
    </trkpt>
    <trkpt lat="45.513593" lon="-122.573658">
      <ele>200.0</ele>
      <time>2024-03-12T07:51:36.000Z</time>
      <extensions><gpxtpx:TrackPointExtension><gpxtpx:hr>135</gpxtpx:hr><gpxtpx:cad>85</gpxtpx:cad></gpxtpx:TrackPointExtension></extensions>
    </trkpt>
    <trkpt lat="45.513630" lon="-122.573590">
      <ele>200.0</ele>
      <time>2024-03-12T07:51:37.000Z</time>
      <extensions><gpxtpx:TrackPointExtension><gpxtpx:hr>136</gpxtpx:hr><gpxtpx:cad>86</gpxtpx:cad></gpxtpx:TrackPointExtension></extensions>
    </trkpt>
    <trkpt lat="45.513666" lon="-122.573523">
      <ele>200.0</ele>
      <time>2024-03-12T07:51:38.000Z</time>
      <extensions><gpxtpx:TrackPointExtension><gpxtpx:hr>137</gpxtpx:hr><gpxtpx:cad>80</gpxtpx:cad></gpxtpx:TrackPointExtension></extensions>
    </trkpt>
    <trkpt lat="45.513703" lon="-122.573455">
      <ele>200.0</ele>
      <time>2024-03-12T07:51:39.000Z</time>
      <extensions><gpxtpx:TrackPointExtension><gpxtpx:hr>131</gpxtpx:hr><gpxtpx:cad>86</gpxtpx:cad></gpxtpx:TrackPointExtension></extensions>
    </trkpt>
    <trkpt lat="45.513739" lon="-122.573387">
      <ele>200.0</ele>
      <time>2024-03-12T07:51:40.000Z</time>
      <extensions><gpxtpx:TrackPointExtension><gpxtpx:hr>136</gpxtpx:hr><gpxtpx:cad>77</gpxtpx:cad></gpxtpx:TrackPointExtension></extensions>
    </trkpt>
    <trkpt lat="45.513776" lon="-122.573319">
      <ele>200.0</ele>
      <time>2024-03-12T07:51:41.000Z</time>
      <extensions><gpxtpx:TrackPointExtension><gpxtpx:hr>137</gpxtpx:hr><gpxtpx:cad>85</gpxtpx:cad></gpxtpx:TrackPointExtension></extensions>
    </trkpt>
    <trkpt lat="45.513812" lon="-122.573252">
      <ele>200.0</ele>
      <time>2024-03-12T07:51:42.000Z</time>
      <extensions><gpxtpx:TrackPointExtension><gpxtpx:hr>130</gpxtpx:hr><gpxtpx:cad>84</gpxtpx:cad></gpxtpx:TrackPointExtension></extensions>
    </trkpt>
    <trkpt lat="45.513849" lon="-122.573184">
      <ele>200.0</ele>
      <time>2024-03-12T07:51:43.000Z</time>
      <extensions><gpxtpx:TrackPointExtension><gpxtpx:hr>131</gpxtpx:hr><gpxtpx:cad>82</gpxtpx:cad></gpxtpx:TrackPointExtension></extensions>
    </trkpt>
    <trkpt lat="45.513885" lon="-122.573116">
      <ele>200.0</ele>
      <time>2024-03-12T07:51:44.000Z</time>
      <extensions><gpxtpx:TrackPointExtension><gpxtpx:hr>130</gpxtpx:hr><gpxtpx:cad>79</gpxtpx:cad></gpxtpx:TrackPointExtension></extensions>
    </trkpt>
    <trkpt lat="45.513922" lon="-122.573048">
      <ele>200.0</ele>
      <time>2024-03-12T07:51:45.000Z</time>
      <extensions><gpxtpx:TrackPointExtension><gpxtpx:hr>133</gpxtpx:hr><gpxtpx:cad>81</gpxtpx:cad></gpxtpx:TrackPointExtension></extensions>
    </trkpt>
    <trkpt lat="45.513959" lon="-122.572981">
      <ele>200.0</ele>
      <time>2024-03-12T07:51:46.000Z</time>
      <extensions><gpxtpx:TrackPointExtension><gpxtpx:hr>136</gpxtpx:hr><gpxtpx:cad>87</gpxtpx:cad></gpxtpx:TrackPointExtension></extensions>
    </trkpt>
    <trkpt lat="45.513995" lon="-122.572913">
      <ele>200.0</ele>
      <time>2024-03-12T07:51:47.000Z</time>
      <extensions><gpxtpx:TrackPointExtension><gpxtpx:hr>132</gpxtpx:hr><gpxtpx:cad>83</gpxtpx:cad></gpxtpx:TrackPointExtension></extensions>
    </trkpt>
    <trkpt lat="45.514032" lon="-122.572845">
      <ele>200.0</ele>
      <time>2024-03-12T07:51:48.000Z</time>
      <extensions><gpxtpx:TrackPointExtension><gpxtpx:hr>130</gpxtpx:hr><gpxtpx:cad>78</gpxtpx:cad></gpxtpx:TrackPointExtension></extensions>
    </trkpt>
    <trkpt lat="45.514068" lon="-122.572778">
      <ele>200.0</ele>
      <time>2024-03-12T07:51:49.000Z</time>
      <extensions><gpxtpx:TrackPointExtension><gpxtpx:hr>137</gpxtpx:hr><gpxtpx:cad>86</gpxtpx:cad></gpxtpx:TrackPointExtension></extensions>
    </trkpt>
    <trkpt lat="45.514105" lon="-122.572710">
      <ele>200.0</ele>
      <time>2024-03-12T07:51:50.000Z</time>
      <extensions><gpxtpx:TrackPointExtension><gpxtpx:hr>134</gpxtpx:hr><gpxtpx:cad>86</gpxtpx:cad></gpxtpx:TrackPointExtension></extensions>
    </trkpt>
    <trkpt lat="45.514141" lon="-122.572642">
      <ele>200.0</ele>
      <time>2024-03-12T07:51:51.000Z</time>
      <extensions><gpxtpx:TrackPointExtension><gpxtpx:hr>130</gpxtpx:hr><gpxtpx:cad>82</gpxtpx:cad></gpxtpx:TrackPointExtension></extensions>
    </trkpt>
    <trkpt lat="45.514178" lon="-122.572575">
      <ele>200.0</ele>
      <time>2024-03-12T07:51:52.000Z</time>
      <extensions><gpxtpx:TrackPointExtension><gpxtpx:hr>135</gpxtpx:hr><gpxtpx:cad>85</gpxtpx:cad></gpxtpx:TrackPointExtension></extensions>
    </trkpt>
    <trkpt lat="45.514214" lon="-122.572507">
      <ele>200.0</ele>
      <time>2024-03-12T07:51:53.000Z</time>
      <extensions><gpxtpx:TrackPointExtension><gpxtpx:hr>132</gpxtpx:hr><gpxtpx:cad>83</gpxtpx:cad></gpxtpx:TrackPointExtension></extensions>
    </trkpt>
    <trkpt lat="45.514251" lon="-122.572439">
      <ele>200.0</ele>
      <time>2024-03-12T07:51:54.000Z</time>
      <extensions><gpxtpx:TrackPointExtension><gpxtpx:hr>132</gpxtpx:hr><gpxtpx:cad>79</gpxtpx:cad></gpxtpx:TrackPointExtension></extensions>
    </trkpt>
    <trkpt lat="45.514288" lon="-122.572372">
      <ele>200.0</ele>
      <time>2024-03-12T07:51:55.000Z</time>
      <extensions><gpxtpx:TrackPointExtension><gpxtpx:hr>132</gpxtpx:hr><gpxtpx:cad>77</gpxtpx:cad></gpxtpx:TrackPointExtension></extensions>
    </trkpt>
    <trkpt lat="45.514324" lon="-122.572304">
      <ele>200.0</ele>
      <time>2024-03-12T07:51:56.000Z</time>
      <extensions><gpxtpx:TrackPointExtension><gpxtpx:hr>134</gpxtpx:hr><gpxtpx:cad>82</gpxtpx:cad></gpxtpx:TrackPointExtension></extensions>
    </trkpt>
    <trkpt lat="45.514361" lon="-122.572236">
      <ele>200.0</ele>
      <time>2024-03-12T07:51:57.000Z</time>
      <extensions><gpxtpx:TrackPointExtension><gpxtpx:hr>134</gpxtpx:hr><gpxtpx:cad>85</gpxtpx:cad></gpxtpx:TrackPointExtension></extensions>
    </trkpt>
    <trkpt lat="45.514397" lon="-122.572169">
      <ele>200.0</ele>
      <time>2024-03-12T07:51:58.000Z</time>
      <extensions><gpxtpx:TrackPointExtension><gpxtpx:hr>131</gpxtpx:hr><gpxtpx:cad>82</gpxtpx:cad></gpxtpx:TrackPointExtension></extensions>
    </trkpt>
    <trkpt lat="45.514434" lon="-122.572101">
      <ele>200.0</ele>
      <time>2024-03-12T07:51:59.000Z</time>
      <extensions><gpxtpx:TrackPointExtension><gpxtpx:hr>130</gpxtpx:hr><gpxtpx:cad>79</gpxtpx:cad></gpxtpx:TrackPointExtension></extensions>
    </trkpt>
    <trkpt lat="45.514471" lon="-122.572033">
      <ele>200.0</ele>
      <time>2024-03-12T07:52:00.000Z</time>
      <extensions><gpxtpx:TrackPointExtension><gpxtpx:hr>137</gpxtpx:hr><gpxtpx:cad>80</gpxtpx:cad></gpxtpx:TrackPointExtension></extensions>
    </trkpt>
    <trkpt lat="45.514507" lon="-122.571966">
      <ele>200.0</ele>
      <time>2024-03-12T07:52:01.000Z</time>
      <extensions><gpxtpx:TrackPointExtension><gpxtpx:hr>131</gpxtpx:hr><gpxtpx:cad>87</gpxtpx:cad></gpxtpx:TrackPointExtension></extensions>
    </trkpt>
    <trkpt lat="45.514544" lon="-122.571898">
      <ele>200.0</ele>
      <time>2024-03-12T07:52:02.000Z</time>
      <extensions><gpxtpx:TrackPointExtension><gpxtpx:hr>132</gpxtpx:hr><gpxtpx:cad>86</gpxtpx:cad></gpxtpx:TrackPointExtension></extensions>
    </trkpt>
    <trkpt lat="45.514580" lon="-122.571830">
      <ele>200.0</ele>
      <time>2024-03-12T07:52:03.000Z</time>
      <extensions><gpxtpx:TrackPointExtension><gpxtpx:hr>130</gpxtpx:hr><gpxtpx:cad>83</gpxtpx:cad></gpxtpx:TrackPointExtension></extensions>
    </trkpt>
    <trkpt lat="45.514617" lon="-122.571763">
      <ele>200.0</ele>
      <time>2024-03-12T07:52:04.000Z</time>
      <extensions><gpxtpx:TrackPointExtension><gpxtpx:hr>135</gpxtpx:hr><gpxtpx:cad>80</gpxtpx:cad></gpxtpx:TrackPointExtension></extensions>
    </trkpt>
    <trkpt lat="45.514654" lon="-122.571695">
      <ele>200.0</ele>
      <time>2024-03-12T07:52:05.000Z</time>
      <extensions><gpxtpx:TrackPointExtension><gpxtpx:hr>133</gpxtpx:hr><gpxtpx:cad>83</gpxtpx:cad></gpxtpx:TrackPointExtension></extensions>
    </trkpt>
    <trkpt lat="45.514690" lon="-122.571627">
      <ele>200.0</ele>
      <time>2024-03-12T07:52:06.000Z</time>
      <extensions><gpxtpx:TrackPointExtension><gpxtpx:hr>130</gpxtpx:hr><gpxtpx:cad>80</gpxtpx:cad></gpxtpx:TrackPointExtension></extensions>
    </trkpt>
    <trkpt lat="45.514727" lon="-122.571560">
      <ele>200.0</ele>
      <time>2024-03-12T07:52:07.000Z</time>
      <extensions><gpxtpx:TrackPointExtension><gpxtpx:hr>133</gpxtpx:hr><gpxtpx:cad>82</gpxtpx:cad></gpxtpx:TrackPointExtension></extensions>
    </trkpt>
    <trkpt lat="45.514763" lon="-122.571492">
      <ele>200.0</ele>
      <time>2024-03-12T07:52:08.000Z</time>
      <extensions><gpxtpx:TrackPointExtension><gpxtpx:hr>135</gpxtpx:hr><gpxtpx:cad>84</gpxtpx:cad></gpxtpx:TrackPointExtension></extensions>
    </trkpt>
    <trkpt lat="45.514800" lon="-122.571425">
      <ele>200.0</ele>
      <time>2024-03-12T07:52:09.000Z</time>
      <extensions><gpxtpx:TrackPointExtension><gpxtpx:hr>134</gpxtpx:hr><gpxtpx:cad>87</gpxtpx:cad></gpxtpx:TrackPointExtension></extensions>
    </trkpt>
    <trkpt lat="45.514837" lon="-122.571357">
      <ele>200.0</ele>
      <time>2024-03-12T07:52:10.000Z</time>
      <extensions><gpxtpx:TrackPointExtension><gpxtpx:hr>130</gpxtpx:hr><gpxtpx:cad>82</gpxtpx:cad></gpxtpx:TrackPointExtension></extensions>
    </trkpt>
    <trkpt lat="45.514873" lon="-122.571289">
      <ele>200.0</ele>
      <time>2024-03-12T07:52:11.000Z</time>
      <extensions><gpxtpx:TrackPointExtension><gpxtpx:hr>136</gpxtpx:hr><gpxtpx:cad>82</gpxtpx:cad></gpxtpx:TrackPointExtension></extensions>
    </trkpt>
    <trkpt lat="45.514910" lon="-122.571222">
      <ele>200.0</ele>
      <time>2024-03-12T07:52:12.000Z</time>
      <extensions><gpxtpx:TrackPointExtension><gpxtpx:hr>133</gpxtpx:hr><gpxtpx:cad>77</gpxtpx:cad></gpxtpx:TrackPointExtension></extensions>
    </trkpt>
    <trkpt lat="45.514947" lon="-122.571154">
      <ele>200.0</ele>
      <time>2024-03-12T07:52:13.000Z</time>
      <extensions><gpxtpx:TrackPointExtension><gpxtpx:hr>134</gpxtpx:hr><gpxtpx:cad>87</gpxtpx:cad></gpxtpx:TrackPointExtension></extensions>
    </trkpt>
    <trkpt lat="45.514983" lon="-122.571087">
      <ele>200.0</ele>
      <time>2024-03-12T07:52:14.000Z</time>
      <extensions><gpxtpx:TrackPointExtension><gpxtpx:hr>133</gpxtpx:hr><gpxtpx:cad>78</gpxtpx:cad></gpxtpx:TrackPointExtension></extensions>
    </trkpt>
    <trkpt lat="45.515020" lon="-122.571019">
      <ele>200.0</ele>
      <time>2024-03-12T07:52:15.000Z</time>
      <extensions><gpxtpx:TrackPointExtension><gpxtpx:hr>136</gpxtpx:hr><gpxtpx:cad>85</gpxtpx:cad></gpxtpx:TrackPointExtension></extensions>
    </trkpt>
    <trkpt lat="45.515057" lon="-122.570951">
      <ele>200.0</ele>
      <time>2024-03-12T07:52:16.000Z</time>
      <extensions><gpxtpx:TrackPointExtension><gpxtpx:hr>137</gpxtpx:hr><gpxtpx:cad>83</gpxtpx:cad></gpxtpx:TrackPointExtension></extensions>
    </trkpt>
    <trkpt lat="45.515093" lon="-122.570884">
      <ele>200.0</ele>
      <time>2024-03-12T07:52:17.000Z</time>
      <extensions><gpxtpx:TrackPointExtension><gpxtpx:hr>131</gpxtpx:hr><gpxtpx:cad>79</gpxtpx:cad></gpxtpx:TrackPointExtension></extensions>
    </trkpt>
    <trkpt lat="45.515130" lon="-122.570816">
      <ele>200.0</ele>
      <time>2024-03-12T07:52:18.000Z</time>
      <extensions><gpxtpx:TrackPointExtension><gpxtpx:hr>129</gpxtpx:hr><gpxtpx:cad>86</gpxtpx:cad></gpxtpx:TrackPointExtension></extensions>
    </trkpt>
    <trkpt lat="45.515167" lon="-122.570749">
      <ele>200.0</ele>
      <time>2024-03-12T07:52:19.000Z</time>
      <extensions><gpxtpx:TrackPointExtension><gpxtpx:hr>132</gpxtpx:hr><gpxtpx:cad>86</gpxtpx:cad></gpxtpx:TrackPointExtension></extensions>
    </trkpt>
    <trkpt lat="45.515203" lon="-122.570681">
      <ele>200.0</ele>
      <time>2024-03-12T07:52:20.000Z</time>
      <extensions><gpxtpx:TrackPointExtension><gpxtpx:hr>136</gpxtpx:hr><gpxtpx:cad>79</gpxtpx:cad></gpxtpx:TrackPointExtension></extensions>
    </trkpt>
    <trkpt lat="45.515240" lon="-122.570614">
      <ele>200.0</ele>
      <time>2024-03-12T07:52:21.000Z</time>
      <extensions><gpxtpx:TrackPointExtension><gpxtpx:hr>137</gpxtpx:hr><gpxtpx:cad>83</gpxtpx:cad></gpxtpx:TrackPointExtension></extensions>
    </trkpt>
    <trkpt lat="45.515277" lon="-122.570546">
      <ele>200.0</ele>
      <time>2024-03-12T07:52:22.000Z</time>
      <extensions><gpxtpx:TrackPointExtension><gpxtpx:hr>131</gpxtpx:hr><gpxtpx:cad>85</gpxtpx:cad></gpxtpx:TrackPointExtension></extensions>
    </trkpt>
    <trkpt lat="45.515313" lon="-122.570478">
      <ele>200.0</ele>
      <time>2024-03-12T07:52:23.000Z</time>
      <extensions><gpxtpx:TrackPointExtension><gpxtpx:hr>129</gpxtpx:hr><gpxtpx:cad>83</gpxtpx:cad></gpxtpx:TrackPointExtension></extensions>
    </trkpt>
    <trkpt lat="45.515350" lon="-122.570411">
      <ele>200.0</ele>
      <time>2024-03-12T07:52:24.000Z</time>
      <extensions><gpxtpx:TrackPointExtension><gpxtpx:hr>133</gpxtpx:hr><gpxtpx:cad>79</gpxtpx:cad></gpxtpx:TrackPointExtension></extensions>
    </trkpt>
    <trkpt lat="45.515387" lon="-122.570343">
      <ele>200.0</ele>
      <time>2024-03-12T07:52:25.000Z</time>
      <extensions><gpxtpx:TrackPointExtension><gpxtpx:hr>137</gpxtpx:hr><gpxtpx:cad>87</gpxtpx:cad></gpxtpx:TrackPointExtension></extensions>
    </trkpt>
    <trkpt lat="45.515423" lon="-122.570276">
      <ele>200.0</ele>
      <time>2024-03-12T07:52:26.000Z</time>
      <extensions><gpxtpx:TrackPointExtension><gpxtpx:hr>134</gpxtpx:hr><gpxtpx:cad>82</gpxtpx:cad></gpxtpx:TrackPointExtension></extensions>
    </trkpt>
    <trkpt lat="45.515460" lon="-122.570208">
      <ele>200.0</ele>
      <time>2024-03-12T07:52:27.000Z</time>
      <extensions><gpxtpx:TrackPointExtension><gpxtpx:hr>132</gpxtpx:hr><gpxtpx:cad>78</gpxtpx:cad></gpxtpx:TrackPointExtension></extensions>
    </trkpt>
    <trkpt lat="45.515497" lon="-122.570141">
      <ele>200.0</ele>
      <time>2024-03-12T07:52:28.000Z</time>
      <extensions><gpxtpx:TrackPointExtension><gpxtpx:hr>135</gpxtpx:hr><gpxtpx:cad>81</gpxtpx:cad></gpxtpx:TrackPointExtension></extensions>
    </trkpt>
    <trkpt lat="45.515533" lon="-122.570073">
      <ele>200.0</ele>
      <time>2024-03-12T07:52:29.000Z</time>
      <extensions><gpxtpx:TrackPointExtension><gpxtpx:hr>131</gpxtpx:hr><gpxtpx:cad>79</gpxtpx:cad></gpxtpx:TrackPointExtension></extensions>
    </trkpt>
    <trkpt lat="45.515570" lon="-122.570006">
      <ele>200.0</ele>
      <time>2024-03-12T07:52:30.000Z</time>
      <extensions><gpxtpx:TrackPointExtension><gpxtpx:hr>130</gpxtpx:hr><gpxtpx:cad>80</gpxtpx:cad></gpxtpx:TrackPointExtension></extensions>
    </trkpt>
    <trkpt lat="45.515607" lon="-122.569938">
      <ele>200.0</ele>
      <time>2024-03-12T07:52:31.000Z</time>
      <extensions><gpxtpx:TrackPointExtension><gpxtpx:hr>137</gpxtpx:hr><gpxtpx:cad>79</gpxtpx:cad></gpxtpx:TrackPointExtension></extensions>
    </trkpt>
    <trkpt lat="45.515644" lon="-122.569871">
      <ele>200.0</ele>
      <time>2024-03-12T07:52:32.000Z</time>
      <extensions><gpxtpx:TrackPointExtension><gpxtpx:hr>130</gpxtpx:hr><gpxtpx:cad>85</gpxtpx:cad></gpxtpx:TrackPointExtension></extensions>
    </trkpt>
    <trkpt lat="45.515680" lon="-122.569803">
      <ele>200.0</ele>
      <time>2024-03-12T07:52:33.000Z</time>
      <extensions><gpxtpx:TrackPointExtension><gpxtpx:hr>133</gpxtpx:hr><gpxtpx:cad>79</gpxtpx:cad></gpxtpx:TrackPointExtension></extensions>
    </trkpt>
    <trkpt lat="45.515717" lon="-122.569736">
      <ele>200.0</ele>
      <time>2024-03-12T07:52:34.000Z</time>
      <extensions><gpxtpx:TrackPointExtension><gpxtpx:hr>133</gpxtpx:hr><gpxtpx:cad>78</gpxtpx:cad></gpxtpx:TrackPointExtension></extensions>
    </trkpt>
    <trkpt lat="45.515754" lon="-122.569668">
      <ele>200.0</ele>
      <time>2024-03-12T07:52:35.000Z</time>
      <extensions><gpxtpx:TrackPointExtension><gpxtpx:hr>136</gpxtpx:hr><gpxtpx:cad>82</gpxtpx:cad></gpxtpx:TrackPointExtension></extensions>
    </trkpt>
    <trkpt lat="45.515790" lon="-122.569601">
      <ele>200.0</ele>
      <time>2024-03-12T07:52:36.000Z</time>
      <extensions><gpxtpx:TrackPointExtension><gpxtpx:hr>131</gpxtpx:hr><gpxtpx:cad>85</gpxtpx:cad></gpxtpx:TrackPointExtension></extensions>
    </trkpt>
    <trkpt lat="45.515827" lon="-122.569533">
      <ele>200.0</ele>
      <time>2024-03-12T07:52:37.000Z</time>
      <extensions><gpxtpx:TrackPointExtension><gpxtpx:hr>132</gpxtpx:hr><gpxtpx:cad>86</gpxtpx:cad></gpxtpx:TrackPointExtension></extensions>
    </trkpt>
    <trkpt lat="45.515864" lon="-122.569466">
      <ele>200.0</ele>
      <time>2024-03-12T07:52:38.000Z</time>
      <extensions><gpxtpx:TrackPointExtension><gpxtpx:hr>130</gpxtpx:hr><gpxtpx:cad>83</gpxtpx:cad></gpxtpx:TrackPointExtension></extensions>
    </trkpt>
    <trkpt lat="45.515901" lon="-122.569398">
      <ele>200.0</ele>
      <time>2024-03-12T07:52:39.000Z</time>
      <extensions><gpxtpx:TrackPointExtension><gpxtpx:hr>132</gpxtpx:hr><gpxtpx:cad>78</gpxtpx:cad></gpxtpx:TrackPointExtension></extensions>
    </trkpt>
    <trkpt lat="45.515937" lon="-122.569331">
      <ele>200.0</ele>
      <time>2024-03-12T07:52:40.000Z</time>
      <extensions><gpxtpx:TrackPointExtension><gpxtpx:hr>136</gpxtpx:hr><gpxtpx:cad>82</gpxtpx:cad></gpxtpx:TrackPointExtension></extensions>
    </trkpt>
    <trkpt lat="45.515974" lon="-122.569263">
      <ele>200.0</ele>
      <time>2024-03-12T07:52:41.000Z</time>
      <extensions><gpxtpx:TrackPointExtension><gpxtpx:hr>131</gpxtpx:hr><gpxtpx:cad>77</gpxtpx:cad></gpxtpx:TrackPointExtension></extensions>
    </trkpt>
    <trkpt lat="45.516011" lon="-122.569196">
      <ele>200.0</ele>
      <time>2024-03-12T07:52:42.000Z</time>
      <extensions><gpxtpx:TrackPointExtension><gpxtpx:hr>133</gpxtpx:hr><gpxtpx:cad>82</gpxtpx:cad></gpxtpx:TrackPointExtension></extensions>
    </trkpt>
    <trkpt lat="45.516048" lon="-122.569128">
      <ele>200.0</ele>
      <time>2024-03-12T07:52:43.000Z</time>
      <extensions><gpxtpx:TrackPointExtension><gpxtpx:hr>131</gpxtpx:hr><gpxtpx:cad>82</gpxtpx:cad></gpxtpx:TrackPointExtension></extensions>
    </trkpt>
    <trkpt lat="45.516085" lon="-122.569061">
      <ele>200.0</ele>
      <time>2024-03-12T07:52:44.000Z</time>
      <extensions><gpxtpx:TrackPointExtension><gpxtpx:hr>137</gpxtpx:hr><gpxtpx:cad>80</gpxtpx:cad></gpxtpx:TrackPointExtension></extensions>
    </trkpt>
    <trkpt lat="45.516121" lon="-122.568993">
      <ele>200.0</ele>
      <time>2024-03-12T07:52:45.000Z</time>
      <extensions><gpxtpx:TrackPointExtension><gpxtpx:hr>132</gpxtpx:hr><gpxtpx:cad>78</gpxtpx:cad></gpxtpx:TrackPointExtension></extensions>
    </trkpt>
    <trkpt lat="45.516158" lon="-122.568926">
      <ele>200.0</ele>
      <time>2024-03-12T07:52:46.000Z</time>
      <extensions><gpxtpx:TrackPointExtension><gpxtpx:hr>134</gpxtpx:hr><gpxtpx:cad>81</gpxtpx:cad></gpxtpx:TrackPointExtension></extensions>
    </trkpt>
    <trkpt lat="45.516195" lon="-122.568858">
      <ele>200.0</ele>
      <time>2024-03-12T07:52:47.000Z</time>
      <extensions><gpxtpx:TrackPointExtension><gpxtpx:hr>132</gpxtpx:hr><gpxtpx:cad>86</gpxtpx:cad></gpxtpx:TrackPointExtension></extensions>
    </trkpt>
    <trkpt lat="45.516232" lon="-122.568791">
      <ele>200.0</ele>
      <time>2024-03-12T07:52:48.000Z</time>
      <extensions><gpxtpx:TrackPointExtension><gpxtpx:hr>137</gpxtpx:hr><gpxtpx:cad>86</gpxtpx:cad></gpxtpx:TrackPointExtension></extensions>
    </trkpt>
    <trkpt lat="45.516269" lon="-122.568724">
      <ele>200.0</ele>
      <time>2024-03-12T07:52:49.000Z</time>
      <extensions><gpxtpx:TrackPointExtension><gpxtpx:hr>134</gpxtpx:hr><gpxtpx:cad>80</gpxtpx:cad></gpxtpx:TrackPointExtension></extensions>
    </trkpt>
    <trkpt lat="45.516305" lon="-122.568656">
      <ele>200.0</ele>
      <time>2024-03-12T07:52:50.000Z</time>
      <extensions><gpxtpx:TrackPointExtension><gpxtpx:hr>130</gpxtpx:hr><gpxtpx:cad>85</gpxtpx:cad></gpxtpx:TrackPointExtension></extensions>
    </trkpt>
    <trkpt lat="45.516342" lon="-122.568589">
      <ele>200.0</ele>
      <time>2024-03-12T07:52:51.000Z</time>
      <extensions><gpxtpx:TrackPointExtension><gpxtpx:hr>131</gpxtpx:hr><gpxtpx:cad>84</gpxtpx:cad></gpxtpx:TrackPointExtension></extensions>
    </trkpt>
    <trkpt lat="45.516379" lon="-122.568522">
      <ele>200.0</ele>
      <time>2024-03-12T07:52:52.000Z</time>
      <extensions><gpxtpx:TrackPointExtension><gpxtpx:hr>135</gpxtpx:hr><gpxtpx:cad>86</gpxtpx:cad></gpxtpx:TrackPointExtension></extensions>
    </trkpt>
    <trkpt lat="45.516416" lon="-122.568454">
      <ele>200.0</ele>
      <time>2024-03-12T07:52:53.000Z</time>
      <extensions><gpxtpx:TrackPointExtension><gpxtpx:hr>130</gpxtpx:hr><gpxtpx:cad>82</gpxtpx:cad></gpxtpx:TrackPointExtension></extensions>
    </trkpt>
    <trkpt lat="45.516453" lon="-122.568387">
      <ele>200.0</ele>
      <time>2024-03-12T07:52:54.000Z</time>
      <extensions><gpxtpx:TrackPointExtension><gpxtpx:hr>134</gpxtpx:hr><gpxtpx:cad>80</gpxtpx:cad></gpxtpx:TrackPointExtension></extensions>
    </trkpt>
    <trkpt lat="45.516490" lon="-122.568319">
      <ele>200.0</ele>
      <time>2024-03-12T07:52:55.000Z</time>
      <extensions><gpxtpx:TrackPointExtension><gpxtpx:hr>130</gpxtpx:hr><gpxtpx:cad>78</gpxtpx:cad></gpxtpx:TrackPointExtension></extensions>
    </trkpt>
    <trkpt lat="45.516527" lon="-122.568252">
      <ele>200.0</ele>
      <time>2024-03-12T07:52:56.000Z</time>
      <extensions><gpxtpx:TrackPointExtension><gpxtpx:hr>136</gpxtpx:hr><gpxtpx:cad>83</gpxtpx:cad></gpxtpx:TrackPointExtension></extensions>
    </trkpt>
    <trkpt lat="45.516563" lon="-122.568185">
      <ele>200.0</ele>
      <time>2024-03-12T07:52:57.000Z</time>
      <extensions><gpxtpx:TrackPointExtension><gpxtpx:hr>136</gpxtpx:hr><gpxtpx:cad>80</gpxtpx:cad></gpxtpx:TrackPointExtension></extensions>
    </trkpt>
    <trkpt lat="45.516600" lon="-122.568117">
      <ele>200.0</ele>
      <time>2024-03-12T07:52:58.000Z</time>
      <extensions><gpxtpx:TrackPointExtension><gpxtpx:hr>131</gpxtpx:hr><gpxtpx:cad>81</gpxtpx:cad></gpxtpx:TrackPointExtension></extensions>
    </trkpt>
    <trkpt lat="45.516637" lon="-122.568050">
      <ele>200.0</ele>
      <time>2024-03-12T07:52:59.000Z</time>
      <extensions><gpxtpx:TrackPointExtension><gpxtpx:hr>135</gpxtpx:hr><gpxtpx:cad>81</gpxtpx:cad></gpxtpx:TrackPointExtension></extensions>
    </trkpt>
    <trkpt lat="45.516674" lon="-122.567983">
      <ele>200.0</ele>
      <time>2024-03-12T07:53:00.000Z</time>
      <extensions><gpxtpx:TrackPointExtension><gpxtpx:hr>134</gpxtpx:hr><gpxtpx:cad>78</gpxtpx:cad></gpxtpx:TrackPointExtension></extensions>
    </trkpt>
    <trkpt lat="45.516711" lon="-122.567916">
      <ele>200.0</ele>
      <time>2024-03-12T07:53:01.000Z</time>
      <extensions><gpxtpx:TrackPointExtension><gpxtpx:hr>131</gpxtpx:hr><gpxtpx:cad>86</gpxtpx:cad></gpxtpx:TrackPointExtension></extensions>
    </trkpt>
    <trkpt lat="45.516748" lon="-122.567848">
      <ele>200.0</ele>
      <time>2024-03-12T07:53:02.000Z</time>
      <extensions><gpxtpx:TrackPointExtension><gpxtpx:hr>130</gpxtpx:hr><gpxtpx:cad>80</gpxtpx:cad></gpxtpx:TrackPointExtension></extensions>
    </trkpt>
    <trkpt lat="45.516785" lon="-122.567781">
      <ele>200.0</ele>
      <time>2024-03-12T07:53:03.000Z</time>
      <extensions><gpxtpx:TrackPointExtension><gpxtpx:hr>135</gpxtpx:hr><gpxtpx:cad>82</gpxtpx:cad></gpxtpx:TrackPointExtension></extensions>
    </trkpt>
    <trkpt lat="45.516822" lon="-122.567714">
      <ele>200.0</ele>
      <time>2024-03-12T07:53:04.000Z</time>
      <extensions><gpxtpx:TrackPointExtension><gpxtpx:hr>136</gpxtpx:hr><gpxtpx:cad>87</gpxtpx:cad></gpxtpx:TrackPointExtension></extensions>
    </trkpt>
    <trkpt lat="45.516859" lon="-122.567647">
      <ele>200.0</ele>
      <time>2024-03-12T07:53:05.000Z</time>
      <extensions><gpxtpx:TrackPointExtension><gpxtpx:hr>130</gpxtpx:hr><gpxtpx:cad>85</gpxtpx:cad></gpxtpx:TrackPointExtension></extensions>
    </trkpt>
    <trkpt lat="45.516896" lon="-122.567579">
      <ele>200.0</ele>
      <time>2024-03-12T07:53:06.000Z</time>
      <extensions><gpxtpx:TrackPointExtension><gpxtpx:hr>136</gpxtpx:hr><gpxtpx:cad>85</gpxtpx:cad></gpxtpx:TrackPointExtension></extensions>
    </trkpt>
    <trkpt lat="45.516933" lon="-122.567512">
      <ele>200.0</ele>
      <time>2024-03-12T07:53:07.000Z</time>
      <extensions><gpxtpx:TrackPointExtension><gpxtpx:hr>135</gpxtpx:hr><gpxtpx:cad>77</gpxtpx:cad></gpxtpx:TrackPointExtension></extensions>
    </trkpt>
    <trkpt lat="45.516970" lon="-122.567445">
      <ele>200.0</ele>
      <time>2024-03-12T07:53:08.000Z</time>
      <extensions><gpxtpx:TrackPointExtension><gpxtpx:hr>132</gpxtpx:hr><gpxtpx:cad>79</gpxtpx:cad></gpxtpx:TrackPointExtension></extensions>
    </trkpt>
    <trkpt lat="45.517007" lon="-122.567378">
      <ele>200.0</ele>
      <time>2024-03-12T07:53:09.000Z</time>
      <extensions><gpxtpx:TrackPointExtension><gpxtpx:hr>136</gpxtpx:hr><gpxtpx:cad>85</gpxtpx:cad></gpxtpx:TrackPointExtension></extensions>
    </trkpt>
    <trkpt lat="45.517044" lon="-122.567311">
      <ele>200.0</ele>
      <time>2024-03-12T07:53:10.000Z</time>
      <extensions><gpxtpx:TrackPointExtension><gpxtpx:hr>132</gpxtpx:hr><gpxtpx:cad>79</gpxtpx:cad></gpxtpx:TrackPointExtension></extensions>
    </trkpt>
    <trkpt lat="45.517081" lon="-122.567244">
      <ele>200.0</ele>
      <time>2024-03-12T07:53:11.000Z</time>
      <extensions><gpxtpx:TrackPointExtension><gpxtpx:hr>136</gpxtpx:hr><gpxtpx:cad>82</gpxtpx:cad></gpxtpx:TrackPointExtension></extensions>
    </trkpt>
    <trkpt lat="45.517118" lon="-122.567177">
      <ele>200.0</ele>
      <time>2024-03-12T07:53:12.000Z</time>
      <extensions><gpxtpx:TrackPointExtension><gpxtpx:hr>133</gpxtpx:hr><gpxtpx:cad>81</gpxtpx:cad></gpxtpx:TrackPointExtension></extensions>
    </trkpt>
    <trkpt lat="45.517156" lon="-122.567110">
      <ele>200.0</ele>
      <time>2024-03-12T07:53:13.000Z</time>
      <extensions><gpxtpx:TrackPointExtension><gpxtpx:hr>133</gpxtpx:hr><gpxtpx:cad>79</gpxtpx:cad></gpxtpx:TrackPointExtension></extensions>
    </trkpt>
    <trkpt lat="45.517193" lon="-122.567042">
      <ele>200.0</ele>
      <time>2024-03-12T07:53:14.000Z</time>
      <extensions><gpxtpx:TrackPointExtension><gpxtpx:hr>130</gpxtpx:hr><gpxtpx:cad>80</gpxtpx:cad></gpxtpx:TrackPointExtension></extensions>
    </trkpt>
    <trkpt lat="45.517230" lon="-122.566975">
      <ele>200.0</ele>
      <time>2024-03-12T07:53:15.000Z</time>
      <extensions><gpxtpx:TrackPointExtension><gpxtpx:hr>132</gpxtpx:hr><gpxtpx:cad>78</gpxtpx:cad></gpxtpx:TrackPointExtension></extensions>
    </trkpt>
    <trkpt lat="45.517267" lon="-122.566908">
      <ele>200.0</ele>
      <time>2024-03-12T07:53:16.000Z</time>
      <extensions><gpxtpx:TrackPointExtension><gpxtpx:hr>133</gpxtpx:hr><gpxtpx:cad>80</gpxtpx:cad></gpxtpx:TrackPointExtension></extensions>
    </trkpt>
    <trkpt lat="45.517304" lon="-122.566841">
      <ele>200.0</ele>
      <time>2024-03-12T07:53:17.000Z</time>
      <extensions><gpxtpx:TrackPointExtension><gpxtpx:hr>133</gpxtpx:hr><gpxtpx:cad>86</gpxtpx:cad></gpxtpx:TrackPointExtension></extensions>
    </trkpt>
    <trkpt lat="45.517341" lon="-122.566774">
      <ele>200.0</ele>
      <time>2024-03-12T07:53:18.000Z</time>
      <extensions><gpxtpx:TrackPointExtension><gpxtpx:hr>130</gpxtpx:hr><gpxtpx:cad>82</gpxtpx:cad></gpxtpx:TrackPointExtension></extensions>
    </trkpt>
    <trkpt lat="45.517379" lon="-122.566707">
      <ele>200.0</ele>
      <time>2024-03-12T07:53:19.000Z</time>
      <extensions><gpxtpx:TrackPointExtension><gpxtpx:hr>132</gpxtpx:hr><gpxtpx:cad>84</gpxtpx:cad></gpxtpx:TrackPointExtension></extensions>
    </trkpt>
    <trkpt lat="45.517416" lon="-122.566641">
      <ele>200.0</ele>
      <time>2024-03-12T07:53:20.000Z</time>
      <extensions><gpxtpx:TrackPointExtension><gpxtpx:hr>130</gpxtpx:hr><gpxtpx:cad>77</gpxtpx:cad></gpxtpx:TrackPointExtension></extensions>
    </trkpt>
    <trkpt lat="45.517453" lon="-122.566574">
      <ele>200.0</ele>
      <time>2024-03-12T07:53:21.000Z</time>
      <extensions><gpxtpx:TrackPointExtension><gpxtpx:hr>131</gpxtpx:hr><gpxtpx:cad>85</gpxtpx:cad></gpxtpx:TrackPointExtension></extensions>
    </trkpt>
    <trkpt lat="45.517490" lon="-122.566507">
      <ele>200.0</ele>
      <time>2024-03-12T07:53:22.000Z</time>
      <extensions><gpxtpx:TrackPointExtension><gpxtpx:hr>131</gpxtpx:hr><gpxtpx:cad>84</gpxtpx:cad></gpxtpx:TrackPointExtension></extensions>
    </trkpt>
    <trkpt lat="45.517528" lon="-122.566440">
      <ele>200.0</ele>
      <time>2024-03-12T07:53:23.000Z</time>
      <extensions><gpxtpx:TrackPointExtension><gpxtpx:hr>137</gpxtpx:hr><gpxtpx:cad>77</gpxtpx:cad></gpxtpx:TrackPointExtension></extensions>
    </trkpt>
    <trkpt lat="45.517565" lon="-122.566373">
      <ele>200.0</ele>
      <time>2024-03-12T07:53:24.000Z</time>
      <extensions><gpxtpx:TrackPointExtension><gpxtpx:hr>135</gpxtpx:hr><gpxtpx:cad>80</gpxtpx:cad></gpxtpx:TrackPointExtension></extensions>
    </trkpt>
    <trkpt lat="45.517602" lon="-122.566306">
      <ele>200.0</ele>
      <time>2024-03-12T07:53:25.000Z</time>
      <extensions><gpxtpx:TrackPointExtension><gpxtpx:hr>134</gpxtpx:hr><gpxtpx:cad>83</gpxtpx:cad></gpxtpx:TrackPointExtension></extensions>
    </trkpt>
    <trkpt lat="45.517640" lon="-122.566239">
      <ele>200.0</ele>
      <time>2024-03-12T07:53:26.000Z</time>
      <extensions><gpxtpx:TrackPointExtension><gpxtpx:hr>131</gpxtpx:hr><gpxtpx:cad>78</gpxtpx:cad></gpxtpx:TrackPointExtension></extensions>
    </trkpt>
    <trkpt lat="45.517677" lon="-122.566173">
      <ele>200.0</ele>
      <time>2024-03-12T07:53:27.000Z</time>
      <extensions><gpxtpx:TrackPointExtension><gpxtpx:hr>131</gpxtpx:hr><gpxtpx:cad>80</gpxtpx:cad></gpxtpx:TrackPointExtension></extensions>
    </trkpt>
    <trkpt lat="45.517714" lon="-122.566106">
      <ele>200.0</ele>
      <time>2024-03-12T07:53:28.000Z</time>
      <extensions><gpxtpx:TrackPointExtension><gpxtpx:hr>131</gpxtpx:hr><gpxtpx:cad>87</gpxtpx:cad></gpxtpx:TrackPointExtension></extensions>
    </trkpt>
    <trkpt lat="45.517752" lon="-122.566039">
      <ele>200.0</ele>
      <time>2024-03-12T07:53:29.000Z</time>
      <extensions><gpxtpx:TrackPointExtension><gpxtpx:hr>130</gpxtpx:hr><gpxtpx:cad>86</gpxtpx:cad></gpxtpx:TrackPointExtension></extensions>
    </trkpt>
    <trkpt lat="45.517789" lon="-122.565973">
      <ele>200.0</ele>
      <time>2024-03-12T07:53:30.000Z</time>
      <extensions><gpxtpx:TrackPointExtension><gpxtpx:hr>135</gpxtpx:hr><gpxtpx:cad>82</gpxtpx:cad></gpxtpx:TrackPointExtension></extensions>
    </trkpt>
    <trkpt lat="45.517827" lon="-122.565906">
      <ele>200.0</ele>
      <time>2024-03-12T07:53:31.000Z</time>
      <extensions><gpxtpx:TrackPointExtension><gpxtpx:hr>133</gpxtpx:hr><gpxtpx:cad>78</gpxtpx:cad></gpxtpx:TrackPointExtension></extensions>
    </trkpt>
    <trkpt lat="45.517864" lon="-122.565839">
      <ele>200.0</ele>
      <time>2024-03-12T07:53:32.000Z</time>
      <extensions><gpxtpx:TrackPointExtension><gpxtpx:hr>133</gpxtpx:hr><gpxtpx:cad>84</gpxtpx:cad></gpxtpx:TrackPointExtension></extensions>
    </trkpt>
    <trkpt lat="45.517902" lon="-122.565773">
      <ele>200.0</ele>
      <time>2024-03-12T07:53:33.000Z</time>
      <extensions><gpxtpx:TrackPointExtension><gpxtpx:hr>133</gpxtpx:hr><gpxtpx:cad>79</gpxtpx:cad></gpxtpx:TrackPointExtension></extensions>
    </trkpt>
    <trkpt lat="45.517939" lon="-122.565706">
      <ele>200.0</ele>
      <time>2024-03-12T07:53:34.000Z</time>
      <extensions><gpxtpx:TrackPointExtension><gpxtpx:hr>134</gpxtpx:hr><gpxtpx:cad>84</gpxtpx:cad></gpxtpx:TrackPointExtension></extensions>
    </trkpt>
    <trkpt lat="45.517977" lon="-122.565639">
      <ele>200.0</ele>
      <time>2024-03-12T07:53:35.000Z</time>
      <extensions><gpxtpx:TrackPointExtension><gpxtpx:hr>133</gpxtpx:hr><gpxtpx:cad>87</gpxtpx:cad></gpxtpx:TrackPointExtension></extensions>
    </trkpt>
    <trkpt lat="45.518015" lon="-122.565573">
      <ele>200.0</ele>
      <time>2024-03-12T07:53:36.000Z</time>
      <extensions><gpxtpx:TrackPointExtension><gpxtpx:hr>134</gpxtpx:hr><gpxtpx:cad>81</gpxtpx:cad></gpxtpx:TrackPointExtension></extensions>
    </trkpt>
    <trkpt lat="45.518052" lon="-122.565507">
      <ele>200.0</ele>
      <time>2024-03-12T07:53:37.000Z</time>
      <extensions><gpxtpx:TrackPointExtension><gpxtpx:hr>130</gpxtpx:hr><gpxtpx:cad>83</gpxtpx:cad></gpxtpx:TrackPointExtension></extensions>
    </trkpt>
    <trkpt lat="45.518090" lon="-122.565440">
      <ele>200.0</ele>
      <time>2024-03-12T07:53:38.000Z</time>
      <extensions><gpxtpx:TrackPointExtension><gpxtpx:hr>134</gpxtpx:hr><gpxtpx:cad>78</gpxtpx:cad></gpxtpx:TrackPointExtension></extensions>
    </trkpt>
    <trkpt lat="45.518128" lon="-122.565374">
      <ele>200.0</ele>
      <time>2024-03-12T07:53:39.000Z</time>
      <extensions><gpxtpx:TrackPointExtension><gpxtpx:hr>137</gpxtpx:hr><gpxtpx:cad>78</gpxtpx:cad></gpxtpx:TrackPointExtension></extensions>
    </trkpt>
    <trkpt lat="45.518165" lon="-122.565307">
      <ele>200.0</ele>
      <time>2024-03-12T07:53:40.000Z</time>
      <extensions><gpxtpx:TrackPointExtension><gpxtpx:hr>131</gpxtpx:hr><gpxtpx:cad>77</gpxtpx:cad></gpxtpx:TrackPointExtension></extensions>
    </trkpt>
    <trkpt lat="45.518203" lon="-122.565241">
      <ele>200.0</ele>
      <time>2024-03-12T07:53:41.000Z</time>
      <extensions><gpxtpx:TrackPointExtension><gpxtpx:hr>134</gpxtpx:hr><gpxtpx:cad>86</gpxtpx:cad></gpxtpx:TrackPointExtension></extensions>
    </trkpt>
    <trkpt lat="45.518241" lon="-122.565175">
      <ele>200.0</ele>
      <time>2024-03-12T07:53:42.000Z</time>
      <extensions><gpxtpx:TrackPointExtension><gpxtpx:hr>131</gpxtpx:hr><gpxtpx:cad>85</gpxtpx:cad></gpxtpx:TrackPointExtension></extensions>
    </trkpt>
    <trkpt lat="45.518279" lon="-122.565108">
      <ele>200.0</ele>
      <time>2024-03-12T07:53:43.000Z</time>
      <extensions><gpxtpx:TrackPointExtension><gpxtpx:hr>136</gpxtpx:hr><gpxtpx:cad>83</gpxtpx:cad></gpxtpx:TrackPointExtension></extensions>
    </trkpt>
    <trkpt lat="45.518317" lon="-122.565042">
      <ele>200.0</ele>
      <time>2024-03-12T07:53:44.000Z</time>
      <extensions><gpxtpx:TrackPointExtension><gpxtpx:hr>133</gpxtpx:hr><gpxtpx:cad>81</gpxtpx:cad></gpxtpx:TrackPointExtension></extensions>
    </trkpt>
    <trkpt lat="45.518354" lon="-122.564976">
      <ele>200.0</ele>
      <time>2024-03-12T07:53:45.000Z</time>
      <extensions><gpxtpx:TrackPointExtension><gpxtpx:hr>136</gpxtpx:hr><gpxtpx:cad>85</gpxtpx:cad></gpxtpx:TrackPointExtension></extensions>
    </trkpt>
    <trkpt lat="45.518392" lon="-122.564910">
      <ele>200.0</ele>
      <time>2024-03-12T07:53:46.000Z</time>
      <extensions><gpxtpx:TrackPointExtension><gpxtpx:hr>130</gpxtpx:hr><gpxtpx:cad>82</gpxtpx:cad></gpxtpx:TrackPointExtension></extensions>
    </trkpt>
    <trkpt lat="45.518430" lon="-122.564844">
      <ele>200.0</ele>
      <time>2024-03-12T07:53:47.000Z</time>
      <extensions><gpxtpx:TrackPointExtension><gpxtpx:hr>135</gpxtpx:hr><gpxtpx:cad>80</gpxtpx:cad></gpxtpx:TrackPointExtension></extensions>
    </trkpt>
    <trkpt lat="45.518468" lon="-122.564778">
      <ele>200.0</ele>
      <time>2024-03-12T07:53:48.000Z</time>
      <extensions><gpxtpx:TrackPointExtension><gpxtpx:hr>137</gpxtpx:hr><gpxtpx:cad>82</gpxtpx:cad></gpxtpx:TrackPointExtension></extensions>
    </trkpt>
    <trkpt lat="45.518506" lon="-122.564712">
      <ele>200.0</ele>
      <time>2024-03-12T07:53:49.000Z</time>
      <extensions><gpxtpx:TrackPointExtension><gpxtpx:hr>132</gpxtpx:hr><gpxtpx:cad>80</gpxtpx:cad></gpxtpx:TrackPointExtension></extensions>
    </trkpt>
    <trkpt lat="45.518544" lon="-122.564646">
      <ele>200.0</ele>
      <time>2024-03-12T07:53:50.000Z</time>
      <extensions><gpxtpx:TrackPointExtension><gpxtpx:hr>131</gpxtpx:hr><gpxtpx:cad>81</gpxtpx:cad></gpxtpx:TrackPointExtension></extensions>
    </trkpt>
    <trkpt lat="45.518582" lon="-122.564580">
      <ele>200.0</ele>
      <time>2024-03-12T07:53:51.000Z</time>
      <extensions><gpxtpx:TrackPointExtension><gpxtpx:hr>135</gpxtpx:hr><gpxtpx:cad>83</gpxtpx:cad></gpxtpx:TrackPointExtension></extensions>
    </trkpt>
    <trkpt lat="45.518621" lon="-122.564514">
      <ele>200.0</ele>
      <time>2024-03-12T07:53:52.000Z</time>
      <extensions><gpxtpx:TrackPointExtension><gpxtpx:hr>135</gpxtpx:hr><gpxtpx:cad>77</gpxtpx:cad></gpxtpx:TrackPointExtension></extensions>
    </trkpt>
    <trkpt lat="45.518659" lon="-122.564448">
      <ele>200.0</ele>
      <time>2024-03-12T07:53:53.000Z</time>
      <extensions><gpxtpx:TrackPointExtension><gpxtpx:hr>131</gpxtpx:hr><gpxtpx:cad>81</gpxtpx:cad></gpxtpx:TrackPointExtension></extensions>
    </trkpt>
    <trkpt lat="45.518697" lon="-122.564382">
      <ele>200.0</ele>
      <time>2024-03-12T07:53:54.000Z</time>
      <extensions><gpxtpx:TrackPointExtension><gpxtpx:hr>134</gpxtpx:hr><gpxtpx:cad>84</gpxtpx:cad></gpxtpx:TrackPointExtension></extensions>
    </trkpt>
    <trkpt lat="45.518735" lon="-122.564316">
      <ele>200.0</ele>
      <time>2024-03-12T07:53:55.000Z</time>
      <extensions><gpxtpx:TrackPointExtension><gpxtpx:hr>133</gpxtpx:hr><gpxtpx:cad>87</gpxtpx:cad></gpxtpx:TrackPointExtension></extensions>
    </trkpt>
    <trkpt lat="45.518773" lon="-122.564250">
      <ele>200.0</ele>
      <time>2024-03-12T07:53:56.000Z</time>
      <extensions><gpxtpx:TrackPointExtension><gpxtpx:hr>131</gpxtpx:hr><gpxtpx:cad>86</gpxtpx:cad></gpxtpx:TrackPointExtension></extensions>
    </trkpt>
    <trkpt lat="45.518812" lon="-122.564185">
      <ele>200.0</ele>
      <time>2024-03-12T07:53:57.000Z</time>
      <extensions><gpxtpx:TrackPointExtension><gpxtpx:hr>130</gpxtpx:hr><gpxtpx:cad>81</gpxtpx:cad></gpxtpx:TrackPointExtension></extensions>
    </trkpt>
    <trkpt lat="45.518850" lon="-122.564119">
      <ele>200.0</ele>
      <time>2024-03-12T07:53:58.000Z</time>
      <extensions><gpxtpx:TrackPointExtension><gpxtpx:hr>133</gpxtpx:hr><gpxtpx:cad>87</gpxtpx:cad></gpxtpx:TrackPointExtension></extensions>
    </trkpt>
    <trkpt lat="45.518888" lon="-122.564053">
      <ele>200.0</ele>
      <time>2024-03-12T07:53:59.000Z</time>
      <extensions><gpxtpx:TrackPointExtension><gpxtpx:hr>130</gpxtpx:hr><gpxtpx:cad>85</gpxtpx:cad></gpxtpx:TrackPointExtension></extensions>
    </trkpt>
    <trkpt lat="45.518927" lon="-122.563988">
      <ele>200.0</ele>
      <time>2024-03-12T07:54:00.000Z</time>
      <extensions><gpxtpx:TrackPointExtension><gpxtpx:hr>135</gpxtpx:hr><gpxtpx:cad>78</gpxtpx:cad></gpxtpx:TrackPointExtension></extensions>
    </trkpt>
    <trkpt lat="45.518965" lon="-122.563922">
      <ele>200.0</ele>
      <time>2024-03-12T07:54:01.000Z</time>
      <extensions><gpxtpx:TrackPointExtension><gpxtpx:hr>132</gpxtpx:hr><gpxtpx:cad>78</gpxtpx:cad></gpxtpx:TrackPointExtension></extensions>
    </trkpt>
    <trkpt lat="45.519004" lon="-122.563857">
      <ele>200.0</ele>
      <time>2024-03-12T07:54:02.000Z</time>
      <extensions><gpxtpx:TrackPointExtension><gpxtpx:hr>132</gpxtpx:hr><gpxtpx:cad>81</gpxtpx:cad></gpxtpx:TrackPointExtension></extensions>
    </trkpt>
    <trkpt lat="45.519042" lon="-122.563792">
      <ele>200.0</ele>
      <time>2024-03-12T07:54:03.000Z</time>
      <extensions><gpxtpx:TrackPointExtension><gpxtpx:hr>136</gpxtpx:hr><gpxtpx:cad>86</gpxtpx:cad></gpxtpx:TrackPointExtension></extensions>
    </trkpt>
    <trkpt lat="45.519081" lon="-122.563726">
      <ele>200.0</ele>
      <time>2024-03-12T07:54:04.000Z</time>
      <extensions><gpxtpx:TrackPointExtension><gpxtpx:hr>132</gpxtpx:hr><gpxtpx:cad>80</gpxtpx:cad></gpxtpx:TrackPointExtension></extensions>
    </trkpt>
    <trkpt lat="45.519120" lon="-122.563661">
      <ele>200.0</ele>
      <time>2024-03-12T07:54:05.000Z</time>
      <extensions><gpxtpx:TrackPointExtension><gpxtpx:hr>130</gpxtpx:hr><gpxtpx:cad>79</gpxtpx:cad></gpxtpx:TrackPointExtension></extensions>
    </trkpt>
    <trkpt lat="45.519158" lon="-122.563596">
      <ele>200.0</ele>
      <time>2024-03-12T07:54:06.000Z</time>
      <extensions><gpxtpx:TrackPointExtension><gpxtpx:hr>137</gpxtpx:hr><gpxtpx:cad>80</gpxtpx:cad></gpxtpx:TrackPointExtension></extensions>
    </trkpt>
    <trkpt lat="45.519197" lon="-122.563530">
      <ele>200.0</ele>
      <time>2024-03-12T07:54:07.000Z</time>
      <extensions><gpxtpx:TrackPointExtension><gpxtpx:hr>134</gpxtpx:hr><gpxtpx:cad>86</gpxtpx:cad></gpxtpx:TrackPointExtension></extensions>
    </trkpt>
    <trkpt lat="45.519236" lon="-122.563465">
      <ele>200.0</ele>
      <time>2024-03-12T07:54:08.000Z</time>
      <extensions><gpxtpx:TrackPointExtension><gpxtpx:hr>130</gpxtpx:hr><gpxtpx:cad>82</gpxtpx:cad></gpxtpx:TrackPointExtension></extensions>
    </trkpt>
    <trkpt lat="45.519275" lon="-122.563400">
      <ele>200.0</ele>
      <time>2024-03-12T07:54:09.000Z</time>
      <extensions><gpxtpx:TrackPointExtension><gpxtpx:hr>132</gpxtpx:hr><gpxtpx:cad>84</gpxtpx:cad></gpxtpx:TrackPointExtension></extensions>
    </trkpt>
    <trkpt lat="45.519314" lon="-122.563335">
      <ele>200.0</ele>
      <time>2024-03-12T07:54:10.000Z</time>
      <extensions><gpxtpx:TrackPointExtension><gpxtpx:hr>133</gpxtpx:hr><gpxtpx:cad>80</gpxtpx:cad></gpxtpx:TrackPointExtension></extensions>
    </trkpt>
    <trkpt lat="45.519352" lon="-122.563270">
      <ele>200.0</ele>
      <time>2024-03-12T07:54:11.000Z</time>
      <extensions><gpxtpx:TrackPointExtension><gpxtpx:hr>130</gpxtpx:hr><gpxtpx:cad>81</gpxtpx:cad></gpxtpx:TrackPointExtension></extensions>
    </trkpt>
    <trkpt lat="45.519391" lon="-122.563205">
      <ele>200.0</ele>
      <time>2024-03-12T07:54:12.000Z</time>
      <extensions><gpxtpx:TrackPointExtension><gpxtpx:hr>131</gpxtpx:hr><gpxtpx:cad>83</gpxtpx:cad></gpxtpx:TrackPointExtension></extensions>
    </trkpt>
    <trkpt lat="45.519430" lon="-122.563141">
      <ele>200.0</ele>
      <time>2024-03-12T07:54:13.000Z</time>
      <extensions><gpxtpx:TrackPointExtension><gpxtpx:hr>134</gpxtpx:hr><gpxtpx:cad>83</gpxtpx:cad></gpxtpx:TrackPointExtension></extensions>
    </trkpt>
    <trkpt lat="45.519470" lon="-122.563076">
      <ele>200.0</ele>
      <time>2024-03-12T07:54:14.000Z</time>
      <extensions><gpxtpx:TrackPointExtension><gpxtpx:hr>132</gpxtpx:hr><gpxtpx:cad>82</gpxtpx:cad></gpxtpx:TrackPointExtension></extensions>
    </trkpt>
    <trkpt lat="45.519509" lon="-122.563011">
      <ele>200.0</ele>
      <time>2024-03-12T07:54:15.000Z</time>
      <extensions><gpxtpx:TrackPointExtension><gpxtpx:hr>132</gpxtpx:hr><gpxtpx:cad>83</gpxtpx:cad></gpxtpx:TrackPointExtension></extensions>
    </trkpt>
    <trkpt lat="45.519548" lon="-122.562946">
      <ele>200.0</ele>
      <time>2024-03-12T07:54:16.000Z</time>
      <extensions><gpxtpx:TrackPointExtension><gpxtpx:hr>133</gpxtpx:hr><gpxtpx:cad>77</gpxtpx:cad></gpxtpx:TrackPointExtension></extensions>
    </trkpt>
    <trkpt lat="45.519587" lon="-122.562882">
      <ele>200.0</ele>
      <time>2024-03-12T07:54:17.000Z</time>
      <extensions><gpxtpx:TrackPointExtension><gpxtpx:hr>137</gpxtpx:hr><gpxtpx:cad>82</gpxtpx:cad></gpxtpx:TrackPointExtension></extensions>
    </trkpt>
    <trkpt lat="45.519626" lon="-122.562817">
      <ele>200.0</ele>
      <time>2024-03-12T07:54:18.000Z</time>
      <extensions><gpxtpx:TrackPointExtension><gpxtpx:hr>134</gpxtpx:hr><gpxtpx:cad>78</gpxtpx:cad></gpxtpx:TrackPointExtension></extensions>
    </trkpt>
    <trkpt lat="45.519666" lon="-122.562753">
      <ele>200.0</ele>
      <time>2024-03-12T07:54:19.000Z</time>
      <extensions><gpxtpx:TrackPointExtension><gpxtpx:hr>132</gpxtpx:hr><gpxtpx:cad>86</gpxtpx:cad></gpxtpx:TrackPointExtension></extensions>
    </trkpt>
    <trkpt lat="45.519705" lon="-122.562688">
      <ele>200.0</ele>
      <time>2024-03-12T07:54:20.000Z</time>
      <extensions><gpxtpx:TrackPointExtension><gpxtpx:hr>136</gpxtpx:hr><gpxtpx:cad>86</gpxtpx:cad></gpxtpx:TrackPointExtension></extensions>
    </trkpt>
    <trkpt lat="45.519744" lon="-122.562624">
      <ele>200.0</ele>
      <time>2024-03-12T07:54:21.000Z</time>
      <extensions><gpxtpx:TrackPointExtension><gpxtpx:hr>132</gpxtpx:hr><gpxtpx:cad>86</gpxtpx:cad></gpxtpx:TrackPointExtension></extensions>
    </trkpt>
    <trkpt lat="45.519784" lon="-122.562560">
      <ele>200.0</ele>
      <time>2024-03-12T07:54:22.000Z</time>
      <extensions><gpxtpx:TrackPointExtension><gpxtpx:hr>136</gpxtpx:hr><gpxtpx:cad>77</gpxtpx:cad></gpxtpx:TrackPointExtension></extensions>
    </trkpt>
    <trkpt lat="45.519823" lon="-122.562496">
      <ele>200.0</ele>
      <time>2024-03-12T07:54:23.000Z</time>
      <extensions><gpxtpx:TrackPointExtension><gpxtpx:hr>133</gpxtpx:hr><gpxtpx:cad>79</gpxtpx:cad></gpxtpx:TrackPointExtension></extensions>
    </trkpt>
    <trkpt lat="45.519863" lon="-122.562431">
      <ele>200.0</ele>
      <time>2024-03-12T07:54:24.000Z</time>
      <extensions><gpxtpx:TrackPointExtension><gpxtpx:hr>135</gpxtpx:hr><gpxtpx:cad>84</gpxtpx:cad></gpxtpx:TrackPointExtension></extensions>
    </trkpt>
    <trkpt lat="45.519903" lon="-122.562367">
      <ele>200.0</ele>
      <time>2024-03-12T07:54:25.000Z</time>
      <extensions><gpxtpx:TrackPointExtension><gpxtpx:hr>133</gpxtpx:hr><gpxtpx:cad>77</gpxtpx:cad></gpxtpx:TrackPointExtension></extensions>
    </trkpt>
    <trkpt lat="45.519942" lon="-122.562303">
      <ele>200.0</ele>
      <time>2024-03-12T07:54:26.000Z</time>
      <extensions><gpxtpx:TrackPointExtension><gpxtpx:hr>136</gpxtpx:hr><gpxtpx:cad>83</gpxtpx:cad></gpxtpx:TrackPointExtension></extensions>
    </trkpt>
    <trkpt lat="45.519982" lon="-122.562239">
      <ele>200.0</ele>
      <time>2024-03-12T07:54:27.000Z</time>
      <extensions><gpxtpx:TrackPointExtension><gpxtpx:hr>136</gpxtpx:hr><gpxtpx:cad>83</gpxtpx:cad></gpxtpx:TrackPointExtension></extensions>
    </trkpt>
    <trkpt lat="45.520022" lon="-122.562176">
      <ele>200.0</ele>
      <time>2024-03-12T07:54:28.000Z</time>
      <extensions><gpxtpx:TrackPointExtension><gpxtpx:hr>129</gpxtpx:hr><gpxtpx:cad>82</gpxtpx:cad></gpxtpx:TrackPointExtension></extensions>
    </trkpt>
    <trkpt lat="45.520062" lon="-122.562112">
      <ele>200.0</ele>
      <time>2024-03-12T07:54:29.000Z</time>
      <extensions><gpxtpx:TrackPointExtension><gpxtpx:hr>131</gpxtpx:hr><gpxtpx:cad>84</gpxtpx:cad></gpxtpx:TrackPointExtension></extensions>
    </trkpt>
    <trkpt lat="45.520102" lon="-122.562048">
      <ele>200.0</ele>
      <time>2024-03-12T07:54:30.000Z</time>
      <extensions><gpxtpx:TrackPointExtension><gpxtpx:hr>132</gpxtpx:hr><gpxtpx:cad>82</gpxtpx:cad></gpxtpx:TrackPointExtension></extensions>
    </trkpt>
    <trkpt lat="45.520142" lon="-122.561984">
      <ele>200.0</ele>
      <time>2024-03-12T07:54:31.000Z</time>
      <extensions><gpxtpx:TrackPointExtension><gpxtpx:hr>137</gpxtpx:hr><gpxtpx:cad>81</gpxtpx:cad></gpxtpx:TrackPointExtension></extensions>
    </trkpt>
    <trkpt lat="45.520182" lon="-122.561921">
      <ele>200.0</ele>
      <time>2024-03-12T07:54:32.000Z</time>
      <extensions><gpxtpx:TrackPointExtension><gpxtpx:hr>131</gpxtpx:hr><gpxtpx:cad>87</gpxtpx:cad></gpxtpx:TrackPointExtension></extensions>
    </trkpt>
    <trkpt lat="45.520222" lon="-122.561857">
      <ele>200.0</ele>
      <time>2024-03-12T07:54:33.000Z</time>
      <extensions><gpxtpx:TrackPointExtension><gpxtpx:hr>132</gpxtpx:hr><gpxtpx:cad>77</gpxtpx:cad></gpxtpx:TrackPointExtension></extensions>
    </trkpt>
    <trkpt lat="45.520262" lon="-122.561794">
      <ele>200.0</ele>
      <time>2024-03-12T07:54:34.000Z</time>
      <extensions><gpxtpx:TrackPointExtension><gpxtpx:hr>133</gpxtpx:hr><gpxtpx:cad>82</gpxtpx:cad></gpxtpx:TrackPointExtension></extensions>
    </trkpt>
    <trkpt lat="45.520302" lon="-122.561731">
      <ele>200.0</ele>
      <time>2024-03-12T07:54:35.000Z</time>
      <extensions><gpxtpx:TrackPointExtension><gpxtpx:hr>135</gpxtpx:hr><gpxtpx:cad>81</gpxtpx:cad></gpxtpx:TrackPointExtension></extensions>
    </trkpt>
    <trkpt lat="45.520343" lon="-122.561667">
      <ele>200.0</ele>
      <time>2024-03-12T07:54:36.000Z</time>
      <extensions><gpxtpx:TrackPointExtension><gpxtpx:hr>135</gpxtpx:hr><gpxtpx:cad>77</gpxtpx:cad></gpxtpx:TrackPointExtension></extensions>
    </trkpt>
    <trkpt lat="45.520383" lon="-122.561604">
      <ele>200.0</ele>
      <time>2024-03-12T07:54:37.000Z</time>
      <extensions><gpxtpx:TrackPointExtension><gpxtpx:hr>134</gpxtpx:hr><gpxtpx:cad>78</gpxtpx:cad></gpxtpx:TrackPointExtension></extensions>
    </trkpt>
    <trkpt lat="45.520423" lon="-122.561541">
      <ele>200.0</ele>
      <time>2024-03-12T07:54:38.000Z</time>
      <extensions><gpxtpx:TrackPointExtension><gpxtpx:hr>130</gpxtpx:hr><gpxtpx:cad>79</gpxtpx:cad></gpxtpx:TrackPointExtension></extensions>
    </trkpt>
    <trkpt lat="45.520464" lon="-122.561478">
      <ele>200.0</ele>
      <time>2024-03-12T07:54:39.000Z</time>
      <extensions><gpxtpx:TrackPointExtension><gpxtpx:hr>132</gpxtpx:hr><gpxtpx:cad>78</gpxtpx:cad></gpxtpx:TrackPointExtension></extensions>
    </trkpt>
    <trkpt lat="45.520504" lon="-122.561415">
      <ele>200.0</ele>
      <time>2024-03-12T07:54:40.000Z</time>
      <extensions><gpxtpx:TrackPointExtension><gpxtpx:hr>130</gpxtpx:hr><gpxtpx:cad>83</gpxtpx:cad></gpxtpx:TrackPointExtension></extensions>
    </trkpt>
    <trkpt lat="45.520545" lon="-122.561353">
      <ele>200.0</ele>
      <time>2024-03-12T07:54:41.000Z</time>
      <extensions><gpxtpx:TrackPointExtension><gpxtpx:hr>130</gpxtpx:hr><gpxtpx:cad>79</gpxtpx:cad></gpxtpx:TrackPointExtension></extensions>
    </trkpt>
    <trkpt lat="45.520586" lon="-122.561290">
      <ele>200.0</ele>
      <time>2024-03-12T07:54:42.000Z</time>
      <extensions><gpxtpx:TrackPointExtension><gpxtpx:hr>136</gpxtpx:hr><gpxtpx:cad>78</gpxtpx:cad></gpxtpx:TrackPointExtension></extensions>
    </trkpt>
    <trkpt lat="45.520626" lon="-122.561227">
      <ele>200.0</ele>
      <time>2024-03-12T07:54:43.000Z</time>
      <extensions><gpxtpx:TrackPointExtension><gpxtpx:hr>137</gpxtpx:hr><gpxtpx:cad>83</gpxtpx:cad></gpxtpx:TrackPointExtension></extensions>
    </trkpt>
    <trkpt lat="45.520667" lon="-122.561165">
      <ele>200.0</ele>
      <time>2024-03-12T07:54:44.000Z</time>
      <extensions><gpxtpx:TrackPointExtension><gpxtpx:hr>137</gpxtpx:hr><gpxtpx:cad>77</gpxtpx:cad></gpxtpx:TrackPointExtension></extensions>
    </trkpt>
    <trkpt lat="45.520708" lon="-122.561102">
      <ele>200.0</ele>
      <time>2024-03-12T07:54:45.000Z</time>
      <extensions><gpxtpx:TrackPointExtension><gpxtpx:hr>134</gpxtpx:hr><gpxtpx:cad>85</gpxtpx:cad></gpxtpx:TrackPointExtension></extensions>
    </trkpt>
    <trkpt lat="45.520749" lon="-122.561040">
      <ele>200.0</ele>
      <time>2024-03-12T07:54:46.000Z</time>
      <extensions><gpxtpx:TrackPointExtension><gpxtpx:hr>135</gpxtpx:hr><gpxtpx:cad>86</gpxtpx:cad></gpxtpx:TrackPointExtension></extensions>
    </trkpt>
    <trkpt lat="45.520790" lon="-122.560977">
      <ele>200.0</ele>
      <time>2024-03-12T07:54:47.000Z</time>
      <extensions><gpxtpx:TrackPointExtension><gpxtpx:hr>132</gpxtpx:hr><gpxtpx:cad>86</gpxtpx:cad></gpxtpx:TrackPointExtension></extensions>
    </trkpt>
    <trkpt lat="45.520831" lon="-122.560915">
      <ele>200.0</ele>
      <time>2024-03-12T07:54:48.000Z</time>
      <extensions><gpxtpx:TrackPointExtension><gpxtpx:hr>133</gpxtpx:hr><gpxtpx:cad>80</gpxtpx:cad></gpxtpx:TrackPointExtension></extensions>
    </trkpt>
    <trkpt lat="45.520872" lon="-122.560853">
      <ele>200.0</ele>
      <time>2024-03-12T07:54:49.000Z</time>
      <extensions><gpxtpx:TrackPointExtension><gpxtpx:hr>133</gpxtpx:hr><gpxtpx:cad>81</gpxtpx:cad></gpxtpx:TrackPointExtension></extensions>
    </trkpt>
    <trkpt lat="45.520913" lon="-122.560791">
      <ele>200.0</ele>
      <time>2024-03-12T07:54:50.000Z</time>
      <extensions><gpxtpx:TrackPointExtension><gpxtpx:hr>136</gpxtpx:hr><gpxtpx:cad>80</gpxtpx:cad></gpxtpx:TrackPointExtension></extensions>
    </trkpt>
    <trkpt lat="45.520955" lon="-122.560729">
      <ele>200.0</ele>
      <time>2024-03-12T07:54:51.000Z</time>
      <extensions><gpxtpx:TrackPointExtension><gpxtpx:hr>132</gpxtpx:hr><gpxtpx:cad>84</gpxtpx:cad></gpxtpx:TrackPointExtension></extensions>
    </trkpt>
    <trkpt lat="45.520996" lon="-122.560667">
      <ele>200.0</ele>
      <time>2024-03-12T07:54:52.000Z</time>
      <extensions><gpxtpx:TrackPointExtension><gpxtpx:hr>135</gpxtpx:hr><gpxtpx:cad>86</gpxtpx:cad></gpxtpx:TrackPointExtension></extensions>
    </trkpt>
    <trkpt lat="45.521038" lon="-122.560606">
      <ele>200.0</ele>
      <time>2024-03-12T07:54:53.000Z</time>
      <extensions><gpxtpx:TrackPointExtension><gpxtpx:hr>131</gpxtpx:hr><gpxtpx:cad>84</gpxtpx:cad></gpxtpx:TrackPointExtension></extensions>
    </trkpt>
    <trkpt lat="45.521079" lon="-122.560544">
      <ele>200.0</ele>
      <time>2024-03-12T07:54:54.000Z</time>
      <extensions><gpxtpx:TrackPointExtension><gpxtpx:hr>129</gpxtpx:hr><gpxtpx:cad>81</gpxtpx:cad></gpxtpx:TrackPointExtension></extensions>
    </trkpt>
    <trkpt lat="45.521121" lon="-122.560483">
      <ele>200.0</ele>
      <time>2024-03-12T07:54:55.000Z</time>
      <extensions><gpxtpx:TrackPointExtension><gpxtpx:hr>135</gpxtpx:hr><gpxtpx:cad>82</gpxtpx:cad></gpxtpx:TrackPointExtension></extensions>
    </trkpt>
    <trkpt lat="45.521162" lon="-122.560421">
      <ele>200.0</ele>
      <time>2024-03-12T07:54:56.000Z</time>
      <extensions><gpxtpx:TrackPointExtension><gpxtpx:hr>136</gpxtpx:hr><gpxtpx:cad>80</gpxtpx:cad></gpxtpx:TrackPointExtension></extensions>
    </trkpt>
    <trkpt lat="45.521204" lon="-122.560360">
      <ele>200.0</ele>
      <time>2024-03-12T07:54:57.000Z</time>
      <extensions><gpxtpx:TrackPointExtension><gpxtpx:hr>136</gpxtpx:hr><gpxtpx:cad>86</gpxtpx:cad></gpxtpx:TrackPointExtension></extensions>
    </trkpt>
    <trkpt lat="45.521246" lon="-122.560299">
      <ele>200.0</ele>
      <time>2024-03-12T07:54:58.000Z</time>
      <extensions><gpxtpx:TrackPointExtension><gpxtpx:hr>133</gpxtpx:hr><gpxtpx:cad>78</gpxtpx:cad></gpxtpx:TrackPointExtension></extensions>
    </trkpt>
    <trkpt lat="45.521288" lon="-122.560238">
      <ele>200.0</ele>
      <time>2024-03-12T07:54:59.000Z</time>
      <extensions><gpxtpx:TrackPointExtension><gpxtpx:hr>132</gpxtpx:hr><gpxtpx:cad>81</gpxtpx:cad></gpxtpx:TrackPointExtension></extensions>
    </trkpt>
    <trkpt lat="45.521330" lon="-122.560177">
      <ele>200.0</ele>
      <time>2024-03-12T07:55:00.000Z</time>
      <extensions><gpxtpx:TrackPointExtension><gpxtpx:hr>132</gpxtpx:hr><gpxtpx:cad>78</gpxtpx:cad></gpxtpx:TrackPointExtension></extensions>
    </trkpt>
    <trkpt lat="45.521372" lon="-122.560116">
      <ele>200.0</ele>
      <time>2024-03-12T07:55:01.000Z</time>
      <extensions><gpxtpx:TrackPointExtension><gpxtpx:hr>135</gpxtpx:hr><gpxtpx:cad>81</gpxtpx:cad></gpxtpx:TrackPointExtension></extensions>
    </trkpt>
    <trkpt lat="45.521414" lon="-122.560055">
      <ele>200.0</ele>
      <time>2024-03-12T07:55:02.000Z</time>
      <extensions><gpxtpx:TrackPointExtension><gpxtpx:hr>133</gpxtpx:hr><gpxtpx:cad>80</gpxtpx:cad></gpxtpx:TrackPointExtension></extensions>
    </trkpt>
    <trkpt lat="45.521456" lon="-122.559994">
      <ele>200.0</ele>
      <time>2024-03-12T07:55:03.000Z</time>
      <extensions><gpxtpx:TrackPointExtension><gpxtpx:hr>133</gpxtpx:hr><gpxtpx:cad>85</gpxtpx:cad></gpxtpx:TrackPointExtension></extensions>
    </trkpt>
    <trkpt lat="45.521498" lon="-122.559934">
      <ele>200.0</ele>
      <time>2024-03-12T07:55:04.000Z</time>
      <extensions><gpxtpx:TrackPointExtension><gpxtpx:hr>137</gpxtpx:hr><gpxtpx:cad>79</gpxtpx:cad></gpxtpx:TrackPointExtension></extensions>
    </trkpt>
    <trkpt lat="45.521540" lon="-122.559873">
      <ele>200.0</ele>
      <time>2024-03-12T07:55:05.000Z</time>
      <extensions><gpxtpx:TrackPointExtension><gpxtpx:hr>132</gpxtpx:hr><gpxtpx:cad>84</gpxtpx:cad></gpxtpx:TrackPointExtension></extensions>
    </trkpt>
    <trkpt lat="45.521583" lon="-122.559813">
      <ele>200.0</ele>
      <time>2024-03-12T07:55:06.000Z</time>
      <extensions><gpxtpx:TrackPointExtension><gpxtpx:hr>137</gpxtpx:hr><gpxtpx:cad>86</gpxtpx:cad></gpxtpx:TrackPointExtension></extensions>
    </trkpt>
    <trkpt lat="45.521625" lon="-122.559752">
      <ele>200.0</ele>
      <time>2024-03-12T07:55:07.000Z</time>
      <extensions><gpxtpx:TrackPointExtension><gpxtpx:hr>131</gpxtpx:hr><gpxtpx:cad>85</gpxtpx:cad></gpxtpx:TrackPointExtension></extensions>
    </trkpt>
    <trkpt lat="45.521668" lon="-122.559692">
      <ele>200.0</ele>
      <time>2024-03-12T07:55:08.000Z</time>
      <extensions><gpxtpx:TrackPointExtension><gpxtpx:hr>135</gpxtpx:hr><gpxtpx:cad>82</gpxtpx:cad></gpxtpx:TrackPointExtension></extensions>
    </trkpt>
    <trkpt lat="45.521711" lon="-122.559632">
      <ele>200.0</ele>
      <time>2024-03-12T07:55:09.000Z</time>
      <extensions><gpxtpx:TrackPointExtension><gpxtpx:hr>133</gpxtpx:hr><gpxtpx:cad>81</gpxtpx:cad></gpxtpx:TrackPointExtension></extensions>
    </trkpt>
    <trkpt lat="45.521753" lon="-122.559572">
      <ele>200.0</ele>
      <time>2024-03-12T07:55:10.000Z</time>
      <extensions><gpxtpx:TrackPointExtension><gpxtpx:hr>134</gpxtpx:hr><gpxtpx:cad>87</gpxtpx:cad></gpxtpx:TrackPointExtension></extensions>
    </trkpt>
    <trkpt lat="45.521796" lon="-122.559513">
      <ele>200.0</ele>
      <time>2024-03-12T07:55:11.000Z</time>
      <extensions><gpxtpx:TrackPointExtension><gpxtpx:hr>136</gpxtpx:hr><gpxtpx:cad>86</gpxtpx:cad></gpxtpx:TrackPointExtension></extensions>
    </trkpt>
    <trkpt lat="45.521839" lon="-122.559453">
      <ele>200.0</ele>
      <time>2024-03-12T07:55:12.000Z</time>
      <extensions><gpxtpx:TrackPointExtension><gpxtpx:hr>134</gpxtpx:hr><gpxtpx:cad>83</gpxtpx:cad></gpxtpx:TrackPointExtension></extensions>
    </trkpt>
    <trkpt lat="45.521882" lon="-122.559393">
      <ele>200.0</ele>
      <time>2024-03-12T07:55:13.000Z</time>
      <extensions><gpxtpx:TrackPointExtension><gpxtpx:hr>134</gpxtpx:hr><gpxtpx:cad>86</gpxtpx:cad></gpxtpx:TrackPointExtension></extensions>
    </trkpt>
    <trkpt lat="45.521925" lon="-122.559334">
      <ele>200.0</ele>
      <time>2024-03-12T07:55:14.000Z</time>
      <extensions><gpxtpx:TrackPointExtension><gpxtpx:hr>134</gpxtpx:hr><gpxtpx:cad>84</gpxtpx:cad></gpxtpx:TrackPointExtension></extensions>
    </trkpt>
    <trkpt lat="45.521968" lon="-122.559275">
      <ele>200.0</ele>
      <time>2024-03-12T07:55:15.000Z</time>
      <extensions><gpxtpx:TrackPointExtension><gpxtpx:hr>129</gpxtpx:hr><gpxtpx:cad>81</gpxtpx:cad></gpxtpx:TrackPointExtension></extensions>
    </trkpt>
    <trkpt lat="45.522011" lon="-122.559215">
      <ele>200.0</ele>
      <time>2024-03-12T07:55:16.000Z</time>
      <extensions><gpxtpx:TrackPointExtension><gpxtpx:hr>133</gpxtpx:hr><gpxtpx:cad>78</gpxtpx:cad></gpxtpx:TrackPointExtension></extensions>
    </trkpt>
    <trkpt lat="45.522055" lon="-122.559156">
      <ele>200.0</ele>
      <time>2024-03-12T07:55:17.000Z</time>
      <extensions><gpxtpx:TrackPointExtension><gpxtpx:hr>131</gpxtpx:hr><gpxtpx:cad>79</gpxtpx:cad></gpxtpx:TrackPointExtension></extensions>
    </trkpt>
    <trkpt lat="45.522098" lon="-122.559097">
      <ele>200.0</ele>
      <time>2024-03-12T07:55:18.000Z</time>
      <extensions><gpxtpx:TrackPointExtension><gpxtpx:hr>134</gpxtpx:hr><gpxtpx:cad>85</gpxtpx:cad></gpxtpx:TrackPointExtension></extensions>
    </trkpt>
    <trkpt lat="45.522141" lon="-122.559039">
      <ele>200.0</ele>
      <time>2024-03-12T07:55:19.000Z</time>
      <extensions><gpxtpx:TrackPointExtension><gpxtpx:hr>132</gpxtpx:hr><gpxtpx:cad>79</gpxtpx:cad></gpxtpx:TrackPointExtension></extensions>
    </trkpt>
    <trkpt lat="45.522185" lon="-122.558980">
      <ele>200.0</ele>
      <time>2024-03-12T07:55:20.000Z</time>
      <extensions><gpxtpx:TrackPointExtension><gpxtpx:hr>132</gpxtpx:hr><gpxtpx:cad>86</gpxtpx:cad></gpxtpx:TrackPointExtension></extensions>
    </trkpt>
    <trkpt lat="45.522229" lon="-122.558921">
      <ele>200.0</ele>
      <time>2024-03-12T07:55:21.000Z</time>
      <extensions><gpxtpx:TrackPointExtension><gpxtpx:hr>137</gpxtpx:hr><gpxtpx:cad>79</gpxtpx:cad></gpxtpx:TrackPointExtension></extensions>
    </trkpt>
    <trkpt lat="45.522272" lon="-122.558863">
      <ele>200.0</ele>
      <time>2024-03-12T07:55:22.000Z</time>
      <extensions><gpxtpx:TrackPointExtension><gpxtpx:hr>137</gpxtpx:hr><gpxtpx:cad>80</gpxtpx:cad></gpxtpx:TrackPointExtension></extensions>
    </trkpt>
    <trkpt lat="45.522316" lon="-122.558805">
      <ele>200.0</ele>
      <time>2024-03-12T07:55:23.000Z</time>
      <extensions><gpxtpx:TrackPointExtension><gpxtpx:hr>136</gpxtpx:hr><gpxtpx:cad>82</gpxtpx:cad></gpxtpx:TrackPointExtension></extensions>
    </trkpt>
    <trkpt lat="45.522360" lon="-122.558746">
      <ele>200.0</ele>
      <time>2024-03-12T07:55:24.000Z</time>
      <extensions><gpxtpx:TrackPointExtension><gpxtpx:hr>131</gpxtpx:hr><gpxtpx:cad>83</gpxtpx:cad></gpxtpx:TrackPointExtension></extensions>
    </trkpt>
    <trkpt lat="45.522404" lon="-122.558688">
      <ele>200.0</ele>
      <time>2024-03-12T07:55:25.000Z</time>
      <extensions><gpxtpx:TrackPointExtension><gpxtpx:hr>130</gpxtpx:hr><gpxtpx:cad>86</gpxtpx:cad></gpxtpx:TrackPointExtension></extensions>
    </trkpt>
    <trkpt lat="45.522448" lon="-122.558630">
      <ele>200.0</ele>
      <time>2024-03-12T07:55:26.000Z</time>
      <extensions><gpxtpx:TrackPointExtension><gpxtpx:hr>134</gpxtpx:hr><gpxtpx:cad>83</gpxtpx:cad></gpxtpx:TrackPointExtension></extensions>
    </trkpt>
    <trkpt lat="45.522492" lon="-122.558573">
      <ele>200.0</ele>
      <time>2024-03-12T07:55:27.000Z</time>
      <extensions><gpxtpx:TrackPointExtension><gpxtpx:hr>134</gpxtpx:hr><gpxtpx:cad>82</gpxtpx:cad></gpxtpx:TrackPointExtension></extensions>
    </trkpt>
    <trkpt lat="45.522536" lon="-122.558515">
      <ele>200.0</ele>
      <time>2024-03-12T07:55:28.000Z</time>
      <extensions><gpxtpx:TrackPointExtension><gpxtpx:hr>131</gpxtpx:hr><gpxtpx:cad>77</gpxtpx:cad></gpxtpx:TrackPointExtension></extensions>
    </trkpt>
    <trkpt lat="45.522581" lon="-122.558457">
      <ele>200.0</ele>
      <time>2024-03-12T07:55:29.000Z</time>
      <extensions><gpxtpx:TrackPointExtension><gpxtpx:hr>130</gpxtpx:hr><gpxtpx:cad>80</gpxtpx:cad></gpxtpx:TrackPointExtension></extensions>
    </trkpt>
    <trkpt lat="45.522625" lon="-122.558400">
      <ele>200.0</ele>
      <time>2024-03-12T07:55:30.000Z</time>
      <extensions><gpxtpx:TrackPointExtension><gpxtpx:hr>134</gpxtpx:hr><gpxtpx:cad>83</gpxtpx:cad></gpxtpx:TrackPointExtension></extensions>
    </trkpt>
    <trkpt lat="45.522669" lon="-122.558343">
      <ele>200.0</ele>
      <time>2024-03-12T07:55:31.000Z</time>
      <extensions><gpxtpx:TrackPointExtension><gpxtpx:hr>131</gpxtpx:hr><gpxtpx:cad>80</gpxtpx:cad></gpxtpx:TrackPointExtension></extensions>
    </trkpt>
    <trkpt lat="45.522714" lon="-122.558286">
      <ele>200.0</ele>
      <time>2024-03-12T07:55:32.000Z</time>
      <extensions><gpxtpx:TrackPointExtension><gpxtpx:hr>132</gpxtpx:hr><gpxtpx:cad>81</gpxtpx:cad></gpxtpx:TrackPointExtension></extensions>
    </trkpt>
    <trkpt lat="45.522759" lon="-122.558229">
      <ele>200.0</ele>
      <time>2024-03-12T07:55:33.000Z</time>
      <extensions><gpxtpx:TrackPointExtension><gpxtpx:hr>131</gpxtpx:hr><gpxtpx:cad>84</gpxtpx:cad></gpxtpx:TrackPointExtension></extensions>
    </trkpt>
    <trkpt lat="45.522803" lon="-122.558172">
      <ele>200.0</ele>
      <time>2024-03-12T07:55:34.000Z</time>
      <extensions><gpxtpx:TrackPointExtension><gpxtpx:hr>137</gpxtpx:hr><gpxtpx:cad>86</gpxtpx:cad></gpxtpx:TrackPointExtension></extensions>
    </trkpt>
    <trkpt lat="45.522848" lon="-122.558115">
      <ele>200.0</ele>
      <time>2024-03-12T07:55:35.000Z</time>
      <extensions><gpxtpx:TrackPointExtension><gpxtpx:hr>136</gpxtpx:hr><gpxtpx:cad>83</gpxtpx:cad></gpxtpx:TrackPointExtension></extensions>
    </trkpt>
    <trkpt lat="45.522893" lon="-122.558059">
      <ele>200.0</ele>
      <time>2024-03-12T07:55:36.000Z</time>
      <extensions><gpxtpx:TrackPointExtension><gpxtpx:hr>136</gpxtpx:hr><gpxtpx:cad>83</gpxtpx:cad></gpxtpx:TrackPointExtension></extensions>
    </trkpt>
    <trkpt lat="45.522938" lon="-122.558002">
      <ele>200.0</ele>
      <time>2024-03-12T07:55:37.000Z</time>
      <extensions><gpxtpx:TrackPointExtension><gpxtpx:hr>135</gpxtpx:hr><gpxtpx:cad>84</gpxtpx:cad></gpxtpx:TrackPointExtension></extensions>
    </trkpt>
    <trkpt lat="45.522983" lon="-122.557946">
      <ele>200.0</ele>
      <time>2024-03-12T07:55:38.000Z</time>
      <extensions><gpxtpx:TrackPointExtension><gpxtpx:hr>130</gpxtpx:hr><gpxtpx:cad>85</gpxtpx:cad></gpxtpx:TrackPointExtension></extensions>
    </trkpt>
    <trkpt lat="45.523028" lon="-122.557890">
      <ele>200.0</ele>
      <time>2024-03-12T07:55:39.000Z</time>
      <extensions><gpxtpx:TrackPointExtension><gpxtpx:hr>137</gpxtpx:hr><gpxtpx:cad>85</gpxtpx:cad></gpxtpx:TrackPointExtension></extensions>
    </trkpt>
    <trkpt lat="45.523074" lon="-122.557834">
      <ele>200.0</ele>
      <time>2024-03-12T07:55:40.000Z</time>
      <extensions><gpxtpx:TrackPointExtension><gpxtpx:hr>130</gpxtpx:hr><gpxtpx:cad>86</gpxtpx:cad></gpxtpx:TrackPointExtension></extensions>
    </trkpt>
    <trkpt lat="45.523119" lon="-122.557778">
      <ele>200.0</ele>
      <time>2024-03-12T07:55:41.000Z</time>
      <extensions><gpxtpx:TrackPointExtension><gpxtpx:hr>134</gpxtpx:hr><gpxtpx:cad>86</gpxtpx:cad></gpxtpx:TrackPointExtension></extensions>
    </trkpt>
    <trkpt lat="45.523164" lon="-122.557723">
      <ele>200.0</ele>
      <time>2024-03-12T07:55:42.000Z</time>
      <extensions><gpxtpx:TrackPointExtension><gpxtpx:hr>137</gpxtpx:hr><gpxtpx:cad>84</gpxtpx:cad></gpxtpx:TrackPointExtension></extensions>
    </trkpt>
    <trkpt lat="45.523210" lon="-122.557667">
      <ele>200.0</ele>
      <time>2024-03-12T07:55:43.000Z</time>
      <extensions><gpxtpx:TrackPointExtension><gpxtpx:hr>130</gpxtpx:hr><gpxtpx:cad>84</gpxtpx:cad></gpxtpx:TrackPointExtension></extensions>
    </trkpt>
    <trkpt lat="45.523256" lon="-122.557612">
      <ele>200.0</ele>
      <time>2024-03-12T07:55:44.000Z</time>
      <extensions><gpxtpx:TrackPointExtension><gpxtpx:hr>133</gpxtpx:hr><gpxtpx:cad>83</gpxtpx:cad></gpxtpx:TrackPointExtension></extensions>
    </trkpt>
    <trkpt lat="45.523301" lon="-122.557556">
      <ele>200.0</ele>
      <time>2024-03-12T07:55:45.000Z</time>
      <extensions><gpxtpx:TrackPointExtension><gpxtpx:hr>137</gpxtpx:hr><gpxtpx:cad>86</gpxtpx:cad></gpxtpx:TrackPointExtension></extensions>
    </trkpt>
    <trkpt lat="45.523347" lon="-122.557501">
      <ele>200.0</ele>
      <time>2024-03-12T07:55:46.000Z</time>
      <extensions><gpxtpx:TrackPointExtension><gpxtpx:hr>131</gpxtpx:hr><gpxtpx:cad>78</gpxtpx:cad></gpxtpx:TrackPointExtension></extensions>
    </trkpt>
    <trkpt lat="45.523393" lon="-122.557446">
      <ele>200.0</ele>
      <time>2024-03-12T07:55:47.000Z</time>
      <extensions><gpxtpx:TrackPointExtension><gpxtpx:hr>133</gpxtpx:hr><gpxtpx:cad>82</gpxtpx:cad></gpxtpx:TrackPointExtension></extensions>
    </trkpt>
    <trkpt lat="45.523439" lon="-122.557392">
      <ele>200.0</ele>
      <time>2024-03-12T07:55:48.000Z</time>
      <extensions><gpxtpx:TrackPointExtension><gpxtpx:hr>133</gpxtpx:hr><gpxtpx:cad>86</gpxtpx:cad></gpxtpx:TrackPointExtension></extensions>
    </trkpt>
    <trkpt lat="45.523485" lon="-122.557337">
      <ele>200.0</ele>
      <time>2024-03-12T07:55:49.000Z</time>
      <extensions><gpxtpx:TrackPointExtension><gpxtpx:hr>135</gpxtpx:hr><gpxtpx:cad>80</gpxtpx:cad></gpxtpx:TrackPointExtension></extensions>
    </trkpt>
    <trkpt lat="45.523531" lon="-122.557283">
      <ele>200.0</ele>
      <time>2024-03-12T07:55:50.000Z</time>
      <extensions><gpxtpx:TrackPointExtension><gpxtpx:hr>135</gpxtpx:hr><gpxtpx:cad>86</gpxtpx:cad></gpxtpx:TrackPointExtension></extensions>
    </trkpt>
    <trkpt lat="45.523578" lon="-122.557228">
      <ele>200.0</ele>
      <time>2024-03-12T07:55:51.000Z</time>
      <extensions><gpxtpx:TrackPointExtension><gpxtpx:hr>134</gpxtpx:hr><gpxtpx:cad>86</gpxtpx:cad></gpxtpx:TrackPointExtension></extensions>
    </trkpt>
    <trkpt lat="45.523624" lon="-122.557174">
      <ele>200.0</ele>
      <time>2024-03-12T07:55:52.000Z</time>
      <extensions><gpxtpx:TrackPointExtension><gpxtpx:hr>131</gpxtpx:hr><gpxtpx:cad>83</gpxtpx:cad></gpxtpx:TrackPointExtension></extensions>
    </trkpt>
    <trkpt lat="45.523670" lon="-122.557120">
      <ele>200.0</ele>
      <time>2024-03-12T07:55:53.000Z</time>
      <extensions><gpxtpx:TrackPointExtension><gpxtpx:hr>130</gpxtpx:hr><gpxtpx:cad>78</gpxtpx:cad></gpxtpx:TrackPointExtension></extensions>
    </trkpt>
    <trkpt lat="45.523717" lon="-122.557067">
      <ele>200.0</ele>
      <time>2024-03-12T07:55:54.000Z</time>
      <extensions><gpxtpx:TrackPointExtension><gpxtpx:hr>133</gpxtpx:hr><gpxtpx:cad>86</gpxtpx:cad></gpxtpx:TrackPointExtension></extensions>
    </trkpt>
    <trkpt lat="45.523763" lon="-122.557013">
      <ele>200.0</ele>
      <time>2024-03-12T07:55:55.000Z</time>
      <extensions><gpxtpx:TrackPointExtension><gpxtpx:hr>131</gpxtpx:hr><gpxtpx:cad>86</gpxtpx:cad></gpxtpx:TrackPointExtension></extensions>
    </trkpt>
    <trkpt lat="45.523810" lon="-122.556959">
      <ele>200.0</ele>
      <time>2024-03-12T07:55:56.000Z</time>
      <extensions><gpxtpx:TrackPointExtension><gpxtpx:hr>132</gpxtpx:hr><gpxtpx:cad>86</gpxtpx:cad></gpxtpx:TrackPointExtension></extensions>
    </trkpt>
    <trkpt lat="45.523857" lon="-122.556906">
      <ele>200.0</ele>
      <time>2024-03-12T07:55:57.000Z</time>
      <extensions><gpxtpx:TrackPointExtension><gpxtpx:hr>133</gpxtpx:hr><gpxtpx:cad>79</gpxtpx:cad></gpxtpx:TrackPointExtension></extensions>
    </trkpt>
    <trkpt lat="45.523904" lon="-122.556853">
      <ele>200.0</ele>
      <time>2024-03-12T07:55:58.000Z</time>
      <extensions><gpxtpx:TrackPointExtension><gpxtpx:hr>133</gpxtpx:hr><gpxtpx:cad>79</gpxtpx:cad></gpxtpx:TrackPointExtension></extensions>
    </trkpt>
    <trkpt lat="45.523951" lon="-122.556800">
      <ele>200.0</ele>
      <time>2024-03-12T07:55:59.000Z</time>
      <extensions><gpxtpx:TrackPointExtension><gpxtpx:hr>131</gpxtpx:hr><gpxtpx:cad>79</gpxtpx:cad></gpxtpx:TrackPointExtension></extensions>
    </trkpt>
    <trkpt lat="45.523998" lon="-122.556747">
      <ele>200.0</ele>
      <time>2024-03-12T07:56:00.000Z</time>
      <extensions><gpxtpx:TrackPointExtension><gpxtpx:hr>133</gpxtpx:hr><gpxtpx:cad>81</gpxtpx:cad></gpxtpx:TrackPointExtension></extensions>
    </trkpt>
    <trkpt lat="45.524045" lon="-122.556695">
      <ele>200.0</ele>
      <time>2024-03-12T07:56:01.000Z</time>
      <extensions><gpxtpx:TrackPointExtension><gpxtpx:hr>130</gpxtpx:hr><gpxtpx:cad>87</gpxtpx:cad></gpxtpx:TrackPointExtension></extensions>
    </trkpt>
    <trkpt lat="45.524092" lon="-122.556642">
      <ele>200.0</ele>
      <time>2024-03-12T07:56:02.000Z</time>
      <extensions><gpxtpx:TrackPointExtension><gpxtpx:hr>137</gpxtpx:hr><gpxtpx:cad>78</gpxtpx:cad></gpxtpx:TrackPointExtension></extensions>
    </trkpt>
    <trkpt lat="45.524140" lon="-122.556590">
      <ele>200.0</ele>
      <time>2024-03-12T07:56:03.000Z</time>
      <extensions><gpxtpx:TrackPointExtension><gpxtpx:hr>134</gpxtpx:hr><gpxtpx:cad>84</gpxtpx:cad></gpxtpx:TrackPointExtension></extensions>
    </trkpt>
    <trkpt lat="45.524187" lon="-122.556538">
      <ele>200.0</ele>
      <time>2024-03-12T07:56:04.000Z</time>
      <extensions><gpxtpx:TrackPointExtension><gpxtpx:hr>130</gpxtpx:hr><gpxtpx:cad>81</gpxtpx:cad></gpxtpx:TrackPointExtension></extensions>
    </trkpt>
    <trkpt lat="45.524235" lon="-122.556486">
      <ele>200.0</ele>
      <time>2024-03-12T07:56:05.000Z</time>
      <extensions><gpxtpx:TrackPointExtension><gpxtpx:hr>133</gpxtpx:hr><gpxtpx:cad>83</gpxtpx:cad></gpxtpx:TrackPointExtension></extensions>
    </trkpt>
    <trkpt lat="45.524282" lon="-122.556434">
      <ele>200.0</ele>
      <time>2024-03-12T07:56:06.000Z</time>
      <extensions><gpxtpx:TrackPointExtension><gpxtpx:hr>135</gpxtpx:hr><gpxtpx:cad>85</gpxtpx:cad></gpxtpx:TrackPointExtension></extensions>
    </trkpt>
    <trkpt lat="45.524330" lon="-122.556382">
      <ele>200.0</ele>
      <time>2024-03-12T07:56:07.000Z</time>
      <extensions><gpxtpx:TrackPointExtension><gpxtpx:hr>137</gpxtpx:hr><gpxtpx:cad>85</gpxtpx:cad></gpxtpx:TrackPointExtension></extensions>
    </trkpt>
    <trkpt lat="45.524378" lon="-122.556331">
      <ele>200.0</ele>
      <time>2024-03-12T07:56:08.000Z</time>
      <extensions><gpxtpx:TrackPointExtension><gpxtpx:hr>132</gpxtpx:hr><gpxtpx:cad>80</gpxtpx:cad></gpxtpx:TrackPointExtension></extensions>
    </trkpt>
    <trkpt lat="45.524426" lon="-122.556279">
      <ele>200.0</ele>
      <time>2024-03-12T07:56:09.000Z</time>
      <extensions><gpxtpx:TrackPointExtension><gpxtpx:hr>131</gpxtpx:hr><gpxtpx:cad>78</gpxtpx:cad></gpxtpx:TrackPointExtension></extensions>
    </trkpt>
    <trkpt lat="45.524474" lon="-122.556228">
      <ele>200.0</ele>
      <time>2024-03-12T07:56:10.000Z</time>
      <extensions><gpxtpx:TrackPointExtension><gpxtpx:hr>134</gpxtpx:hr><gpxtpx:cad>86</gpxtpx:cad></gpxtpx:TrackPointExtension></extensions>
    </trkpt>
    <trkpt lat="45.524522" lon="-122.556177">
      <ele>200.0</ele>
      <time>2024-03-12T07:56:11.000Z</time>
      <extensions><gpxtpx:TrackPointExtension><gpxtpx:hr>130</gpxtpx:hr><gpxtpx:cad>78</gpxtpx:cad></gpxtpx:TrackPointExtension></extensions>
    </trkpt>
    <trkpt lat="45.524570" lon="-122.556127">
      <ele>200.0</ele>
      <time>2024-03-12T07:56:12.000Z</time>
      <extensions><gpxtpx:TrackPointExtension><gpxtpx:hr>131</gpxtpx:hr><gpxtpx:cad>83</gpxtpx:cad></gpxtpx:TrackPointExtension></extensions>
    </trkpt>
    <trkpt lat="45.524619" lon="-122.556076">
      <ele>200.0</ele>
      <time>2024-03-12T07:56:13.000Z</time>
      <extensions><gpxtpx:TrackPointExtension><gpxtpx:hr>136</gpxtpx:hr><gpxtpx:cad>86</gpxtpx:cad></gpxtpx:TrackPointExtension></extensions>
    </trkpt>
    <trkpt lat="45.524667" lon="-122.556026">
      <ele>200.0</ele>
      <time>2024-03-12T07:56:14.000Z</time>
      <extensions><gpxtpx:TrackPointExtension><gpxtpx:hr>133</gpxtpx:hr><gpxtpx:cad>83</gpxtpx:cad></gpxtpx:TrackPointExtension></extensions>
    </trkpt>
    <trkpt lat="45.524715" lon="-122.555976">
      <ele>200.0</ele>
      <time>2024-03-12T07:56:15.000Z</time>
      <extensions><gpxtpx:TrackPointExtension><gpxtpx:hr>137</gpxtpx:hr><gpxtpx:cad>79</gpxtpx:cad></gpxtpx:TrackPointExtension></extensions>
    </trkpt>
    <trkpt lat="45.524764" lon="-122.555926">
      <ele>200.0</ele>
      <time>2024-03-12T07:56:16.000Z</time>
      <extensions><gpxtpx:TrackPointExtension><gpxtpx:hr>136</gpxtpx:hr><gpxtpx:cad>83</gpxtpx:cad></gpxtpx:TrackPointExtension></extensions>
    </trkpt>
    <trkpt lat="45.524813" lon="-122.555876">
      <ele>200.0</ele>
      <time>2024-03-12T07:56:17.000Z</time>
      <extensions><gpxtpx:TrackPointExtension><gpxtpx:hr>130</gpxtpx:hr><gpxtpx:cad>81</gpxtpx:cad></gpxtpx:TrackPointExtension></extensions>
    </trkpt>
    <trkpt lat="45.524861" lon="-122.555826">
      <ele>200.0</ele>
      <time>2024-03-12T07:56:18.000Z</time>
      <extensions><gpxtpx:TrackPointExtension><gpxtpx:hr>136</gpxtpx:hr><gpxtpx:cad>81</gpxtpx:cad></gpxtpx:TrackPointExtension></extensions>
    </trkpt>
    <trkpt lat="45.524910" lon="-122.555777">
      <ele>200.0</ele>
      <time>2024-03-12T07:56:19.000Z</time>
      <extensions><gpxtpx:TrackPointExtension><gpxtpx:hr>131</gpxtpx:hr><gpxtpx:cad>83</gpxtpx:cad></gpxtpx:TrackPointExtension></extensions>
    </trkpt>
    <trkpt lat="45.524959" lon="-122.555727">
      <ele>200.0</ele>
      <time>2024-03-12T07:56:20.000Z</time>
      <extensions><gpxtpx:TrackPointExtension><gpxtpx:hr>131</gpxtpx:hr><gpxtpx:cad>78</gpxtpx:cad></gpxtpx:TrackPointExtension></extensions>
    </trkpt>
    <trkpt lat="45.525008" lon="-122.555678">
      <ele>200.0</ele>
      <time>2024-03-12T07:56:21.000Z</time>
      <extensions><gpxtpx:TrackPointExtension><gpxtpx:hr>131</gpxtpx:hr><gpxtpx:cad>85</gpxtpx:cad></gpxtpx:TrackPointExtension></extensions>
    </trkpt>
    <trkpt lat="45.525057" lon="-122.555629">
      <ele>200.0</ele>
      <time>2024-03-12T07:56:22.000Z</time>
      <extensions><gpxtpx:TrackPointExtension><gpxtpx:hr>134</gpxtpx:hr><gpxtpx:cad>81</gpxtpx:cad></gpxtpx:TrackPointExtension></extensions>
    </trkpt>
    <trkpt lat="45.525106" lon="-122.555581">
      <ele>200.0</ele>
      <time>2024-03-12T07:56:23.000Z</time>
      <extensions><gpxtpx:TrackPointExtension><gpxtpx:hr>137</gpxtpx:hr><gpxtpx:cad>79</gpxtpx:cad></gpxtpx:TrackPointExtension></extensions>
    </trkpt>
    <trkpt lat="45.525156" lon="-122.555532">
      <ele>200.0</ele>
      <time>2024-03-12T07:56:24.000Z</time>
      <extensions><gpxtpx:TrackPointExtension><gpxtpx:hr>134</gpxtpx:hr><gpxtpx:cad>79</gpxtpx:cad></gpxtpx:TrackPointExtension></extensions>
    </trkpt>
    <trkpt lat="45.525205" lon="-122.555484">
      <ele>200.0</ele>
      <time>2024-03-12T07:56:25.000Z</time>
      <extensions><gpxtpx:TrackPointExtension><gpxtpx:hr>133</gpxtpx:hr><gpxtpx:cad>80</gpxtpx:cad></gpxtpx:TrackPointExtension></extensions>
    </trkpt>
    <trkpt lat="45.525255" lon="-122.555435">
      <ele>200.0</ele>
      <time>2024-03-12T07:56:26.000Z</time>
      <extensions><gpxtpx:TrackPointExtension><gpxtpx:hr>132</gpxtpx:hr><gpxtpx:cad>86</gpxtpx:cad></gpxtpx:TrackPointExtension></extensions>
    </trkpt>
    <trkpt lat="45.525304" lon="-122.555387">
      <ele>200.0</ele>
      <time>2024-03-12T07:56:27.000Z</time>
      <extensions><gpxtpx:TrackPointExtension><gpxtpx:hr>135</gpxtpx:hr><gpxtpx:cad>82</gpxtpx:cad></gpxtpx:TrackPointExtension></extensions>
    </trkpt>
    <trkpt lat="45.525354" lon="-122.555340">
      <ele>200.0</ele>
      <time>2024-03-12T07:56:28.000Z</time>
      <extensions><gpxtpx:TrackPointExtension><gpxtpx:hr>131</gpxtpx:hr><gpxtpx:cad>79</gpxtpx:cad></gpxtpx:TrackPointExtension></extensions>
    </trkpt>
    <trkpt lat="45.525404" lon="-122.555292">
      <ele>200.0</ele>
      <time>2024-03-12T07:56:29.000Z</time>
      <extensions><gpxtpx:TrackPointExtension><gpxtpx:hr>137</gpxtpx:hr><gpxtpx:cad>86</gpxtpx:cad></gpxtpx:TrackPointExtension></extensions>
    </trkpt>
    <trkpt lat="45.525453" lon="-122.555245">
      <ele>200.0</ele>
      <time>2024-03-12T07:56:30.000Z</time>
      <extensions><gpxtpx:TrackPointExtension><gpxtpx:hr>134</gpxtpx:hr><gpxtpx:cad>83</gpxtpx:cad></gpxtpx:TrackPointExtension></extensions>
    </trkpt>
    <trkpt lat="45.525503" lon="-122.555197">
      <ele>200.0</ele>
      <time>2024-03-12T07:56:31.000Z</time>
      <extensions><gpxtpx:TrackPointExtension><gpxtpx:hr>130</gpxtpx:hr><gpxtpx:cad>80</gpxtpx:cad></gpxtpx:TrackPointExtension></extensions>
    </trkpt>
    <trkpt lat="45.525553" lon="-122.555150">
      <ele>200.0</ele>
      <time>2024-03-12T07:56:32.000Z</time>
      <extensions><gpxtpx:TrackPointExtension><gpxtpx:hr>132</gpxtpx:hr><gpxtpx:cad>85</gpxtpx:cad></gpxtpx:TrackPointExtension></extensions>
    </trkpt>
    <trkpt lat="45.525603" lon="-122.555104">
      <ele>200.0</ele>
      <time>2024-03-12T07:56:33.000Z</time>
      <extensions><gpxtpx:TrackPointExtension><gpxtpx:hr>137</gpxtpx:hr><gpxtpx:cad>79</gpxtpx:cad></gpxtpx:TrackPointExtension></extensions>
    </trkpt>
    <trkpt lat="45.525654" lon="-122.555057">
      <ele>200.0</ele>
      <time>2024-03-12T07:56:34.000Z</time>
      <extensions><gpxtpx:TrackPointExtension><gpxtpx:hr>131</gpxtpx:hr><gpxtpx:cad>81</gpxtpx:cad></gpxtpx:TrackPointExtension></extensions>
    </trkpt>
    <trkpt lat="45.525704" lon="-122.555011">
      <ele>200.0</ele>
      <time>2024-03-12T07:56:35.000Z</time>
      <extensions><gpxtpx:TrackPointExtension><gpxtpx:hr>130</gpxtpx:hr><gpxtpx:cad>80</gpxtpx:cad></gpxtpx:TrackPointExtension></extensions>
    </trkpt>
    <trkpt lat="45.525754" lon="-122.554964">
      <ele>200.0</ele>
      <time>2024-03-12T07:56:36.000Z</time>
      <extensions><gpxtpx:TrackPointExtension><gpxtpx:hr>134</gpxtpx:hr><gpxtpx:cad>81</gpxtpx:cad></gpxtpx:TrackPointExtension></extensions>
    </trkpt>
    <trkpt lat="45.525805" lon="-122.554918">
      <ele>200.0</ele>
      <time>2024-03-12T07:56:37.000Z</time>
      <extensions><gpxtpx:TrackPointExtension><gpxtpx:hr>131</gpxtpx:hr><gpxtpx:cad>80</gpxtpx:cad></gpxtpx:TrackPointExtension></extensions>
    </trkpt>
    <trkpt lat="45.525855" lon="-122.554872">
      <ele>200.0</ele>
      <time>2024-03-12T07:56:38.000Z</time>
      <extensions><gpxtpx:TrackPointExtension><gpxtpx:hr>132</gpxtpx:hr><gpxtpx:cad>81</gpxtpx:cad></gpxtpx:TrackPointExtension></extensions>
    </trkpt>
    <trkpt lat="45.525906" lon="-122.554827">
      <ele>200.0</ele>
      <time>2024-03-12T07:56:39.000Z</time>
      <extensions><gpxtpx:TrackPointExtension><gpxtpx:hr>130</gpxtpx:hr><gpxtpx:cad>82</gpxtpx:cad></gpxtpx:TrackPointExtension></extensions>
    </trkpt>
    <trkpt lat="45.525957" lon="-122.554781">
      <ele>200.0</ele>
      <time>2024-03-12T07:56:40.000Z</time>
      <extensions><gpxtpx:TrackPointExtension><gpxtpx:hr>135</gpxtpx:hr><gpxtpx:cad>78</gpxtpx:cad></gpxtpx:TrackPointExtension></extensions>
    </trkpt>
    <trkpt lat="45.526007" lon="-122.554736">
      <ele>200.0</ele>
      <time>2024-03-12T07:56:41.000Z</time>
      <extensions><gpxtpx:TrackPointExtension><gpxtpx:hr>137</gpxtpx:hr><gpxtpx:cad>84</gpxtpx:cad></gpxtpx:TrackPointExtension></extensions>
    </trkpt>
    <trkpt lat="45.526058" lon="-122.554691">
      <ele>200.0</ele>
      <time>2024-03-12T07:56:42.000Z</time>
      <extensions><gpxtpx:TrackPointExtension><gpxtpx:hr>130</gpxtpx:hr><gpxtpx:cad>79</gpxtpx:cad></gpxtpx:TrackPointExtension></extensions>
    </trkpt>
    <trkpt lat="45.526109" lon="-122.554646">
      <ele>200.0</ele>
      <time>2024-03-12T07:56:43.000Z</time>
      <extensions><gpxtpx:TrackPointExtension><gpxtpx:hr>136</gpxtpx:hr><gpxtpx:cad>79</gpxtpx:cad></gpxtpx:TrackPointExtension></extensions>
    </trkpt>
    <trkpt lat="45.526160" lon="-122.554601">
      <ele>200.0</ele>
      <time>2024-03-12T07:56:44.000Z</time>
      <extensions><gpxtpx:TrackPointExtension><gpxtpx:hr>132</gpxtpx:hr><gpxtpx:cad>86</gpxtpx:cad></gpxtpx:TrackPointExtension></extensions>
    </trkpt>
    <trkpt lat="45.526212" lon="-122.554557">
      <ele>200.0</ele>
      <time>2024-03-12T07:56:45.000Z</time>
      <extensions><gpxtpx:TrackPointExtension><gpxtpx:hr>135</gpxtpx:hr><gpxtpx:cad>83</gpxtpx:cad></gpxtpx:TrackPointExtension></extensions>
    </trkpt>
    <trkpt lat="45.526263" lon="-122.554513">
      <ele>200.0</ele>
      <time>2024-03-12T07:56:46.000Z</time>
      <extensions><gpxtpx:TrackPointExtension><gpxtpx:hr>131</gpxtpx:hr><gpxtpx:cad>84</gpxtpx:cad></gpxtpx:TrackPointExtension></extensions>
    </trkpt>
    <trkpt lat="45.526314" lon="-122.554469">
      <ele>200.0</ele>
      <time>2024-03-12T07:56:47.000Z</time>
      <extensions><gpxtpx:TrackPointExtension><gpxtpx:hr>130</gpxtpx:hr><gpxtpx:cad>81</gpxtpx:cad></gpxtpx:TrackPointExtension></extensions>
    </trkpt>
    <trkpt lat="45.526365" lon="-122.554425">
      <ele>200.0</ele>
      <time>2024-03-12T07:56:48.000Z</time>
      <extensions><gpxtpx:TrackPointExtension><gpxtpx:hr>131</gpxtpx:hr><gpxtpx:cad>84</gpxtpx:cad></gpxtpx:TrackPointExtension></extensions>
    </trkpt>
    <trkpt lat="45.526417" lon="-122.554381">
      <ele>200.0</ele>
      <time>2024-03-12T07:56:49.000Z</time>
      <extensions><gpxtpx:TrackPointExtension><gpxtpx:hr>134</gpxtpx:hr><gpxtpx:cad>87</gpxtpx:cad></gpxtpx:TrackPointExtension></extensions>
    </trkpt>
    <trkpt lat="45.526469" lon="-122.554338">
      <ele>200.0</ele>
      <time>2024-03-12T07:56:50.000Z</time>
      <extensions><gpxtpx:TrackPointExtension><gpxtpx:hr>134</gpxtpx:hr><gpxtpx:cad>86</gpxtpx:cad></gpxtpx:TrackPointExtension></extensions>
    </trkpt>
    <trkpt lat="45.526520" lon="-122.554295">
      <ele>200.0</ele>
      <time>2024-03-12T07:56:51.000Z</time>
      <extensions><gpxtpx:TrackPointExtension><gpxtpx:hr>131</gpxtpx:hr><gpxtpx:cad>84</gpxtpx:cad></gpxtpx:TrackPointExtension></extensions>
    </trkpt>
    <trkpt lat="45.526572" lon="-122.554251">
      <ele>200.0</ele>
      <time>2024-03-12T07:56:52.000Z</time>
      <extensions><gpxtpx:TrackPointExtension><gpxtpx:hr>134</gpxtpx:hr><gpxtpx:cad>85</gpxtpx:cad></gpxtpx:TrackPointExtension></extensions>
    </trkpt>
    <trkpt lat="45.526624" lon="-122.554209">
      <ele>200.0</ele>
      <time>2024-03-12T07:56:53.000Z</time>
      <extensions><gpxtpx:TrackPointExtension><gpxtpx:hr>133</gpxtpx:hr><gpxtpx:cad>86</gpxtpx:cad></gpxtpx:TrackPointExtension></extensions>
    </trkpt>
    <trkpt lat="45.526676" lon="-122.554166">
      <ele>200.0</ele>
      <time>2024-03-12T07:56:54.000Z</time>
      <extensions><gpxtpx:TrackPointExtension><gpxtpx:hr>135</gpxtpx:hr><gpxtpx:cad>82</gpxtpx:cad></gpxtpx:TrackPointExtension></extensions>
    </trkpt>
    <trkpt lat="45.526728" lon="-122.554124">
      <ele>200.0</ele>
      <time>2024-03-12T07:56:55.000Z</time>
      <extensions><gpxtpx:TrackPointExtension><gpxtpx:hr>133</gpxtpx:hr><gpxtpx:cad>83</gpxtpx:cad></gpxtpx:TrackPointExtension></extensions>
    </trkpt>
    <trkpt lat="45.526780" lon="-122.554081">
      <ele>200.0</ele>
      <time>2024-03-12T07:56:56.000Z</time>
      <extensions><gpxtpx:TrackPointExtension><gpxtpx:hr>130</gpxtpx:hr><gpxtpx:cad>81</gpxtpx:cad></gpxtpx:TrackPointExtension></extensions>
    </trkpt>
    <trkpt lat="45.526832" lon="-122.554039">
      <ele>200.0</ele>
      <time>2024-03-12T07:56:57.000Z</time>
      <extensions><gpxtpx:TrackPointExtension><gpxtpx:hr>136</gpxtpx:hr><gpxtpx:cad>81</gpxtpx:cad></gpxtpx:TrackPointExtension></extensions>
    </trkpt>
    <trkpt lat="45.526884" lon="-122.553998">
      <ele>200.0</ele>
      <time>2024-03-12T07:56:58.000Z</time>
      <extensions><gpxtpx:TrackPointExtension><gpxtpx:hr>135</gpxtpx:hr><gpxtpx:cad>85</gpxtpx:cad></gpxtpx:TrackPointExtension></extensions>
    </trkpt>
    <trkpt lat="45.526936" lon="-122.553956">
      <ele>200.0</ele>
      <time>2024-03-12T07:56:59.000Z</time>
      <extensions><gpxtpx:TrackPointExtension><gpxtpx:hr>136</gpxtpx:hr><gpxtpx:cad>82</gpxtpx:cad></gpxtpx:TrackPointExtension></extensions>
    </trkpt>
    <trkpt lat="45.526989" lon="-122.553915">
      <ele>200.0</ele>
      <time>2024-03-12T07:57:00.000Z</time>
      <extensions><gpxtpx:TrackPointExtension><gpxtpx:hr>129</gpxtpx:hr><gpxtpx:cad>77</gpxtpx:cad></gpxtpx:TrackPointExtension></extensions>
    </trkpt>
    <trkpt lat="45.527041" lon="-122.553873">
      <ele>200.0</ele>
      <time>2024-03-12T07:57:01.000Z</time>
      <extensions><gpxtpx:TrackPointExtension><gpxtpx:hr>131</gpxtpx:hr><gpxtpx:cad>85</gpxtpx:cad></gpxtpx:TrackPointExtension></extensions>
    </trkpt>
    <trkpt lat="45.527094" lon="-122.553832">
      <ele>200.0</ele>
      <time>2024-03-12T07:57:02.000Z</time>
      <extensions><gpxtpx:TrackPointExtension><gpxtpx:hr>129</gpxtpx:hr><gpxtpx:cad>78</gpxtpx:cad></gpxtpx:TrackPointExtension></extensions>
    </trkpt>
    <trkpt lat="45.527147" lon="-122.553792">
      <ele>200.0</ele>
      <time>2024-03-12T07:57:03.000Z</time>
      <extensions><gpxtpx:TrackPointExtension><gpxtpx:hr>136</gpxtpx:hr><gpxtpx:cad>85</gpxtpx:cad></gpxtpx:TrackPointExtension></extensions>
    </trkpt>
    <trkpt lat="45.527199" lon="-122.553751">
      <ele>200.0</ele>
      <time>2024-03-12T07:57:04.000Z</time>
      <extensions><gpxtpx:TrackPointExtension><gpxtpx:hr>136</gpxtpx:hr><gpxtpx:cad>79</gpxtpx:cad></gpxtpx:TrackPointExtension></extensions>
    </trkpt>
    <trkpt lat="45.527252" lon="-122.553711">
      <ele>200.0</ele>
      <time>2024-03-12T07:57:05.000Z</time>
      <extensions><gpxtpx:TrackPointExtension><gpxtpx:hr>136</gpxtpx:hr><gpxtpx:cad>77</gpxtpx:cad></gpxtpx:TrackPointExtension></extensions>
    </trkpt>
    <trkpt lat="45.527305" lon="-122.553671">
      <ele>200.0</ele>
      <time>2024-03-12T07:57:06.000Z</time>
      <extensions><gpxtpx:TrackPointExtension><gpxtpx:hr>130</gpxtpx:hr><gpxtpx:cad>86</gpxtpx:cad></gpxtpx:TrackPointExtension></extensions>
    </trkpt>
    <trkpt lat="45.527358" lon="-122.553631">
      <ele>200.0</ele>
      <time>2024-03-12T07:57:07.000Z</time>
      <extensions><gpxtpx:TrackPointExtension><gpxtpx:hr>137</gpxtpx:hr><gpxtpx:cad>78</gpxtpx:cad></gpxtpx:TrackPointExtension></extensions>
    </trkpt>
    <trkpt lat="45.527411" lon="-122.553591">
      <ele>200.0</ele>
      <time>2024-03-12T07:57:08.000Z</time>
      <extensions><gpxtpx:TrackPointExtension><gpxtpx:hr>132</gpxtpx:hr><gpxtpx:cad>83</gpxtpx:cad></gpxtpx:TrackPointExtension></extensions>
    </trkpt>
    <trkpt lat="45.527464" lon="-122.553551">
      <ele>200.0</ele>
      <time>2024-03-12T07:57:09.000Z</time>
      <extensions><gpxtpx:TrackPointExtension><gpxtpx:hr>135</gpxtpx:hr><gpxtpx:cad>82</gpxtpx:cad></gpxtpx:TrackPointExtension></extensions>
    </trkpt>
    <trkpt lat="45.527517" lon="-122.553512">
      <ele>200.0</ele>
      <time>2024-03-12T07:57:10.000Z</time>
      <extensions><gpxtpx:TrackPointExtension><gpxtpx:hr>132</gpxtpx:hr><gpxtpx:cad>84</gpxtpx:cad></gpxtpx:TrackPointExtension></extensions>
    </trkpt>
    <trkpt lat="45.527570" lon="-122.553473">
      <ele>200.0</ele>
      <time>2024-03-12T07:57:11.000Z</time>
      <extensions><gpxtpx:TrackPointExtension><gpxtpx:hr>131</gpxtpx:hr><gpxtpx:cad>86</gpxtpx:cad></gpxtpx:TrackPointExtension></extensions>
    </trkpt>
    <trkpt lat="45.527624" lon="-122.553434">
      <ele>200.0</ele>
      <time>2024-03-12T07:57:12.000Z</time>
      <extensions><gpxtpx:TrackPointExtension><gpxtpx:hr>132</gpxtpx:hr><gpxtpx:cad>84</gpxtpx:cad></gpxtpx:TrackPointExtension></extensions>
    </trkpt>
    <trkpt lat="45.527677" lon="-122.553396">
      <ele>200.0</ele>
      <time>2024-03-12T07:57:13.000Z</time>
      <extensions><gpxtpx:TrackPointExtension><gpxtpx:hr>131</gpxtpx:hr><gpxtpx:cad>79</gpxtpx:cad></gpxtpx:TrackPointExtension></extensions>
    </trkpt>
    <trkpt lat="45.527731" lon="-122.553357">
      <ele>200.0</ele>
      <time>2024-03-12T07:57:14.000Z</time>
      <extensions><gpxtpx:TrackPointExtension><gpxtpx:hr>136</gpxtpx:hr><gpxtpx:cad>80</gpxtpx:cad></gpxtpx:TrackPointExtension></extensions>
    </trkpt>
    <trkpt lat="45.527784" lon="-122.553319">
      <ele>200.0</ele>
      <time>2024-03-12T07:57:15.000Z</time>
      <extensions><gpxtpx:TrackPointExtension><gpxtpx:hr>135</gpxtpx:hr><gpxtpx:cad>82</gpxtpx:cad></gpxtpx:TrackPointExtension></extensions>
    </trkpt>
    <trkpt lat="45.527838" lon="-122.553281">
      <ele>200.0</ele>
      <time>2024-03-12T07:57:16.000Z</time>
      <extensions><gpxtpx:TrackPointExtension><gpxtpx:hr>137</gpxtpx:hr><gpxtpx:cad>86</gpxtpx:cad></gpxtpx:TrackPointExtension></extensions>
    </trkpt>
    <trkpt lat="45.527892" lon="-122.553243">
      <ele>200.0</ele>
      <time>2024-03-12T07:57:17.000Z</time>
      <extensions><gpxtpx:TrackPointExtension><gpxtpx:hr>129</gpxtpx:hr><gpxtpx:cad>79</gpxtpx:cad></gpxtpx:TrackPointExtension></extensions>
    </trkpt>
    <trkpt lat="45.527945" lon="-122.553205">
      <ele>200.0</ele>
      <time>2024-03-12T07:57:18.000Z</time>
      <extensions><gpxtpx:TrackPointExtension><gpxtpx:hr>134</gpxtpx:hr><gpxtpx:cad>83</gpxtpx:cad></gpxtpx:TrackPointExtension></extensions>
    </trkpt>
    <trkpt lat="45.527999" lon="-122.553168">
      <ele>200.0</ele>
      <time>2024-03-12T07:57:19.000Z</time>
      <extensions><gpxtpx:TrackPointExtension><gpxtpx:hr>137</gpxtpx:hr><gpxtpx:cad>78</gpxtpx:cad></gpxtpx:TrackPointExtension></extensions>
    </trkpt>
    <trkpt lat="45.528053" lon="-122.553131">
      <ele>200.0</ele>
      <time>2024-03-12T07:57:20.000Z</time>
      <extensions><gpxtpx:TrackPointExtension><gpxtpx:hr>137</gpxtpx:hr><gpxtpx:cad>87</gpxtpx:cad></gpxtpx:TrackPointExtension></extensions>
    </trkpt>
    <trkpt lat="45.528107" lon="-122.553094">
      <ele>200.0</ele>
      <time>2024-03-12T07:57:21.000Z</time>
      <extensions><gpxtpx:TrackPointExtension><gpxtpx:hr>132</gpxtpx:hr><gpxtpx:cad>82</gpxtpx:cad></gpxtpx:TrackPointExtension></extensions>
    </trkpt>
    <trkpt lat="45.528161" lon="-122.553057">
      <ele>200.0</ele>
      <time>2024-03-12T07:57:22.000Z</time>
      <extensions><gpxtpx:TrackPointExtension><gpxtpx:hr>136</gpxtpx:hr><gpxtpx:cad>79</gpxtpx:cad></gpxtpx:TrackPointExtension></extensions>
    </trkpt>
    <trkpt lat="45.528215" lon="-122.553020">
      <ele>200.0</ele>
      <time>2024-03-12T07:57:23.000Z</time>
      <extensions><gpxtpx:TrackPointExtension><gpxtpx:hr>135</gpxtpx:hr><gpxtpx:cad>81</gpxtpx:cad></gpxtpx:TrackPointExtension></extensions>
    </trkpt>
    <trkpt lat="45.528270" lon="-122.552984">
      <ele>200.0</ele>
      <time>2024-03-12T07:57:24.000Z</time>
      <extensions><gpxtpx:TrackPointExtension><gpxtpx:hr>136</gpxtpx:hr><gpxtpx:cad>86</gpxtpx:cad></gpxtpx:TrackPointExtension></extensions>
    </trkpt>
    <trkpt lat="45.528324" lon="-122.552948">
      <ele>200.0</ele>
      <time>2024-03-12T07:57:25.000Z</time>
      <extensions><gpxtpx:TrackPointExtension><gpxtpx:hr>131</gpxtpx:hr><gpxtpx:cad>83</gpxtpx:cad></gpxtpx:TrackPointExtension></extensions>
    </trkpt>
    <trkpt lat="45.528378" lon="-122.552912">
      <ele>200.0</ele>
      <time>2024-03-12T07:57:26.000Z</time>
      <extensions><gpxtpx:TrackPointExtension><gpxtpx:hr>135</gpxtpx:hr><gpxtpx:cad>83</gpxtpx:cad></gpxtpx:TrackPointExtension></extensions>
    </trkpt>
    <trkpt lat="45.528433" lon="-122.552876">
      <ele>200.0</ele>
      <time>2024-03-12T07:57:27.000Z</time>
      <extensions><gpxtpx:TrackPointExtension><gpxtpx:hr>133</gpxtpx:hr><gpxtpx:cad>85</gpxtpx:cad></gpxtpx:TrackPointExtension></extensions>
    </trkpt>
    <trkpt lat="45.528487" lon="-122.552841">
      <ele>200.0</ele>
      <time>2024-03-12T07:57:28.000Z</time>
      <extensions><gpxtpx:TrackPointExtension><gpxtpx:hr>134</gpxtpx:hr><gpxtpx:cad>81</gpxtpx:cad></gpxtpx:TrackPointExtension></extensions>
    </trkpt>
    <trkpt lat="45.528542" lon="-122.552805">
      <ele>200.0</ele>
      <time>2024-03-12T07:57:29.000Z</time>
      <extensions><gpxtpx:TrackPointExtension><gpxtpx:hr>134</gpxtpx:hr><gpxtpx:cad>85</gpxtpx:cad></gpxtpx:TrackPointExtension></extensions>
    </trkpt>
    <trkpt lat="45.528596" lon="-122.552770">
      <ele>200.0</ele>
      <time>2024-03-12T07:57:30.000Z</time>
      <extensions><gpxtpx:TrackPointExtension><gpxtpx:hr>132</gpxtpx:hr><gpxtpx:cad>78</gpxtpx:cad></gpxtpx:TrackPointExtension></extensions>
    </trkpt>
    <trkpt lat="45.528651" lon="-122.552735">
      <ele>200.0</ele>
      <time>2024-03-12T07:57:31.000Z</time>
      <extensions><gpxtpx:TrackPointExtension><gpxtpx:hr>135</gpxtpx:hr><gpxtpx:cad>82</gpxtpx:cad></gpxtpx:TrackPointExtension></extensions>
    </trkpt>
    <trkpt lat="45.528706" lon="-122.552701">
      <ele>200.0</ele>
      <time>2024-03-12T07:57:32.000Z</time>
      <extensions><gpxtpx:TrackPointExtension><gpxtpx:hr>136</gpxtpx:hr><gpxtpx:cad>77</gpxtpx:cad></gpxtpx:TrackPointExtension></extensions>
    </trkpt>
    <trkpt lat="45.528760" lon="-122.552666">
      <ele>200.0</ele>
      <time>2024-03-12T07:57:33.000Z</time>
      <extensions><gpxtpx:TrackPointExtension><gpxtpx:hr>135</gpxtpx:hr><gpxtpx:cad>78</gpxtpx:cad></gpxtpx:TrackPointExtension></extensions>
    </trkpt>
    <trkpt lat="45.528815" lon="-122.552632">
      <ele>200.0</ele>
      <time>2024-03-12T07:57:34.000Z</time>
      <extensions><gpxtpx:TrackPointExtension><gpxtpx:hr>133</gpxtpx:hr><gpxtpx:cad>79</gpxtpx:cad></gpxtpx:TrackPointExtension></extensions>
    </trkpt>
    <trkpt lat="45.528870" lon="-122.552598">
      <ele>200.0</ele>
      <time>2024-03-12T07:57:35.000Z</time>
      <extensions><gpxtpx:TrackPointExtension><gpxtpx:hr>134</gpxtpx:hr><gpxtpx:cad>85</gpxtpx:cad></gpxtpx:TrackPointExtension></extensions>
    </trkpt>
    <trkpt lat="45.528925" lon="-122.552564">
      <ele>200.0</ele>
      <time>2024-03-12T07:57:36.000Z</time>
      <extensions><gpxtpx:TrackPointExtension><gpxtpx:hr>134</gpxtpx:hr><gpxtpx:cad>80</gpxtpx:cad></gpxtpx:TrackPointExtension></extensions>
    </trkpt>
    <trkpt lat="45.528980" lon="-122.552530">
      <ele>200.0</ele>
      <time>2024-03-12T07:57:37.000Z</time>
      <extensions><gpxtpx:TrackPointExtension><gpxtpx:hr>133</gpxtpx:hr><gpxtpx:cad>80</gpxtpx:cad></gpxtpx:TrackPointExtension></extensions>
    </trkpt>
    <trkpt lat="45.529035" lon="-122.552497">
      <ele>200.0</ele>
      <time>2024-03-12T07:57:38.000Z</time>
      <extensions><gpxtpx:TrackPointExtension><gpxtpx:hr>131</gpxtpx:hr><gpxtpx:cad>87</gpxtpx:cad></gpxtpx:TrackPointExtension></extensions>
    </trkpt>
    <trkpt lat="45.529090" lon="-122.552464">
      <ele>200.0</ele>
      <time>2024-03-12T07:57:39.000Z</time>
      <extensions><gpxtpx:TrackPointExtension><gpxtpx:hr>130</gpxtpx:hr><gpxtpx:cad>81</gpxtpx:cad></gpxtpx:TrackPointExtension></extensions>
    </trkpt>
    <trkpt lat="45.529146" lon="-122.552431">
      <ele>200.0</ele>
      <time>2024-03-12T07:57:40.000Z</time>
      <extensions><gpxtpx:TrackPointExtension><gpxtpx:hr>135</gpxtpx:hr><gpxtpx:cad>84</gpxtpx:cad></gpxtpx:TrackPointExtension></extensions>
    </trkpt>
    <trkpt lat="45.529201" lon="-122.552398">
      <ele>200.0</ele>
      <time>2024-03-12T07:57:41.000Z</time>
      <extensions><gpxtpx:TrackPointExtension><gpxtpx:hr>132</gpxtpx:hr><gpxtpx:cad>78</gpxtpx:cad></gpxtpx:TrackPointExtension></extensions>
    </trkpt>
    <trkpt lat="45.529256" lon="-122.552365">
      <ele>200.0</ele>
      <time>2024-03-12T07:57:42.000Z</time>
      <extensions><gpxtpx:TrackPointExtension><gpxtpx:hr>134</gpxtpx:hr><gpxtpx:cad>81</gpxtpx:cad></gpxtpx:TrackPointExtension></extensions>
    </trkpt>
    <trkpt lat="45.529312" lon="-122.552333">
      <ele>200.0</ele>
      <time>2024-03-12T07:57:43.000Z</time>
      <extensions><gpxtpx:TrackPointExtension><gpxtpx:hr>130</gpxtpx:hr><gpxtpx:cad>83</gpxtpx:cad></gpxtpx:TrackPointExtension></extensions>
    </trkpt>
    <trkpt lat="45.529367" lon="-122.552301">
      <ele>200.0</ele>
      <time>2024-03-12T07:57:44.000Z</time>
      <extensions><gpxtpx:TrackPointExtension><gpxtpx:hr>134</gpxtpx:hr><gpxtpx:cad>77</gpxtpx:cad></gpxtpx:TrackPointExtension></extensions>
    </trkpt>
    <trkpt lat="45.529423" lon="-122.552269">
      <ele>200.0</ele>
      <time>2024-03-12T07:57:45.000Z</time>
      <extensions><gpxtpx:TrackPointExtension><gpxtpx:hr>132</gpxtpx:hr><gpxtpx:cad>79</gpxtpx:cad></gpxtpx:TrackPointExtension></extensions>
    </trkpt>
    <trkpt lat="45.529478" lon="-122.552237">
      <ele>200.0</ele>
      <time>2024-03-12T07:57:46.000Z</time>
      <extensions><gpxtpx:TrackPointExtension><gpxtpx:hr>131</gpxtpx:hr><gpxtpx:cad>82</gpxtpx:cad></gpxtpx:TrackPointExtension></extensions>
    </trkpt>
    <trkpt lat="45.529534" lon="-122.552205">
      <ele>200.0</ele>
      <time>2024-03-12T07:57:47.000Z</time>
      <extensions><gpxtpx:TrackPointExtension><gpxtpx:hr>136</gpxtpx:hr><gpxtpx:cad>77</gpxtpx:cad></gpxtpx:TrackPointExtension></extensions>
    </trkpt>
    <trkpt lat="45.529590" lon="-122.552174">
      <ele>200.0</ele>
      <time>2024-03-12T07:57:48.000Z</time>
      <extensions><gpxtpx:TrackPointExtension><gpxtpx:hr>132</gpxtpx:hr><gpxtpx:cad>80</gpxtpx:cad></gpxtpx:TrackPointExtension></extensions>
    </trkpt>
    <trkpt lat="45.529645" lon="-122.552143">
      <ele>200.0</ele>
      <time>2024-03-12T07:57:49.000Z</time>
      <extensions><gpxtpx:TrackPointExtension><gpxtpx:hr>137</gpxtpx:hr><gpxtpx:cad>82</gpxtpx:cad></gpxtpx:TrackPointExtension></extensions>
    </trkpt>
    <trkpt lat="45.529701" lon="-122.552112">
      <ele>200.0</ele>
      <time>2024-03-12T07:57:50.000Z</time>
      <extensions><gpxtpx:TrackPointExtension><gpxtpx:hr>136</gpxtpx:hr><gpxtpx:cad>87</gpxtpx:cad></gpxtpx:TrackPointExtension></extensions>
    </trkpt>
    <trkpt lat="45.529757" lon="-122.552081">
      <ele>200.0</ele>
      <time>2024-03-12T07:57:51.000Z</time>
      <extensions><gpxtpx:TrackPointExtension><gpxtpx:hr>129</gpxtpx:hr><gpxtpx:cad>78</gpxtpx:cad></gpxtpx:TrackPointExtension></extensions>
    </trkpt>
    <trkpt lat="45.529813" lon="-122.552050">
      <ele>200.0</ele>
      <time>2024-03-12T07:57:52.000Z</time>
      <extensions><gpxtpx:TrackPointExtension><gpxtpx:hr>131</gpxtpx:hr><gpxtpx:cad>83</gpxtpx:cad></gpxtpx:TrackPointExtension></extensions>
    </trkpt>
    <trkpt lat="45.529869" lon="-122.552020">
      <ele>200.0</ele>
      <time>2024-03-12T07:57:53.000Z</time>
      <extensions><gpxtpx:TrackPointExtension><gpxtpx:hr>136</gpxtpx:hr><gpxtpx:cad>78</gpxtpx:cad></gpxtpx:TrackPointExtension></extensions>
    </trkpt>
    <trkpt lat="45.529925" lon="-122.551990">
      <ele>200.0</ele>
      <time>2024-03-12T07:57:54.000Z</time>
      <extensions><gpxtpx:TrackPointExtension><gpxtpx:hr>130</gpxtpx:hr><gpxtpx:cad>83</gpxtpx:cad></gpxtpx:TrackPointExtension></extensions>
    </trkpt>
    <trkpt lat="45.529981" lon="-122.551960">
      <ele>200.0</ele>
      <time>2024-03-12T07:57:55.000Z</time>
      <extensions><gpxtpx:TrackPointExtension><gpxtpx:hr>131</gpxtpx:hr><gpxtpx:cad>80</gpxtpx:cad></gpxtpx:TrackPointExtension></extensions>
    </trkpt>
    <trkpt lat="45.530037" lon="-122.551930">
      <ele>200.0</ele>
      <time>2024-03-12T07:57:56.000Z</time>
      <extensions><gpxtpx:TrackPointExtension><gpxtpx:hr>132</gpxtpx:hr><gpxtpx:cad>86</gpxtpx:cad></gpxtpx:TrackPointExtension></extensions>
    </trkpt>
    <trkpt lat="45.530093" lon="-122.551900">
      <ele>200.0</ele>
      <time>2024-03-12T07:57:57.000Z</time>
      <extensions><gpxtpx:TrackPointExtension><gpxtpx:hr>136</gpxtpx:hr><gpxtpx:cad>78</gpxtpx:cad></gpxtpx:TrackPointExtension></extensions>
    </trkpt>
    <trkpt lat="45.530150" lon="-122.551871">
      <ele>200.0</ele>
      <time>2024-03-12T07:57:58.000Z</time>
      <extensions><gpxtpx:TrackPointExtension><gpxtpx:hr>136</gpxtpx:hr><gpxtpx:cad>86</gpxtpx:cad></gpxtpx:TrackPointExtension></extensions>
    </trkpt>
    <trkpt lat="45.530206" lon="-122.551842">
      <ele>200.0</ele>
      <time>2024-03-12T07:57:59.000Z</time>
      <extensions><gpxtpx:TrackPointExtension><gpxtpx:hr>135</gpxtpx:hr><gpxtpx:cad>79</gpxtpx:cad></gpxtpx:TrackPointExtension></extensions>
    </trkpt>
    <trkpt lat="45.530262" lon="-122.551813">
      <ele>200.0</ele>
      <time>2024-03-12T07:58:00.000Z</time>
      <extensions><gpxtpx:TrackPointExtension><gpxtpx:hr>134</gpxtpx:hr><gpxtpx:cad>84</gpxtpx:cad></gpxtpx:TrackPointExtension></extensions>
    </trkpt>
    <trkpt lat="45.530319" lon="-122.551784">
      <ele>200.0</ele>
      <time>2024-03-12T07:58:01.000Z</time>
      <extensions><gpxtpx:TrackPointExtension><gpxtpx:hr>133</gpxtpx:hr><gpxtpx:cad>82</gpxtpx:cad></gpxtpx:TrackPointExtension></extensions>
    </trkpt>
    <trkpt lat="45.530375" lon="-122.551755">
      <ele>200.0</ele>
      <time>2024-03-12T07:58:02.000Z</time>
      <extensions><gpxtpx:TrackPointExtension><gpxtpx:hr>134</gpxtpx:hr><gpxtpx:cad>77</gpxtpx:cad></gpxtpx:TrackPointExtension></extensions>
    </trkpt>
    <trkpt lat="45.530432" lon="-122.551727">
      <ele>200.0</ele>
      <time>2024-03-12T07:58:03.000Z</time>
      <extensions><gpxtpx:TrackPointExtension><gpxtpx:hr>132</gpxtpx:hr><gpxtpx:cad>79</gpxtpx:cad></gpxtpx:TrackPointExtension></extensions>
    </trkpt>
    <trkpt lat="45.530488" lon="-122.551698">
      <ele>200.0</ele>
      <time>2024-03-12T07:58:04.000Z</time>
      <extensions><gpxtpx:TrackPointExtension><gpxtpx:hr>136</gpxtpx:hr><gpxtpx:cad>79</gpxtpx:cad></gpxtpx:TrackPointExtension></extensions>
    </trkpt>
    <trkpt lat="45.530545" lon="-122.551670">
      <ele>200.0</ele>
      <time>2024-03-12T07:58:05.000Z</time>
      <extensions><gpxtpx:TrackPointExtension><gpxtpx:hr>134</gpxtpx:hr><gpxtpx:cad>83</gpxtpx:cad></gpxtpx:TrackPointExtension></extensions>
    </trkpt>
    <trkpt lat="45.530601" lon="-122.551643">
      <ele>200.0</ele>
      <time>2024-03-12T07:58:06.000Z</time>
      <extensions><gpxtpx:TrackPointExtension><gpxtpx:hr>130</gpxtpx:hr><gpxtpx:cad>82</gpxtpx:cad></gpxtpx:TrackPointExtension></extensions>
    </trkpt>
    <trkpt lat="45.530658" lon="-122.551615">
      <ele>200.0</ele>
      <time>2024-03-12T07:58:07.000Z</time>
      <extensions><gpxtpx:TrackPointExtension><gpxtpx:hr>135</gpxtpx:hr><gpxtpx:cad>77</gpxtpx:cad></gpxtpx:TrackPointExtension></extensions>
    </trkpt>
    <trkpt lat="45.530715" lon="-122.551587">
      <ele>200.0</ele>
      <time>2024-03-12T07:58:08.000Z</time>
      <extensions><gpxtpx:TrackPointExtension><gpxtpx:hr>132</gpxtpx:hr><gpxtpx:cad>82</gpxtpx:cad></gpxtpx:TrackPointExtension></extensions>
    </trkpt>
    <trkpt lat="45.530771" lon="-122.551560">
      <ele>200.0</ele>
      <time>2024-03-12T07:58:09.000Z</time>
      <extensions><gpxtpx:TrackPointExtension><gpxtpx:hr>133</gpxtpx:hr><gpxtpx:cad>82</gpxtpx:cad></gpxtpx:TrackPointExtension></extensions>
    </trkpt>
    <trkpt lat="45.530828" lon="-122.551533">
      <ele>200.0</ele>
      <time>2024-03-12T07:58:10.000Z</time>
      <extensions><gpxtpx:TrackPointExtension><gpxtpx:hr>131</gpxtpx:hr><gpxtpx:cad>82</gpxtpx:cad></gpxtpx:TrackPointExtension></extensions>
    </trkpt>
    <trkpt lat="45.530885" lon="-122.551506">
      <ele>200.0</ele>
      <time>2024-03-12T07:58:11.000Z</time>
      <extensions><gpxtpx:TrackPointExtension><gpxtpx:hr>135</gpxtpx:hr><gpxtpx:cad>86</gpxtpx:cad></gpxtpx:TrackPointExtension></extensions>
    </trkpt>
    <trkpt lat="45.530942" lon="-122.551479">
      <ele>200.0</ele>
      <time>2024-03-12T07:58:12.000Z</time>
      <extensions><gpxtpx:TrackPointExtension><gpxtpx:hr>136</gpxtpx:hr><gpxtpx:cad>81</gpxtpx:cad></gpxtpx:TrackPointExtension></extensions>
    </trkpt>
    <trkpt lat="45.530999" lon="-122.551453">
      <ele>200.0</ele>
      <time>2024-03-12T07:58:13.000Z</time>
      <extensions><gpxtpx:TrackPointExtension><gpxtpx:hr>131</gpxtpx:hr><gpxtpx:cad>82</gpxtpx:cad></gpxtpx:TrackPointExtension></extensions>
    </trkpt>
    <trkpt lat="45.531056" lon="-122.551427">
      <ele>200.0</ele>
      <time>2024-03-12T07:58:14.000Z</time>
      <extensions><gpxtpx:TrackPointExtension><gpxtpx:hr>134</gpxtpx:hr><gpxtpx:cad>80</gpxtpx:cad></gpxtpx:TrackPointExtension></extensions>
    </trkpt>
    <trkpt lat="45.531113" lon="-122.551400">
      <ele>200.0</ele>
      <time>2024-03-12T07:58:15.000Z</time>
      <extensions><gpxtpx:TrackPointExtension><gpxtpx:hr>132</gpxtpx:hr><gpxtpx:cad>80</gpxtpx:cad></gpxtpx:TrackPointExtension></extensions>
    </trkpt>
    <trkpt lat="45.531170" lon="-122.551374">
      <ele>200.0</ele>
      <time>2024-03-12T07:58:16.000Z</time>
      <extensions><gpxtpx:TrackPointExtension><gpxtpx:hr>137</gpxtpx:hr><gpxtpx:cad>87</gpxtpx:cad></gpxtpx:TrackPointExtension></extensions>
    </trkpt>
    <trkpt lat="45.531227" lon="-122.551349">
      <ele>200.0</ele>
      <time>2024-03-12T07:58:17.000Z</time>
      <extensions><gpxtpx:TrackPointExtension><gpxtpx:hr>137</gpxtpx:hr><gpxtpx:cad>81</gpxtpx:cad></gpxtpx:TrackPointExtension></extensions>
    </trkpt>
    <trkpt lat="45.531284" lon="-122.551323">
      <ele>200.0</ele>
      <time>2024-03-12T07:58:18.000Z</time>
      <extensions><gpxtpx:TrackPointExtension><gpxtpx:hr>137</gpxtpx:hr><gpxtpx:cad>83</gpxtpx:cad></gpxtpx:TrackPointExtension></extensions>
    </trkpt>
    <trkpt lat="45.531341" lon="-122.551297">
      <ele>200.0</ele>
      <time>2024-03-12T07:58:19.000Z</time>
      <extensions><gpxtpx:TrackPointExtension><gpxtpx:hr>137</gpxtpx:hr><gpxtpx:cad>83</gpxtpx:cad></gpxtpx:TrackPointExtension></extensions>
    </trkpt>
    <trkpt lat="45.531399" lon="-122.551272">
      <ele>200.0</ele>
      <time>2024-03-12T07:58:20.000Z</time>
      <extensions><gpxtpx:TrackPointExtension><gpxtpx:hr>134</gpxtpx:hr><gpxtpx:cad>84</gpxtpx:cad></gpxtpx:TrackPointExtension></extensions>
    </trkpt>
    <trkpt lat="45.531456" lon="-122.551247">
      <ele>200.0</ele>
      <time>2024-03-12T07:58:21.000Z</time>
      <extensions><gpxtpx:TrackPointExtension><gpxtpx:hr>137</gpxtpx:hr><gpxtpx:cad>85</gpxtpx:cad></gpxtpx:TrackPointExtension></extensions>
    </trkpt>
    <trkpt lat="45.531513" lon="-122.551222">
      <ele>200.0</ele>
      <time>2024-03-12T07:58:22.000Z</time>
      <extensions><gpxtpx:TrackPointExtension><gpxtpx:hr>136</gpxtpx:hr><gpxtpx:cad>79</gpxtpx:cad></gpxtpx:TrackPointExtension></extensions>
    </trkpt>
    <trkpt lat="45.531570" lon="-122.551197">
      <ele>200.0</ele>
      <time>2024-03-12T07:58:23.000Z</time>
      <extensions><gpxtpx:TrackPointExtension><gpxtpx:hr>130</gpxtpx:hr><gpxtpx:cad>84</gpxtpx:cad></gpxtpx:TrackPointExtension></extensions>
    </trkpt>
    <trkpt lat="45.531628" lon="-122.551173">
      <ele>200.0</ele>
      <time>2024-03-12T07:58:24.000Z</time>
      <extensions><gpxtpx:TrackPointExtension><gpxtpx:hr>136</gpxtpx:hr><gpxtpx:cad>80</gpxtpx:cad></gpxtpx:TrackPointExtension></extensions>
    </trkpt>
    <trkpt lat="45.531685" lon="-122.551148">
      <ele>200.0</ele>
      <time>2024-03-12T07:58:25.000Z</time>
      <extensions><gpxtpx:TrackPointExtension><gpxtpx:hr>136</gpxtpx:hr><gpxtpx:cad>78</gpxtpx:cad></gpxtpx:TrackPointExtension></extensions>
    </trkpt>
    <trkpt lat="45.531743" lon="-122.551124">
      <ele>200.0</ele>
      <time>2024-03-12T07:58:26.000Z</time>
      <extensions><gpxtpx:TrackPointExtension><gpxtpx:hr>130</gpxtpx:hr><gpxtpx:cad>87</gpxtpx:cad></gpxtpx:TrackPointExtension></extensions>
    </trkpt>
    <trkpt lat="45.531800" lon="-122.551100">
      <ele>200.0</ele>
      <time>2024-03-12T07:58:27.000Z</time>
      <extensions><gpxtpx:TrackPointExtension><gpxtpx:hr>130</gpxtpx:hr><gpxtpx:cad>78</gpxtpx:cad></gpxtpx:TrackPointExtension></extensions>
    </trkpt>
    <trkpt lat="45.531858" lon="-122.551076">
      <ele>200.0</ele>
      <time>2024-03-12T07:58:28.000Z</time>
      <extensions><gpxtpx:TrackPointExtension><gpxtpx:hr>136</gpxtpx:hr><gpxtpx:cad>78</gpxtpx:cad></gpxtpx:TrackPointExtension></extensions>
    </trkpt>
    <trkpt lat="45.531915" lon="-122.551052">
      <ele>200.0</ele>
      <time>2024-03-12T07:58:29.000Z</time>
      <extensions><gpxtpx:TrackPointExtension><gpxtpx:hr>131</gpxtpx:hr><gpxtpx:cad>83</gpxtpx:cad></gpxtpx:TrackPointExtension></extensions>
    </trkpt>
    <trkpt lat="45.531973" lon="-122.551029">
      <ele>200.0</ele>
      <time>2024-03-12T07:58:30.000Z</time>
      <extensions><gpxtpx:TrackPointExtension><gpxtpx:hr>133</gpxtpx:hr><gpxtpx:cad>85</gpxtpx:cad></gpxtpx:TrackPointExtension></extensions>
    </trkpt>
    <trkpt lat="45.532030" lon="-122.551005">
      <ele>200.0</ele>
      <time>2024-03-12T07:58:31.000Z</time>
      <extensions><gpxtpx:TrackPointExtension><gpxtpx:hr>134</gpxtpx:hr><gpxtpx:cad>78</gpxtpx:cad></gpxtpx:TrackPointExtension></extensions>
    </trkpt>
    <trkpt lat="45.532088" lon="-122.550982">
      <ele>200.0</ele>
      <time>2024-03-12T07:58:32.000Z</time>
      <extensions><gpxtpx:TrackPointExtension><gpxtpx:hr>135</gpxtpx:hr><gpxtpx:cad>80</gpxtpx:cad></gpxtpx:TrackPointExtension></extensions>
    </trkpt>
    <trkpt lat="45.532146" lon="-122.550959">
      <ele>200.0</ele>
      <time>2024-03-12T07:58:33.000Z</time>
      <extensions><gpxtpx:TrackPointExtension><gpxtpx:hr>136</gpxtpx:hr><gpxtpx:cad>79</gpxtpx:cad></gpxtpx:TrackPointExtension></extensions>
    </trkpt>
    <trkpt lat="45.532203" lon="-122.550936">
      <ele>200.0</ele>
      <time>2024-03-12T07:58:34.000Z</time>
      <extensions><gpxtpx:TrackPointExtension><gpxtpx:hr>131</gpxtpx:hr><gpxtpx:cad>84</gpxtpx:cad></gpxtpx:TrackPointExtension></extensions>
    </trkpt>
    <trkpt lat="45.532261" lon="-122.550913">
      <ele>200.0</ele>
      <time>2024-03-12T07:58:35.000Z</time>
      <extensions><gpxtpx:TrackPointExtension><gpxtpx:hr>137</gpxtpx:hr><gpxtpx:cad>82</gpxtpx:cad></gpxtpx:TrackPointExtension></extensions>
    </trkpt>
    <trkpt lat="45.532319" lon="-122.550891">
      <ele>200.0</ele>
      <time>2024-03-12T07:58:36.000Z</time>
      <extensions><gpxtpx:TrackPointExtension><gpxtpx:hr>132</gpxtpx:hr><gpxtpx:cad>86</gpxtpx:cad></gpxtpx:TrackPointExtension></extensions>
    </trkpt>
    <trkpt lat="45.532377" lon="-122.550868">
      <ele>200.0</ele>
      <time>2024-03-12T07:58:37.000Z</time>
      <extensions><gpxtpx:TrackPointExtension><gpxtpx:hr>135</gpxtpx:hr><gpxtpx:cad>87</gpxtpx:cad></gpxtpx:TrackPointExtension></extensions>
    </trkpt>
    <trkpt lat="45.532434" lon="-122.550846">
      <ele>200.0</ele>
      <time>2024-03-12T07:58:38.000Z</time>
      <extensions><gpxtpx:TrackPointExtension><gpxtpx:hr>137</gpxtpx:hr><gpxtpx:cad>85</gpxtpx:cad></gpxtpx:TrackPointExtension></extensions>
    </trkpt>
    <trkpt lat="45.532492" lon="-122.550824">
      <ele>200.0</ele>
      <time>2024-03-12T07:58:39.000Z</time>
      <extensions><gpxtpx:TrackPointExtension><gpxtpx:hr>133</gpxtpx:hr><gpxtpx:cad>83</gpxtpx:cad></gpxtpx:TrackPointExtension></extensions>
    </trkpt>
    <trkpt lat="45.532550" lon="-122.550802">
      <ele>200.0</ele>
      <time>2024-03-12T07:58:40.000Z</time>
      <extensions><gpxtpx:TrackPointExtension><gpxtpx:hr>130</gpxtpx:hr><gpxtpx:cad>78</gpxtpx:cad></gpxtpx:TrackPointExtension></extensions>
    </trkpt>
    <trkpt lat="45.532608" lon="-122.550780">
      <ele>200.0</ele>
      <time>2024-03-12T07:58:41.000Z</time>
      <extensions><gpxtpx:TrackPointExtension><gpxtpx:hr>137</gpxtpx:hr><gpxtpx:cad>77</gpxtpx:cad></gpxtpx:TrackPointExtension></extensions>
    </trkpt>
    <trkpt lat="45.532666" lon="-122.550759">
      <ele>200.0</ele>
      <time>2024-03-12T07:58:42.000Z</time>
      <extensions><gpxtpx:TrackPointExtension><gpxtpx:hr>134</gpxtpx:hr><gpxtpx:cad>82</gpxtpx:cad></gpxtpx:TrackPointExtension></extensions>
    </trkpt>
    <trkpt lat="45.532724" lon="-122.550737">
      <ele>200.0</ele>
      <time>2024-03-12T07:58:43.000Z</time>
      <extensions><gpxtpx:TrackPointExtension><gpxtpx:hr>136</gpxtpx:hr><gpxtpx:cad>86</gpxtpx:cad></gpxtpx:TrackPointExtension></extensions>
    </trkpt>
    <trkpt lat="45.532782" lon="-122.550716">
      <ele>200.0</ele>
      <time>2024-03-12T07:58:44.000Z</time>
      <extensions><gpxtpx:TrackPointExtension><gpxtpx:hr>134</gpxtpx:hr><gpxtpx:cad>85</gpxtpx:cad></gpxtpx:TrackPointExtension></extensions>
    </trkpt>
    <trkpt lat="45.532840" lon="-122.550694">
      <ele>200.0</ele>
      <time>2024-03-12T07:58:45.000Z</time>
      <extensions><gpxtpx:TrackPointExtension><gpxtpx:hr>130</gpxtpx:hr><gpxtpx:cad>81</gpxtpx:cad></gpxtpx:TrackPointExtension></extensions>
    </trkpt>
    <trkpt lat="45.532898" lon="-122.550673">
      <ele>200.0</ele>
      <time>2024-03-12T07:58:46.000Z</time>
      <extensions><gpxtpx:TrackPointExtension><gpxtpx:hr>137</gpxtpx:hr><gpxtpx:cad>86</gpxtpx:cad></gpxtpx:TrackPointExtension></extensions>
    </trkpt>
    <trkpt lat="45.532956" lon="-122.550652">
      <ele>200.0</ele>
      <time>2024-03-12T07:58:47.000Z</time>
      <extensions><gpxtpx:TrackPointExtension><gpxtpx:hr>135</gpxtpx:hr><gpxtpx:cad>78</gpxtpx:cad></gpxtpx:TrackPointExtension></extensions>
    </trkpt>
    <trkpt lat="45.533014" lon="-122.550632">
      <ele>200.0</ele>
      <time>2024-03-12T07:58:48.000Z</time>
      <extensions><gpxtpx:TrackPointExtension><gpxtpx:hr>134</gpxtpx:hr><gpxtpx:cad>81</gpxtpx:cad></gpxtpx:TrackPointExtension></extensions>
    </trkpt>
    <trkpt lat="45.533072" lon="-122.550611">
      <ele>200.0</ele>
      <time>2024-03-12T07:58:49.000Z</time>
      <extensions><gpxtpx:TrackPointExtension><gpxtpx:hr>133</gpxtpx:hr><gpxtpx:cad>79</gpxtpx:cad></gpxtpx:TrackPointExtension></extensions>
    </trkpt>
    <trkpt lat="45.533130" lon="-122.550590">
      <ele>200.0</ele>
      <time>2024-03-12T07:58:50.000Z</time>
      <extensions><gpxtpx:TrackPointExtension><gpxtpx:hr>130</gpxtpx:hr><gpxtpx:cad>82</gpxtpx:cad></gpxtpx:TrackPointExtension></extensions>
    </trkpt>
    <trkpt lat="45.533188" lon="-122.550570">
      <ele>200.0</ele>
      <time>2024-03-12T07:58:51.000Z</time>
      <extensions><gpxtpx:TrackPointExtension><gpxtpx:hr>137</gpxtpx:hr><gpxtpx:cad>81</gpxtpx:cad></gpxtpx:TrackPointExtension></extensions>
    </trkpt>
    <trkpt lat="45.533247" lon="-122.550550">
      <ele>200.0</ele>
      <time>2024-03-12T07:58:52.000Z</time>
      <extensions><gpxtpx:TrackPointExtension><gpxtpx:hr>135</gpxtpx:hr><gpxtpx:cad>79</gpxtpx:cad></gpxtpx:TrackPointExtension></extensions>
    </trkpt>
    <trkpt lat="45.533305" lon="-122.550530">
      <ele>200.0</ele>
      <time>2024-03-12T07:58:53.000Z</time>
      <extensions><gpxtpx:TrackPointExtension><gpxtpx:hr>137</gpxtpx:hr><gpxtpx:cad>84</gpxtpx:cad></gpxtpx:TrackPointExtension></extensions>
    </trkpt>
    <trkpt lat="45.533363" lon="-122.550510">
      <ele>200.0</ele>
      <time>2024-03-12T07:58:54.000Z</time>
      <extensions><gpxtpx:TrackPointExtension><gpxtpx:hr>133</gpxtpx:hr><gpxtpx:cad>80</gpxtpx:cad></gpxtpx:TrackPointExtension></extensions>
    </trkpt>
    <trkpt lat="45.533421" lon="-122.550490">
      <ele>200.0</ele>
      <time>2024-03-12T07:58:55.000Z</time>
      <extensions><gpxtpx:TrackPointExtension><gpxtpx:hr>135</gpxtpx:hr><gpxtpx:cad>78</gpxtpx:cad></gpxtpx:TrackPointExtension></extensions>
    </trkpt>
    <trkpt lat="45.533480" lon="-122.550470">
      <ele>200.0</ele>
      <time>2024-03-12T07:58:56.000Z</time>
      <extensions><gpxtpx:TrackPointExtension><gpxtpx:hr>137</gpxtpx:hr><gpxtpx:cad>86</gpxtpx:cad></gpxtpx:TrackPointExtension></extensions>
    </trkpt>
    <trkpt lat="45.533538" lon="-122.550450">
      <ele>200.0</ele>
      <time>2024-03-12T07:58:57.000Z</time>
      <extensions><gpxtpx:TrackPointExtension><gpxtpx:hr>134</gpxtpx:hr><gpxtpx:cad>82</gpxtpx:cad></gpxtpx:TrackPointExtension></extensions>
    </trkpt>
    <trkpt lat="45.533596" lon="-122.550431">
      <ele>200.0</ele>
      <time>2024-03-12T07:58:58.000Z</time>
      <extensions><gpxtpx:TrackPointExtension><gpxtpx:hr>137</gpxtpx:hr><gpxtpx:cad>78</gpxtpx:cad></gpxtpx:TrackPointExtension></extensions>
    </trkpt>
    <trkpt lat="45.533655" lon="-122.550411">
      <ele>200.0</ele>
      <time>2024-03-12T07:58:59.000Z</time>
      <extensions><gpxtpx:TrackPointExtension><gpxtpx:hr>131</gpxtpx:hr><gpxtpx:cad>87</gpxtpx:cad></gpxtpx:TrackPointExtension></extensions>
    </trkpt>
    <trkpt lat="45.533713" lon="-122.550392">
      <ele>200.0</ele>
      <time>2024-03-12T07:59:00.000Z</time>
      <extensions><gpxtpx:TrackPointExtension><gpxtpx:hr>136</gpxtpx:hr><gpxtpx:cad>82</gpxtpx:cad></gpxtpx:TrackPointExtension></extensions>
    </trkpt>
    <trkpt lat="45.533771" lon="-122.550373">
      <ele>200.0</ele>
      <time>2024-03-12T07:59:01.000Z</time>
      <extensions><gpxtpx:TrackPointExtension><gpxtpx:hr>135</gpxtpx:hr><gpxtpx:cad>78</gpxtpx:cad></gpxtpx:TrackPointExtension></extensions>
    </trkpt>
    <trkpt lat="45.533830" lon="-122.550354">
      <ele>200.0</ele>
      <time>2024-03-12T07:59:02.000Z</time>
      <extensions><gpxtpx:TrackPointExtension><gpxtpx:hr>133</gpxtpx:hr><gpxtpx:cad>84</gpxtpx:cad></gpxtpx:TrackPointExtension></extensions>
    </trkpt>
    <trkpt lat="45.533888" lon="-122.550335">
      <ele>200.0</ele>
      <time>2024-03-12T07:59:03.000Z</time>
      <extensions><gpxtpx:TrackPointExtension><gpxtpx:hr>131</gpxtpx:hr><gpxtpx:cad>79</gpxtpx:cad></gpxtpx:TrackPointExtension></extensions>
    </trkpt>
    <trkpt lat="45.533946" lon="-122.550316">
      <ele>200.0</ele>
      <time>2024-03-12T07:59:04.000Z</time>
      <extensions><gpxtpx:TrackPointExtension><gpxtpx:hr>133</gpxtpx:hr><gpxtpx:cad>82</gpxtpx:cad></gpxtpx:TrackPointExtension></extensions>
    </trkpt>
    <trkpt lat="45.534005" lon="-122.550298">
      <ele>200.0</ele>
      <time>2024-03-12T07:59:05.000Z</time>
      <extensions><gpxtpx:TrackPointExtension><gpxtpx:hr>137</gpxtpx:hr><gpxtpx:cad>84</gpxtpx:cad></gpxtpx:TrackPointExtension></extensions>
    </trkpt>
    <trkpt lat="45.534063" lon="-122.550279">
      <ele>200.0</ele>
      <time>2024-03-12T07:59:06.000Z</time>
      <extensions><gpxtpx:TrackPointExtension><gpxtpx:hr>133</gpxtpx:hr><gpxtpx:cad>77</gpxtpx:cad></gpxtpx:TrackPointExtension></extensions>
    </trkpt>
    <trkpt lat="45.534122" lon="-122.550261">
      <ele>200.0</ele>
      <time>2024-03-12T07:59:07.000Z</time>
      <extensions><gpxtpx:TrackPointExtension><gpxtpx:hr>130</gpxtpx:hr><gpxtpx:cad>86</gpxtpx:cad></gpxtpx:TrackPointExtension></extensions>
    </trkpt>
    <trkpt lat="45.534180" lon="-122.550243">
      <ele>200.0</ele>
      <time>2024-03-12T07:59:08.000Z</time>
      <extensions><gpxtpx:TrackPointExtension><gpxtpx:hr>132</gpxtpx:hr><gpxtpx:cad>84</gpxtpx:cad></gpxtpx:TrackPointExtension></extensions>
    </trkpt>
    <trkpt lat="45.534239" lon="-122.550224">
      <ele>200.0</ele>
      <time>2024-03-12T07:59:09.000Z</time>
      <extensions><gpxtpx:TrackPointExtension><gpxtpx:hr>130</gpxtpx:hr><gpxtpx:cad>80</gpxtpx:cad></gpxtpx:TrackPointExtension></extensions>
    </trkpt>
    <trkpt lat="45.534297" lon="-122.550206">
      <ele>200.0</ele>
      <time>2024-03-12T07:59:10.000Z</time>
      <extensions><gpxtpx:TrackPointExtension><gpxtpx:hr>134</gpxtpx:hr><gpxtpx:cad>80</gpxtpx:cad></gpxtpx:TrackPointExtension></extensions>
    </trkpt>
    <trkpt lat="45.534356" lon="-122.550188">
      <ele>200.0</ele>
      <time>2024-03-12T07:59:11.000Z</time>
      <extensions><gpxtpx:TrackPointExtension><gpxtpx:hr>135</gpxtpx:hr><gpxtpx:cad>82</gpxtpx:cad></gpxtpx:TrackPointExtension></extensions>
    </trkpt>
    <trkpt lat="45.534414" lon="-122.550170">
      <ele>200.0</ele>
      <time>2024-03-12T07:59:12.000Z</time>
      <extensions><gpxtpx:TrackPointExtension><gpxtpx:hr>136</gpxtpx:hr><gpxtpx:cad>81</gpxtpx:cad></gpxtpx:TrackPointExtension></extensions>
    </trkpt>
    <trkpt lat="45.534473" lon="-122.550152">
      <ele>200.0</ele>
      <time>2024-03-12T07:59:13.000Z</time>
      <extensions><gpxtpx:TrackPointExtension><gpxtpx:hr>137</gpxtpx:hr><gpxtpx:cad>80</gpxtpx:cad></gpxtpx:TrackPointExtension></extensions>
    </trkpt>
    <trkpt lat="45.534532" lon="-122.550135">
      <ele>200.0</ele>
      <time>2024-03-12T07:59:14.000Z</time>
      <extensions><gpxtpx:TrackPointExtension><gpxtpx:hr>132</gpxtpx:hr><gpxtpx:cad>80</gpxtpx:cad></gpxtpx:TrackPointExtension></extensions>
    </trkpt>
    <trkpt lat="45.534590" lon="-122.550117">
      <ele>200.0</ele>
      <time>2024-03-12T07:59:15.000Z</time>
      <extensions><gpxtpx:TrackPointExtension><gpxtpx:hr>135</gpxtpx:hr><gpxtpx:cad>84</gpxtpx:cad></gpxtpx:TrackPointExtension></extensions>
    </trkpt>
    <trkpt lat="45.534649" lon="-122.550100">
      <ele>200.0</ele>
      <time>2024-03-12T07:59:16.000Z</time>
      <extensions><gpxtpx:TrackPointExtension><gpxtpx:hr>132</gpxtpx:hr><gpxtpx:cad>85</gpxtpx:cad></gpxtpx:TrackPointExtension></extensions>
    </trkpt>
    <trkpt lat="45.534707" lon="-122.550082">
      <ele>200.0</ele>
      <time>2024-03-12T07:59:17.000Z</time>
      <extensions><gpxtpx:TrackPointExtension><gpxtpx:hr>135</gpxtpx:hr><gpxtpx:cad>85</gpxtpx:cad></gpxtpx:TrackPointExtension></extensions>
    </trkpt>
    <trkpt lat="45.534766" lon="-122.550065">
      <ele>200.0</ele>
      <time>2024-03-12T07:59:18.000Z</time>
      <extensions><gpxtpx:TrackPointExtension><gpxtpx:hr>130</gpxtpx:hr><gpxtpx:cad>78</gpxtpx:cad></gpxtpx:TrackPointExtension></extensions>
    </trkpt>
    <trkpt lat="45.534825" lon="-122.550048">
      <ele>200.0</ele>
      <time>2024-03-12T07:59:19.000Z</time>
      <extensions><gpxtpx:TrackPointExtension><gpxtpx:hr>137</gpxtpx:hr><gpxtpx:cad>85</gpxtpx:cad></gpxtpx:TrackPointExtension></extensions>
    </trkpt>
    <trkpt lat="45.534883" lon="-122.550031">
      <ele>200.0</ele>
      <time>2024-03-12T07:59:20.000Z</time>
      <extensions><gpxtpx:TrackPointExtension><gpxtpx:hr>133</gpxtpx:hr><gpxtpx:cad>81</gpxtpx:cad></gpxtpx:TrackPointExtension></extensions>
    </trkpt>
    <trkpt lat="45.534942" lon="-122.550013">
      <ele>200.0</ele>
      <time>2024-03-12T07:59:21.000Z</time>
      <extensions><gpxtpx:TrackPointExtension><gpxtpx:hr>137</gpxtpx:hr><gpxtpx:cad>86</gpxtpx:cad></gpxtpx:TrackPointExtension></extensions>
    </trkpt>
    <trkpt lat="45.535001" lon="-122.549996">
      <ele>200.0</ele>
      <time>2024-03-12T07:59:22.000Z</time>
      <extensions><gpxtpx:TrackPointExtension><gpxtpx:hr>130</gpxtpx:hr><gpxtpx:cad>81</gpxtpx:cad></gpxtpx:TrackPointExtension></extensions>
    </trkpt>
    <trkpt lat="45.535060" lon="-122.549980">
      <ele>200.0</ele>
      <time>2024-03-12T07:59:23.000Z</time>
      <extensions><gpxtpx:TrackPointExtension><gpxtpx:hr>131</gpxtpx:hr><gpxtpx:cad>82</gpxtpx:cad></gpxtpx:TrackPointExtension></extensions>
    </trkpt>
    <trkpt lat="45.535118" lon="-122.549963">
      <ele>200.0</ele>
      <time>2024-03-12T07:59:24.000Z</time>
      <extensions><gpxtpx:TrackPointExtension><gpxtpx:hr>137</gpxtpx:hr><gpxtpx:cad>87</gpxtpx:cad></gpxtpx:TrackPointExtension></extensions>
    </trkpt>
    <trkpt lat="45.535177" lon="-122.549946">
      <ele>200.0</ele>
      <time>2024-03-12T07:59:25.000Z</time>
      <extensions><gpxtpx:TrackPointExtension><gpxtpx:hr>130</gpxtpx:hr><gpxtpx:cad>83</gpxtpx:cad></gpxtpx:TrackPointExtension></extensions>
    </trkpt>
    <trkpt lat="45.535236" lon="-122.549929">
      <ele>200.0</ele>
      <time>2024-03-12T07:59:26.000Z</time>
      <extensions><gpxtpx:TrackPointExtension><gpxtpx:hr>133</gpxtpx:hr><gpxtpx:cad>80</gpxtpx:cad></gpxtpx:TrackPointExtension></extensions>
    </trkpt>
    <trkpt lat="45.535294" lon="-122.549913">
      <ele>200.0</ele>
      <time>2024-03-12T07:59:27.000Z</time>
      <extensions><gpxtpx:TrackPointExtension><gpxtpx:hr>129</gpxtpx:hr><gpxtpx:cad>83</gpxtpx:cad></gpxtpx:TrackPointExtension></extensions>
    </trkpt>
    <trkpt lat="45.535353" lon="-122.549896">
      <ele>200.0</ele>
      <time>2024-03-12T07:59:28.000Z</time>
      <extensions><gpxtpx:TrackPointExtension><gpxtpx:hr>134</gpxtpx:hr><gpxtpx:cad>81</gpxtpx:cad></gpxtpx:TrackPointExtension></extensions>
    </trkpt>
    <trkpt lat="45.535412" lon="-122.549880">
      <ele>200.0</ele>
      <time>2024-03-12T07:59:29.000Z</time>
      <extensions><gpxtpx:TrackPointExtension><gpxtpx:hr>132</gpxtpx:hr><gpxtpx:cad>85</gpxtpx:cad></gpxtpx:TrackPointExtension></extensions>
    </trkpt>
    <trkpt lat="45.535471" lon="-122.549863">
      <ele>200.0</ele>
      <time>2024-03-12T07:59:30.000Z</time>
      <extensions><gpxtpx:TrackPointExtension><gpxtpx:hr>134</gpxtpx:hr><gpxtpx:cad>86</gpxtpx:cad></gpxtpx:TrackPointExtension></extensions>
    </trkpt>
    <trkpt lat="45.535530" lon="-122.549847">
      <ele>200.0</ele>
      <time>2024-03-12T07:59:31.000Z</time>
      <extensions><gpxtpx:TrackPointExtension><gpxtpx:hr>136</gpxtpx:hr><gpxtpx:cad>83</gpxtpx:cad></gpxtpx:TrackPointExtension></extensions>
    </trkpt>
    <trkpt lat="45.535588" lon="-122.549831">
      <ele>200.0</ele>
      <time>2024-03-12T07:59:32.000Z</time>
      <extensions><gpxtpx:TrackPointExtension><gpxtpx:hr>137</gpxtpx:hr><gpxtpx:cad>80</gpxtpx:cad></gpxtpx:TrackPointExtension></extensions>
    </trkpt>
    <trkpt lat="45.535647" lon="-122.549815">
      <ele>200.0</ele>
      <time>2024-03-12T07:59:33.000Z</time>
      <extensions><gpxtpx:TrackPointExtension><gpxtpx:hr>134</gpxtpx:hr><gpxtpx:cad>86</gpxtpx:cad></gpxtpx:TrackPointExtension></extensions>
    </trkpt>
    <trkpt lat="45.535706" lon="-122.549798">
      <ele>200.0</ele>
      <time>2024-03-12T07:59:34.000Z</time>
      <extensions><gpxtpx:TrackPointExtension><gpxtpx:hr>131</gpxtpx:hr><gpxtpx:cad>79</gpxtpx:cad></gpxtpx:TrackPointExtension></extensions>
    </trkpt>
    <trkpt lat="45.535765" lon="-122.549782">
      <ele>200.0</ele>
      <time>2024-03-12T07:59:35.000Z</time>
      <extensions><gpxtpx:TrackPointExtension><gpxtpx:hr>136</gpxtpx:hr><gpxtpx:cad>84</gpxtpx:cad></gpxtpx:TrackPointExtension></extensions>
    </trkpt>
    <trkpt lat="45.535824" lon="-122.549766">
      <ele>200.0</ele>
      <time>2024-03-12T07:59:36.000Z</time>
      <extensions><gpxtpx:TrackPointExtension><gpxtpx:hr>135</gpxtpx:hr><gpxtpx:cad>83</gpxtpx:cad></gpxtpx:TrackPointExtension></extensions>
    </trkpt>
    <trkpt lat="45.535882" lon="-122.549750">
      <ele>200.0</ele>
      <time>2024-03-12T07:59:37.000Z</time>
      <extensions><gpxtpx:TrackPointExtension><gpxtpx:hr>131</gpxtpx:hr><gpxtpx:cad>87</gpxtpx:cad></gpxtpx:TrackPointExtension></extensions>
    </trkpt>
    <trkpt lat="45.535941" lon="-122.549734">
      <ele>200.0</ele>
      <time>2024-03-12T07:59:38.000Z</time>
      <extensions><gpxtpx:TrackPointExtension><gpxtpx:hr>134</gpxtpx:hr><gpxtpx:cad>83</gpxtpx:cad></gpxtpx:TrackPointExtension></extensions>
    </trkpt>
    <trkpt lat="45.536000" lon="-122.549719">
      <ele>200.0</ele>
      <time>2024-03-12T07:59:39.000Z</time>
      <extensions><gpxtpx:TrackPointExtension><gpxtpx:hr>136</gpxtpx:hr><gpxtpx:cad>85</gpxtpx:cad></gpxtpx:TrackPointExtension></extensions>
    </trkpt>
    <trkpt lat="45.536059" lon="-122.549703">
      <ele>200.0</ele>
      <time>2024-03-12T07:59:40.000Z</time>
      <extensions><gpxtpx:TrackPointExtension><gpxtpx:hr>135</gpxtpx:hr><gpxtpx:cad>78</gpxtpx:cad></gpxtpx:TrackPointExtension></extensions>
    </trkpt>
    <trkpt lat="45.536118" lon="-122.549687">
      <ele>200.0</ele>
      <time>2024-03-12T07:59:41.000Z</time>
      <extensions><gpxtpx:TrackPointExtension><gpxtpx:hr>135</gpxtpx:hr><gpxtpx:cad>86</gpxtpx:cad></gpxtpx:TrackPointExtension></extensions>
    </trkpt>
    <trkpt lat="45.536177" lon="-122.549671">
      <ele>200.0</ele>
      <time>2024-03-12T07:59:42.000Z</time>
      <extensions><gpxtpx:TrackPointExtension><gpxtpx:hr>129</gpxtpx:hr><gpxtpx:cad>79</gpxtpx:cad></gpxtpx:TrackPointExtension></extensions>
    </trkpt>
    <trkpt lat="45.536236" lon="-122.549656">
      <ele>200.0</ele>
      <time>2024-03-12T07:59:43.000Z</time>
      <extensions><gpxtpx:TrackPointExtension><gpxtpx:hr>130</gpxtpx:hr><gpxtpx:cad>78</gpxtpx:cad></gpxtpx:TrackPointExtension></extensions>
    </trkpt>
    <trkpt lat="45.536294" lon="-122.549640">
      <ele>200.0</ele>
      <time>2024-03-12T07:59:44.000Z</time>
      <extensions><gpxtpx:TrackPointExtension><gpxtpx:hr>134</gpxtpx:hr><gpxtpx:cad>78</gpxtpx:cad></gpxtpx:TrackPointExtension></extensions>
    </trkpt>
    <trkpt lat="45.536353" lon="-122.549624">
      <ele>200.0</ele>
      <time>2024-03-12T07:59:45.000Z</time>
      <extensions><gpxtpx:TrackPointExtension><gpxtpx:hr>136</gpxtpx:hr><gpxtpx:cad>78</gpxtpx:cad></gpxtpx:TrackPointExtension></extensions>
    </trkpt>
    <trkpt lat="45.536412" lon="-122.549609">
      <ele>200.0</ele>
      <time>2024-03-12T07:59:46.000Z</time>
      <extensions><gpxtpx:TrackPointExtension><gpxtpx:hr>129</gpxtpx:hr><gpxtpx:cad>82</gpxtpx:cad></gpxtpx:TrackPointExtension></extensions>
    </trkpt>
    <trkpt lat="45.536471" lon="-122.549593">
      <ele>200.0</ele>
      <time>2024-03-12T07:59:47.000Z</time>
      <extensions><gpxtpx:TrackPointExtension><gpxtpx:hr>132</gpxtpx:hr><gpxtpx:cad>82</gpxtpx:cad></gpxtpx:TrackPointExtension></extensions>
    </trkpt>
    <trkpt lat="45.536530" lon="-122.549578">
      <ele>200.0</ele>
      <time>2024-03-12T07:59:48.000Z</time>
      <extensions><gpxtpx:TrackPointExtension><gpxtpx:hr>131</gpxtpx:hr><gpxtpx:cad>86</gpxtpx:cad></gpxtpx:TrackPointExtension></extensions>
    </trkpt>
    <trkpt lat="45.536589" lon="-122.549562">
      <ele>200.0</ele>
      <time>2024-03-12T07:59:49.000Z</time>
      <extensions><gpxtpx:TrackPointExtension><gpxtpx:hr>131</gpxtpx:hr><gpxtpx:cad>82</gpxtpx:cad></gpxtpx:TrackPointExtension></extensions>
    </trkpt>
    <trkpt lat="45.536648" lon="-122.549547">
      <ele>200.0</ele>
      <time>2024-03-12T07:59:50.000Z</time>
      <extensions><gpxtpx:TrackPointExtension><gpxtpx:hr>133</gpxtpx:hr><gpxtpx:cad>81</gpxtpx:cad></gpxtpx:TrackPointExtension></extensions>
    </trkpt>
    <trkpt lat="45.536707" lon="-122.549531">
      <ele>200.0</ele>
      <time>2024-03-12T07:59:51.000Z</time>
      <extensions><gpxtpx:TrackPointExtension><gpxtpx:hr>134</gpxtpx:hr><gpxtpx:cad>84</gpxtpx:cad></gpxtpx:TrackPointExtension></extensions>
    </trkpt>
    <trkpt lat="45.536766" lon="-122.549516">
      <ele>200.0</ele>
      <time>2024-03-12T07:59:52.000Z</time>
      <extensions><gpxtpx:TrackPointExtension><gpxtpx:hr>132</gpxtpx:hr><gpxtpx:cad>85</gpxtpx:cad></gpxtpx:TrackPointExtension></extensions>
    </trkpt>
    <trkpt lat="45.536825" lon="-122.549501">
      <ele>200.0</ele>
      <time>2024-03-12T07:59:53.000Z</time>
      <extensions><gpxtpx:TrackPointExtension><gpxtpx:hr>137</gpxtpx:hr><gpxtpx:cad>83</gpxtpx:cad></gpxtpx:TrackPointExtension></extensions>
    </trkpt>
    <trkpt lat="45.536883" lon="-122.549485">
      <ele>200.0</ele>
      <time>2024-03-12T07:59:54.000Z</time>
      <extensions><gpxtpx:TrackPointExtension><gpxtpx:hr>135</gpxtpx:hr><gpxtpx:cad>79</gpxtpx:cad></gpxtpx:TrackPointExtension></extensions>
    </trkpt>
    <trkpt lat="45.536942" lon="-122.549470">
      <ele>200.0</ele>
      <time>2024-03-12T07:59:55.000Z</time>
      <extensions><gpxtpx:TrackPointExtension><gpxtpx:hr>130</gpxtpx:hr><gpxtpx:cad>78</gpxtpx:cad></gpxtpx:TrackPointExtension></extensions>
    </trkpt>
    <trkpt lat="45.537001" lon="-122.549455">
      <ele>200.0</ele>
      <time>2024-03-12T07:59:56.000Z</time>
      <extensions><gpxtpx:TrackPointExtension><gpxtpx:hr>135</gpxtpx:hr><gpxtpx:cad>78</gpxtpx:cad></gpxtpx:TrackPointExtension></extensions>
    </trkpt>
    <trkpt lat="45.537060" lon="-122.549439">
      <ele>200.0</ele>
      <time>2024-03-12T07:59:57.000Z</time>
      <extensions><gpxtpx:TrackPointExtension><gpxtpx:hr>134</gpxtpx:hr><gpxtpx:cad>84</gpxtpx:cad></gpxtpx:TrackPointExtension></extensions>
    </trkpt>
    <trkpt lat="45.537119" lon="-122.549424">
      <ele>200.0</ele>
      <time>2024-03-12T07:59:58.000Z</time>
      <extensions><gpxtpx:TrackPointExtension><gpxtpx:hr>132</gpxtpx:hr><gpxtpx:cad>86</gpxtpx:cad></gpxtpx:TrackPointExtension></extensions>
    </trkpt>
    <trkpt lat="45.537178" lon="-122.549409">
      <ele>200.0</ele>
      <time>2024-03-12T07:59:59.000Z</time>
      <extensions><gpxtpx:TrackPointExtension><gpxtpx:hr>133</gpxtpx:hr><gpxtpx:cad>80</gpxtpx:cad></gpxtpx:TrackPointExtension></extensions>
    </trkpt>
    <trkpt lat="45.537237" lon="-122.549393">
      <ele>200.0</ele>
      <time>2024-03-12T08:00:00.000Z</time>
      <extensions><gpxtpx:TrackPointExtension><gpxtpx:hr>131</gpxtpx:hr><gpxtpx:cad>79</gpxtpx:cad></gpxtpx:TrackPointExtension></extensions>
    </trkpt>
  </trkseg></trk>
</gpx>
